ISO-10303-21;
HEADER;
FILE_DESCRIPTION (( 'STEP AP214' ),
    '1' );
FILE_NAME ('BNC-LR-PC-1(40).STEP',
    '2024-02-28T08:33:02',
    ( '' ),
    ( '' ),
    'SwSTEP 2.0',
    'SolidWorks 2023',
    '' );
FILE_SCHEMA (( 'AUTOMOTIVE_DESIGN' ));
ENDSEC;

DATA;
#1 = SURFACE_SIDE_STYLE ('',( #1336 ) ) ;
#2 = ORIENTED_EDGE ( 'NONE', *, *, #970, .T. ) ;
#3 = CARTESIAN_POINT ( 'NONE',  ( 5.500000000000000000, -5.500000000000000000, 0.5000000000000000000 ) ) ;
#4 = LINE ( 'NONE', #1331, #1903 ) ;
#5 = EDGE_CURVE ( 'NONE', #2045, #1379, #51, .T. ) ;
#6 = EDGE_CURVE ( 'NONE', #601, #2173, #234, .T. ) ;
#7 = DIRECTION ( 'NONE',  ( 0.000000000000000000, 0.000000000000000000, -1.000000000000000000 ) ) ;
#8 = APPLICATION_CONTEXT ( 'automotive_design' ) ;
#9 = ORIENTED_EDGE ( 'NONE', *, *, #1913, .T. ) ;
#10 = CARTESIAN_POINT ( 'NONE',  ( 0.4159455222370231353, -5.500000000000000000, 14.88765595810222386 ) ) ;
#11 = ORIENTED_EDGE ( 'NONE', *, *, #2181, .F. ) ;
#12 = AXIS2_PLACEMENT_3D ( 'NONE', #2317, #21, #598 ) ;
#13 = CLOSED_SHELL ( 'NONE', ( #68, #2468, #2115, #139, #1953, #1396 ) ) ;
#14 = DIRECTION ( 'NONE',  ( -1.000000000000000000, -0.000000000000000000, -0.000000000000000000 ) ) ;
#15 = CARTESIAN_POINT ( 'NONE',  ( -18.64999999999999858, 0.000000000000000000, 11.59044357663862890 ) ) ;
#16 = AXIS2_PLACEMENT_3D ( 'NONE', #1818, #88, #679 ) ;
#17 = EDGE_CURVE ( 'NONE', #1303, #883, #116, .T. ) ;
#18 = VECTOR ( 'NONE', #1134, 1000.000000000000000 ) ;
#19 = VECTOR ( 'NONE', #1857, 1000.000000000000000 ) ;
#20 = PRESENTATION_STYLE_ASSIGNMENT (( #1961 ) ) ;
#21 = DIRECTION ( 'NONE',  ( 0.000000000000000000, -3.491481338843133355E-15, -1.000000000000000000 ) ) ;
#22 = DIRECTION ( 'NONE',  ( 0.000000000000000000, -1.000000000000000000, 0.000000000000000000 ) ) ;
#23 =( GEOMETRIC_REPRESENTATION_CONTEXT ( 3 ) GLOBAL_UNCERTAINTY_ASSIGNED_CONTEXT ( ( #2142 ) ) GLOBAL_UNIT_ASSIGNED_CONTEXT ( ( #309, #463, #1039 ) ) REPRESENTATION_CONTEXT ( 'NONE', 'WORKASPACE' ) );
#24 = EDGE_CURVE ( 'NONE', #1006, #2292, #653, .T. ) ;
#25 = DIRECTION ( 'NONE',  ( 0.000000000000000000, 0.000000000000000000, -1.000000000000000000 ) ) ;
#26 = VERTEX_POINT ( 'NONE', #1114 ) ;
#27 = PRESENTATION_STYLE_ASSIGNMENT (( #433 ) ) ;
#28 = PRESENTATION_STYLE_ASSIGNMENT (( #1359 ) ) ;
#29 = ORIENTED_EDGE ( 'NONE', *, *, #1811, .T. ) ;
#30 = EDGE_LOOP ( 'NONE', ( #2179, #1229, #120, #84 ) ) ;
#31 = EDGE_CURVE ( 'NONE', #2393, #2031, #1315, .T. ) ;
#32 = ORIENTED_EDGE ( 'NONE', *, *, #1456, .F. ) ;
#33 = FACE_OUTER_BOUND ( 'NONE', #349, .T. ) ;
#34 = FACE_OUTER_BOUND ( 'NONE', #240, .T. ) ;
#35 = ADVANCED_FACE ( 'NONE', ( #516 ), #979, .F. ) ;
#36 = ORIENTED_EDGE ( 'NONE', *, *, #2362, .F. ) ;
#37 = DIRECTION ( 'NONE',  ( -1.000000000000000000, 0.000000000000000000, 0.000000000000000000 ) ) ;
#38 = LINE ( 'NONE', #1579, #1319 ) ;
#39 = DIRECTION ( 'NONE',  ( 0.000000000000000000, 0.000000000000000000, 1.000000000000000000 ) ) ;
#40 = DIRECTION ( 'NONE',  ( 0.000000000000000000, 1.000000000000000000, 0.000000000000000000 ) ) ;
#41 = EDGE_LOOP ( 'NONE', ( #945, #2114, #2227, #1344 ) ) ;
#42 = DIRECTION ( 'NONE',  ( -0.000000000000000000, 1.000000000000000000, 1.224646799147353207E-16 ) ) ;
#43 = EDGE_CURVE ( 'NONE', #2062, #2229, #159, .T. ) ;
#44 = DIRECTION ( 'NONE',  ( -1.000000000000000000, -0.000000000000000000, -0.000000000000000000 ) ) ;
#45 = DIRECTION ( 'NONE',  ( 1.000000000000000000, 0.000000000000000000, -0.000000000000000000 ) ) ;
#46 = ORIENTED_EDGE ( 'NONE', *, *, #723, .T. ) ;
#47 = EDGE_CURVE ( 'NONE', #186, #562, #327, .T. ) ;
#48 = DIRECTION ( 'NONE',  ( 0.000000000000000000, 0.000000000000000000, 1.000000000000000000 ) ) ;
#49 = ORIENTED_EDGE ( 'NONE', *, *, #2019, .T. ) ;
#50 = CARTESIAN_POINT ( 'NONE',  ( -15.40000000000000036, -3.816391647148975608E-14, 4.905497790976926176 ) ) ;
#51 = CIRCLE ( 'NONE', #1664, 1.499999999999999778 ) ;
#52 = DIRECTION ( 'NONE',  ( -1.000000000000000000, -0.000000000000000000, -0.000000000000000000 ) ) ;
#53 = MECHANICAL_DESIGN_GEOMETRIC_PRESENTATION_REPRESENTATION (  '', ( #656 ), #747 ) ;
#54 = COLOUR_RGB ( '',0.8627450980392157298, 0.5882352941176470784, 0.06274509803921568540 ) ;
#55 = DIRECTION ( 'NONE',  ( -0.000000000000000000, -0.000000000000000000, -1.000000000000000000 ) ) ;
#56 = VECTOR ( 'NONE', #291, 1000.000000000000000 ) ;
#57 = DIRECTION ( 'NONE',  ( 7.885106708985489034E-17, -1.000000000000000000, 0.000000000000000000 ) ) ;
#58 = AXIS2_PLACEMENT_3D ( 'NONE', #111, #1615, #1424 ) ;
#59 = EDGE_LOOP ( 'NONE', ( #339, #1691, #1937, #641, #1105 ) ) ;
#60 = AXIS2_PLACEMENT_3D ( 'NONE', #1102, #1856, #146 ) ;
#61 = PLANE ( 'NONE',  #1515 ) ;
#62 = CIRCLE ( 'NONE', #1076, 5.186921369030999429 ) ;
#63 = CARTESIAN_POINT ( 'NONE',  ( -18.64999999999999858, 4.898587196589412829E-16, 4.500000000000003553 ) ) ;
#64 = DIRECTION ( 'NONE',  ( 0.000000000000000000, 0.000000000000000000, 1.000000000000000000 ) ) ;
#65 = ORIENTED_EDGE ( 'NONE', *, *, #412, .T. ) ;
#66 = DIRECTION ( 'NONE',  ( 1.000000000000000000, 0.000000000000000000, -0.000000000000000000 ) ) ;
#67 = FACE_BOUND ( 'NONE', #2086, .T. ) ;
#68 = ADVANCED_FACE ( 'NONE', ( #2043 ), #358, .T. ) ;
#69 = CARTESIAN_POINT ( 'NONE',  ( -5.500000000000000888, -5.500000000000001776, 14.05686095701002181 ) ) ;
#70 = CARTESIAN_POINT ( 'NONE',  ( 0.000000000000000000, -4.500000000000001776, 0.000000000000000000 ) ) ;
#71 = ORIENTED_EDGE ( 'NONE', *, *, #2097, .T. ) ;
#72 = DIRECTION ( 'NONE',  ( 0.000000000000000000, 0.000000000000000000, -1.000000000000000000 ) ) ;
#73 = FACE_OUTER_BOUND ( 'NONE', #1825, .T. ) ;
#74 = VERTEX_POINT ( 'NONE', #1127 ) ;
#75 = CARTESIAN_POINT ( 'NONE',  ( -5.500000000000000888, 5.499999999999998224, 15.00000000000000000 ) ) ;
#76 = ORIENTED_EDGE ( 'NONE', *, *, #1435, .F. ) ;
#77 = DIRECTION ( 'NONE',  ( -1.000000000000000000, 0.000000000000000000, -0.000000000000000000 ) ) ;
#78 = ORIENTED_EDGE ( 'NONE', *, *, #1905, .T. ) ;
#79 = CARTESIAN_POINT ( 'NONE',  ( -0.4749999999999999778, 5.817072295949928412E-17, -2.499999999999986677 ) ) ;
#80 = EDGE_CURVE ( 'NONE', #1870, #1643, #1690, .T. ) ;
#81 = CARTESIAN_POINT ( 'NONE',  ( 0.000000000000000000, 0.000000000000000000, -3.000000000000000000 ) ) ;
#82 = EDGE_CURVE ( 'NONE', #689, #1784, #1063, .T. ) ;
#83 = FACE_OUTER_BOUND ( 'NONE', #1059, .T. ) ;
#84 = ORIENTED_EDGE ( 'NONE', *, *, #650, .F. ) ;
#85 = DIRECTION ( 'NONE',  ( 0.000000000000000000, -3.491481338843133355E-15, -1.000000000000000000 ) ) ;
#86 = CARTESIAN_POINT ( 'NONE',  ( 5.499999999999999112, 4.607004554070150526, 14.28668746292214031 ) ) ;
#87 = ORIENTED_EDGE ( 'NONE', *, *, #2105, .T. ) ;
#88 = DIRECTION ( 'NONE',  ( 0.000000000000000000, -3.491481338843133355E-15, -1.000000000000000000 ) ) ;
#89 = FACE_OUTER_BOUND ( 'NONE', #59, .T. ) ;
#90 = DIRECTION ( 'NONE',  ( 0.000000000000000000, 0.000000000000000000, 1.000000000000000000 ) ) ;
#91 = DIRECTION ( 'NONE',  ( 0.000000000000000000, 1.047444401652940007E-14, 1.000000000000000000 ) ) ;
#92 = ORIENTED_EDGE ( 'NONE', *, *, #1341, .F. ) ;
#93 = FACE_BOUND ( 'NONE', #891, .T. ) ;
#94 = LINE ( 'NONE', #1840, #450 ) ;
#95 = VECTOR ( 'NONE', #2248, 1000.000000000000000 ) ;
#96 = AXIS2_PLACEMENT_3D ( 'NONE', #378, #392, #25 ) ;
#97 = CIRCLE ( 'NONE', #1546, 4.000000000000000000 ) ;
#98 = ORIENTED_EDGE ( 'NONE', *, *, #198, .F. ) ;
#99 = VERTEX_POINT ( 'NONE', #732 ) ;
#100 = LINE ( 'NONE', #2377, #1317 ) ;
#101 = EDGE_CURVE ( 'NONE', #2250, #2062, #2392, .T. ) ;
#102 = MECHANICAL_DESIGN_GEOMETRIC_PRESENTATION_REPRESENTATION (  '', ( #1866 ), #192 ) ;
#103 = SURFACE_SIDE_STYLE ('',( #1060 ) ) ;
#104 = CIRCLE ( 'NONE', #1471, 1.433361018914286023 ) ;
#105 = COLOUR_RGB ( '',0.8627450980392157298, 0.5882352941176470784, 0.06274509803921568540 ) ;
#106 = FILL_AREA_STYLE_COLOUR ( '', #105 ) ;
#107 = VECTOR ( 'NONE', #55, 1000.000000000000000 ) ;
#108 = DIRECTION ( 'NONE',  ( -1.000000000000000000, -0.000000000000000000, -0.000000000000000000 ) ) ;
#109 = DIRECTION ( 'NONE',  ( 0.000000000000000000, 1.047444401652940007E-14, 1.000000000000000000 ) ) ;
#110 = EDGE_LOOP ( 'NONE', ( #1360, #1498 ) ) ;
#111 = CARTESIAN_POINT ( 'NONE',  ( -15.38506486644313753, 0.000000000000000000, 8.500000000000003553 ) ) ;
#112 = VERTEX_POINT ( 'NONE', #481 ) ;
#113 = CARTESIAN_POINT ( 'NONE',  ( 4.500000000000000000, -5.500000000000000000, 0.000000000000000000 ) ) ;
#114 = FACE_OUTER_BOUND ( 'NONE', #167, .T. ) ;
#115 = CARTESIAN_POINT ( 'NONE',  ( 5.499999999999999112, 5.499999999999998224, 0.000000000000000000 ) ) ;
#116 = LINE ( 'NONE', #1648, #338 ) ;
#117 = ORIENTED_EDGE ( 'NONE', *, *, #5, .F. ) ;
#118 = EDGE_CURVE ( 'NONE', #74, #1751, #1916, .T. ) ;
#119 = DIRECTION ( 'NONE',  ( 0.000000000000000000, 0.000000000000000000, 1.000000000000000000 ) ) ;
#120 = ORIENTED_EDGE ( 'NONE', *, *, #532, .F. ) ;
#121 = SURFACE_SIDE_STYLE ('',( #531 ) ) ;
#122 = DIRECTION ( 'NONE',  ( 0.000000000000000000, 1.047444401652940007E-14, 1.000000000000000000 ) ) ;
#123 = PLANE ( 'NONE',  #2014 ) ;
#124 = ORIENTED_EDGE ( 'NONE', *, *, #1524, .T. ) ;
#125 = ORIENTED_EDGE ( 'NONE', *, *, #1355, .T. ) ;
#126 = DIRECTION ( 'NONE',  ( 0.000000000000000000, 1.000000000000000000, 0.000000000000000000 ) ) ;
#127 = LINE ( 'NONE', #2215, #1678 ) ;
#128 = DIRECTION ( 'NONE',  ( -1.000000000000000000, -0.000000000000000000, -0.000000000000000000 ) ) ;
#129 = PLANE ( 'NONE',  #579 ) ;
#130 = CARTESIAN_POINT ( 'NONE',  ( -15.40000000000000036, 1.561251128379126385E-14, 12.98865028915409070 ) ) ;
#131 = CARTESIAN_POINT ( 'NONE',  ( 5.499999999999999112, -4.500000000000000888, -3.000000000000000000 ) ) ;
#132 = ORIENTED_EDGE ( 'NONE', *, *, #2253, .F. ) ;
#133 = ORIENTED_EDGE ( 'NONE', *, *, #1262, .T. ) ;
#134 = EDGE_CURVE ( 'NONE', #1842, #1881, #2091, .T. ) ;
#135 = PLANE ( 'NONE',  #1029 ) ;
#136 = DIRECTION ( 'NONE',  ( -1.000000000000000000, 0.000000000000000000, 0.000000000000000000 ) ) ;
#137 =( NAMED_UNIT ( * ) SI_UNIT ( $, .STERADIAN. ) SOLID_ANGLE_UNIT ( ) );
#138 = FACE_OUTER_BOUND ( 'NONE', #477, .T. ) ;
#139 = ADVANCED_FACE ( 'NONE', ( #1527 ), #197, .F. ) ;
#140 = ORIENTED_EDGE ( 'NONE', *, *, #1830, .F. ) ;
#141 = SURFACE_SIDE_STYLE ('',( #2028 ) ) ;
#142 = FACE_OUTER_BOUND ( 'NONE', #570, .T. ) ;
#143 = DIRECTION ( 'NONE',  ( 0.000000000000000000, 1.000000000000000000, 0.000000000000000000 ) ) ;
#144 = CARTESIAN_POINT ( 'NONE',  ( -5.500000000000000888, 5.499999999999998224, 1.000000000000000000 ) ) ;
#145 = ORIENTED_EDGE ( 'NONE', *, *, #518, .F. ) ;
#146 = DIRECTION ( 'NONE',  ( 0.000000000000000000, 0.000000000000000000, 1.000000000000000000 ) ) ;
#147 = VECTOR ( 'NONE', #126, 1000.000000000000000 ) ;
#148 = COLOUR_RGB ( '',0.8627450980392157298, 0.5882352941176470784, 0.06274509803921568540 ) ;
#149 = CARTESIAN_POINT ( 'NONE',  ( 5.499999999999999112, 5.499999999999998224, -3.000000000000000000 ) ) ;
#150 = VECTOR ( 'NONE', #1414, 1000.000000000000000 ) ;
#151 = ORIENTED_EDGE ( 'NONE', *, *, #942, .T. ) ;
#152 = FACE_OUTER_BOUND ( 'NONE', #821, .T. ) ;
#153 = AXIS2_PLACEMENT_3D ( 'NONE', #478, #1289, #2404 ) ;
#154 = CIRCLE ( 'NONE', #1676, 1.336333916423511958 ) ;
#155 = CARTESIAN_POINT ( 'NONE',  ( 4.499999999999999112, 0.000000000000000000, 0.000000000000000000 ) ) ;
#156 = ADVANCED_FACE ( 'NONE', ( #367 ), #1899, .F. ) ;
#157 = DIRECTION ( 'NONE',  ( 1.000000000000000000, 0.000000000000000000, 0.000000000000000000 ) ) ;
#158 =( NAMED_UNIT ( * ) SI_UNIT ( $, .STERADIAN. ) SOLID_ANGLE_UNIT ( ) );
#159 = LINE ( 'NONE', #1302, #2421 ) ;
#160 = ADVANCED_FACE ( 'NONE', ( #1722 ), #172, .F. ) ;
#161 = ORIENTED_EDGE ( 'NONE', *, *, #2200, .F. ) ;
#162 = ORIENTED_EDGE ( 'NONE', *, *, #1213, .F. ) ;
#163 = DIRECTION ( 'NONE',  ( -0.000000000000000000, -0.000000000000000000, -1.000000000000000000 ) ) ;
#164 = DIRECTION ( 'NONE',  ( -1.000000000000000000, 0.000000000000000000, -0.000000000000000000 ) ) ;
#165 = DIRECTION ( 'NONE',  ( 0.000000000000000000, -1.000000000000000000, 1.134151072759814400E-14 ) ) ;
#166 = UNCERTAINTY_MEASURE_WITH_UNIT (LENGTH_MEASURE( 1.000000000000000082E-05 ), #1904, 'distance_accuracy_value', 'NONE');
#167 = EDGE_LOOP ( 'NONE', ( #145, #1448, #2453, #1151 ) ) ;
#168 = PLANE ( 'NONE',  #623 ) ;
#169 = FACE_OUTER_BOUND ( 'NONE', #321, .T. ) ;
#170 = DIRECTION ( 'NONE',  ( 0.000000000000000000, 0.000000000000000000, 1.000000000000000000 ) ) ;
#171 = ADVANCED_FACE ( 'NONE', ( #114 ), #687, .T. ) ;
#172 = CYLINDRICAL_SURFACE ( 'NONE', #2371, 0.5249999999999994671 ) ;
#173 = VERTEX_POINT ( 'NONE', #1805 ) ;
#174 = CARTESIAN_POINT ( 'NONE',  ( -15.38506486644313753, 0.000000000000000000, 13.46243404038027158 ) ) ;
#175 = ADVANCED_BREP_SHAPE_REPRESENTATION ( 'BNC-LR-PC-1(40)', ( #1632, #796, #1685, #844, #799, #351 ), #23 ) ;
#176 = DIRECTION ( 'NONE',  ( 1.000000000000000000, 0.000000000000000000, 0.000000000000000000 ) ) ;
#177 = ORIENTED_EDGE ( 'NONE', *, *, #43, .T. ) ;
#178 = CARTESIAN_POINT ( 'NONE',  ( 0.000000000000000000, 4.499999999999998224, -3.000000000000000000 ) ) ;
#179 = DIRECTION ( 'NONE',  ( 1.000000000000000000, -0.000000000000000000, 0.000000000000000000 ) ) ;
#180 =( LENGTH_UNIT ( ) NAMED_UNIT ( * ) SI_UNIT ( .MILLI., .METRE. ) );
#181 = SURFACE_STYLE_USAGE ( .BOTH. , #2289 ) ;
#182 = DIRECTION ( 'NONE',  ( 1.000000000000000000, 0.000000000000000000, 0.000000000000000000 ) ) ;
#183 = EDGE_LOOP ( 'NONE', ( #1849, #1462, #1156, #1815 ) ) ;
#184 =( NAMED_UNIT ( * ) SI_UNIT ( $, .STERADIAN. ) SOLID_ANGLE_UNIT ( ) );
#185 = ADVANCED_FACE ( 'NONE', ( #93, #1469 ), #870, .F. ) ;
#186 = VERTEX_POINT ( 'NONE', #1647 ) ;
#187 = AXIS2_PLACEMENT_3D ( 'NONE', #1055, #1997, #1261 ) ;
#188 = CIRCLE ( 'NONE', #1934, 0.2956429178970088611 ) ;
#189 = FACE_BOUND ( 'NONE', #430, .T. ) ;
#190 = VERTEX_POINT ( 'NONE', #1454 ) ;
#191 = AXIS2_PLACEMENT_3D ( 'NONE', #1470, #1099, #314 ) ;
#192 =( GEOMETRIC_REPRESENTATION_CONTEXT ( 3 ) GLOBAL_UNCERTAINTY_ASSIGNED_CONTEXT ( ( #631 ) ) GLOBAL_UNIT_ASSIGNED_CONTEXT ( ( #1589, #2411, #726 ) ) REPRESENTATION_CONTEXT ( 'NONE', 'WORKASPACE' ) );
#193 = FACE_OUTER_BOUND ( 'NONE', #2021, .T. ) ;
#194 = AXIS2_PLACEMENT_3D ( 'NONE', #1413, #449, #2316 ) ;
#195 = TOROIDAL_SURFACE ( 'NONE', #222, 4.936985520904127789, 1.433361018914285800 ) ;
#196 = LINE ( 'NONE', #1558, #705 ) ;
#197 = CYLINDRICAL_SURFACE ( 'NONE', #12, 0.2956429178970088611 ) ;
#198 = EDGE_CURVE ( 'NONE', #597, #2061, #2199, .T. ) ;
#199 = CARTESIAN_POINT ( 'NONE',  ( 1.914906152377001680, 5.499999999999997335, 14.78853153543512278 ) ) ;
#200 = ORIENTED_EDGE ( 'NONE', *, *, #1044, .T. ) ;
#201 = CARTESIAN_POINT ( 'NONE',  ( -4.500000000000000888, 0.000000000000000000, -3.000000000000000000 ) ) ;
#202 = CYLINDRICAL_SURFACE ( 'NONE', #816, 4.000000000000000000 ) ;
#203 = CARTESIAN_POINT ( 'NONE',  ( 5.499999999999999112, 4.336808689942017736E-16, -3.000000000000000000 ) ) ;
#204 = UNCERTAINTY_MEASURE_WITH_UNIT (LENGTH_MEASURE( 1.000000000000000082E-05 ), #1844, 'distance_accuracy_value', 'NONE');
#205 = VERTEX_POINT ( 'NONE', #1086 ) ;
#206 = CARTESIAN_POINT ( 'NONE',  ( -8.459649443741692920, 0.000000000000000000, 8.500000000000003553 ) ) ;
#207 = CARTESIAN_POINT ( 'NONE',  ( 4.999999999999999112, -4.999999999999999112, 1.000000000000000000 ) ) ;
#208 = EDGE_CURVE ( 'NONE', #1569, #2470, #1417, .T. ) ;
#209 = VERTEX_POINT ( 'NONE', #15 ) ;
#210 = DIRECTION ( 'NONE',  ( -1.000000000000000000, 0.000000000000000000, -0.000000000000000000 ) ) ;
#211 = CARTESIAN_POINT ( 'NONE',  ( -15.40000000000000036, -0.4588604245875805288, 12.09450220902308359 ) ) ;
#212 = ORIENTED_EDGE ( 'NONE', *, *, #1450, .F. ) ;
#213 = VECTOR ( 'NONE', #1737, 1000.000000000000227 ) ;
#214 = CIRCLE ( 'NONE', #2089, 0.2930148828668953653 ) ;
#215 = AXIS2_PLACEMENT_3D ( 'NONE', #2346, #1577, #2131 ) ;
#216 = VECTOR ( 'NONE', #163, 1000.000000000000000 ) ;
#217 = COLOUR_RGB ( '',0.8431372549019607865, 0.8431372549019607865, 0.8431372549019607865 ) ;
#218 = VECTOR ( 'NONE', #998, 1000.000000000000000 ) ;
#219 = EDGE_CURVE ( 'NONE', #1475, #1514, #1858, .T. ) ;
#220 = COLOUR_RGB ( '',0.9607843137254902244, 0.9607843137254902244, 0.9607843137254902244 ) ;
#221 = CARTESIAN_POINT ( 'NONE',  ( -15.40000000000000036, 1.214306433183764966E-14, 12.09450220902308182 ) ) ;
#222 = AXIS2_PLACEMENT_3D ( 'NONE', #1098, #1996, #1828 ) ;
#223 = AXIS2_PLACEMENT_3D ( 'NONE', #397, #1528, #182 ) ;
#224 = DIRECTION ( 'NONE',  ( 1.000000000000000000, 0.000000000000000000, 0.000000000000000000 ) ) ;
#225 = ORIENTED_EDGE ( 'NONE', *, *, #1913, .F. ) ;
#226 = CARTESIAN_POINT ( 'NONE',  ( -18.64999999999999858, 0.000000000000000000, 12.50000000000000355 ) ) ;
#227 = DIRECTION ( 'NONE',  ( 0.000000000000000000, 0.000000000000000000, 1.000000000000000000 ) ) ;
#228 = DIRECTION ( 'NONE',  ( 0.000000000000000000, -1.000000000000000000, 1.173526149935457633E-14 ) ) ;
#229 = UNCERTAINTY_MEASURE_WITH_UNIT (LENGTH_MEASURE( 1.000000000000000082E-05 ), #510, 'distance_accuracy_value', 'NONE');
#230 = EDGE_LOOP ( 'NONE', ( #766, #2465 ) ) ;
#231 = VERTEX_POINT ( 'NONE', #1136 ) ;
#232 = CARTESIAN_POINT ( 'NONE',  ( -5.500000000000000888, -1.559582560326999731E-15, 14.88604869734249014 ) ) ;
#233 = ADVANCED_FACE ( 'NONE', ( #742 ), #202, .T. ) ;
#234 = LINE ( 'NONE', #1003, #577 ) ;
#235 = VERTEX_POINT ( 'NONE', #1332 ) ;
#236 = EDGE_CURVE ( 'NONE', #1892, #649, #2077, .T. ) ;
#237 = FACE_OUTER_BOUND ( 'NONE', #1411, .T. ) ;
#238 = DIRECTION ( 'NONE',  ( 0.000000000000000000, 0.000000000000000000, 1.000000000000000000 ) ) ;
#239 = CARTESIAN_POINT ( 'NONE',  ( 5.499999999999998224, 1.874165362684278247, 14.77942217843366457 ) ) ;
#240 = EDGE_LOOP ( 'NONE', ( #1272, #1912 ) ) ;
#241 = VERTEX_POINT ( 'NONE', #574 ) ;
#242 = CARTESIAN_POINT ( 'NONE',  ( -15.40000000000000036, -3.816391647148975608E-14, 4.905497790976926176 ) ) ;
#243 = LINE ( 'NONE', #839, #1741 ) ;
#244 = DIRECTION ( 'NONE',  ( -1.577021341797097560E-16, 1.000000000000000000, 0.000000000000000000 ) ) ;
#245 = DIRECTION ( 'NONE',  ( 0.000000000000000000, -1.000000000000000000, 0.000000000000000000 ) ) ;
#246 = ORIENTED_EDGE ( 'NONE', *, *, #2105, .F. ) ;
#247 = DIRECTION ( 'NONE',  ( -1.000000000000000000, -0.000000000000000000, -0.000000000000000000 ) ) ;
#248 =( LENGTH_UNIT ( ) NAMED_UNIT ( * ) SI_UNIT ( .MILLI., .METRE. ) );
#249 = ADVANCED_FACE ( 'NONE', ( #193 ), #565, .T. ) ;
#250 = DIRECTION ( 'NONE',  ( 1.000000000000000000, -0.000000000000000000, -0.000000000000000000 ) ) ;
#251 = PRODUCT_DEFINITION_CONTEXT ( 'detailed design', #2231, 'design' ) ;
#252 = EDGE_LOOP ( 'NONE', ( #421, #1724 ) ) ;
#253 = LINE ( 'NONE', #1026, #2256 ) ;
#254 = VERTEX_POINT ( 'NONE', #2484 ) ;
#255 = AXIS2_PLACEMENT_3D ( 'NONE', #1711, #1147, #2295 ) ;
#256 = FACE_OUTER_BOUND ( 'NONE', #615, .T. ) ;
#257 = CIRCLE ( 'NONE', #552, 1.336333916423512846 ) ;
#258 = AXIS2_PLACEMENT_3D ( 'NONE', #201, #2276, #563 ) ;
#259 = DIRECTION ( 'NONE',  ( 0.000000000000000000, 0.000000000000000000, 1.000000000000000000 ) ) ;
#260 = VECTOR ( 'NONE', #1920, 1000.000000000000000 ) ;
#261 = COLOUR_RGB ( '',0.8431372549019607865, 0.8431372549019607865, 0.8431372549019607865 ) ;
#262 = ORIENTED_EDGE ( 'NONE', *, *, #404, .T. ) ;
#263 =( GEOMETRIC_REPRESENTATION_CONTEXT ( 3 ) GLOBAL_UNCERTAINTY_ASSIGNED_CONTEXT ( ( #2312 ) ) GLOBAL_UNIT_ASSIGNED_CONTEXT ( ( #2002, #1832, #810 ) ) REPRESENTATION_CONTEXT ( 'NONE', 'WORKASPACE' ) );
#264 = ORIENTED_EDGE ( 'NONE', *, *, #942, .F. ) ;
#265 = DIRECTION ( 'NONE',  ( -0.9396926207859093161, -1.150791560227851502E-16, -0.3420201433256660484 ) ) ;
#266 = VECTOR ( 'NONE', #852, 1000.000000000000000 ) ;
#267 = DIRECTION ( 'NONE',  ( 0.3420201433256663259, 0.000000000000000000, 0.9396926207859093161 ) ) ;
#268 = PLANE ( 'NONE',  #2212 ) ;
#269 = ORIENTED_EDGE ( 'NONE', *, *, #303, .F. ) ;
#270 = EDGE_CURVE ( 'NONE', #2292, #1006, #779, .T. ) ;
#271 = VERTEX_POINT ( 'NONE', #1364 ) ;
#272 = ADVANCED_FACE ( 'NONE', ( #555 ), #972, .F. ) ;
#273 = DIRECTION ( 'NONE',  ( -1.000000000000000000, -1.577021341797097560E-16, 0.000000000000000000 ) ) ;
#274 = CARTESIAN_POINT ( 'NONE',  ( -5.500000000000000888, 0.000000000000000000, 8.500000000000003553 ) ) ;
#275 = DIRECTION ( 'NONE',  ( -1.000000000000000000, 0.000000000000000000, 0.000000000000000000 ) ) ;
#276 = ORIENTED_EDGE ( 'NONE', *, *, #118, .F. ) ;
#277 = DIRECTION ( 'NONE',  ( 0.000000000000000000, 0.000000000000000000, 1.000000000000000000 ) ) ;
#278 = DIRECTION ( 'NONE',  ( 0.000000000000000000, 0.000000000000000000, 1.000000000000000000 ) ) ;
#279 = EDGE_LOOP ( 'NONE', ( #1529, #808 ) ) ;
#280 = DIRECTION ( 'NONE',  ( 0.000000000000000000, -1.000000000000000000, 1.173526149935457633E-14 ) ) ;
#281 = ORIENTED_EDGE ( 'NONE', *, *, #1450, .T. ) ;
#282 = CARTESIAN_POINT ( 'NONE',  ( -5.500000000000001776, -3.707314832876960065, 14.49205725438419101 ) ) ;
#283 = LINE ( 'NONE', #1363, #2434 ) ;
#284 = EDGE_CURVE ( 'NONE', #241, #186, #356, .T. ) ;
#285 = CYLINDRICAL_SURFACE ( 'NONE', #414, 0.4749999999999999778 ) ;
#286 = CARTESIAN_POINT ( 'NONE',  ( 1.499999999999999778, 0.000000000000000000, 0.000000000000000000 ) ) ;
#287 = ORIENTED_EDGE ( 'NONE', *, *, #497, .F. ) ;
#288 = FILL_AREA_STYLE_COLOUR ( '', #148 ) ;
#289 = LINE ( 'NONE', #1680, #616 ) ;
#290 = ORIENTED_EDGE ( 'NONE', *, *, #1593, .F. ) ;
#291 = DIRECTION ( 'NONE',  ( 0.000000000000000000, 1.047444401652940007E-14, 1.000000000000000000 ) ) ;
#292 = CARTESIAN_POINT ( 'NONE',  ( 0.000000000000000000, 0.000000000000000000, 15.00000000000000000 ) ) ;
#293 = VERTEX_POINT ( 'NONE', #759 ) ;
#294 = LINE ( 'NONE', #1236, #304 ) ;
#295 = EDGE_LOOP ( 'NONE', ( #2388, #29, #330, #1534 ) ) ;
#296 = FACE_OUTER_BOUND ( 'NONE', #2441, .T. ) ;
#297 = DIRECTION ( 'NONE',  ( 1.000000000000000000, 0.000000000000000000, 0.000000000000000000 ) ) ;
#298 = VECTOR ( 'NONE', #1148, 1000.000000000000000 ) ;
#299 = ADVANCED_FACE ( 'NONE', ( #769 ), #1883, .F. ) ;
#300 = ORIENTED_EDGE ( 'NONE', *, *, #2116, .T. ) ;
#301 = AXIS2_PLACEMENT_3D ( 'NONE', #1040, #2367, #1974 ) ;
#302 = AXIS2_PLACEMENT_3D ( 'NONE', #2047, #485, #1835 ) ;
#303 = EDGE_CURVE ( 'NONE', #1727, #1771, #2068, .T. ) ;
#304 = VECTOR ( 'NONE', #1823, 1000.000000000000000 ) ;
#305 = AXIS2_PLACEMENT_3D ( 'NONE', #1944, #45, #1009 ) ;
#306 = CARTESIAN_POINT ( 'NONE',  ( -15.50000000000000000, 0.000000000000000000, 8.500000000000003553 ) ) ;
#307 = VECTOR ( 'NONE', #673, 1000.000000000000000 ) ;
#308 = AXIS2_PLACEMENT_3D ( 'NONE', #1182, #638, #39 ) ;
#309 =( LENGTH_UNIT ( ) NAMED_UNIT ( * ) SI_UNIT ( .MILLI., .METRE. ) );
#310 = CARTESIAN_POINT ( 'NONE',  ( -15.40000000000000036, 0.2956429178970210181, 12.09450220902308004 ) ) ;
#311 = ORIENTED_EDGE ( 'NONE', *, *, #1890, .T. ) ;
#312 = CARTESIAN_POINT ( 'NONE',  ( -15.50000000000000000, 0.000000000000000000, 8.500000000000003553 ) ) ;
#313 = CARTESIAN_POINT ( 'NONE',  ( -5.500000000000001776, 0.9514575395206908981, 14.88604869734247238 ) ) ;
#314 = DIRECTION ( 'NONE',  ( 0.000000000000000000, 0.000000000000000000, 1.000000000000000000 ) ) ;
#315 = CARTESIAN_POINT ( 'NONE',  ( 5.500000000000000000, -5.500000000000000000, 14.05686095701002358 ) ) ;
#316 = EDGE_CURVE ( 'NONE', #634, #209, #389, .T. ) ;
#317 = EDGE_LOOP ( 'NONE', ( #1406, #559, #2366, #2368, #262, #1120, #1639, #2331 ) ) ;
#318 = EDGE_CURVE ( 'NONE', #672, #2031, #1909, .T. ) ;
#319 = DIRECTION ( 'NONE',  ( 0.000000000000000000, -1.224646799147352961E-16, 1.000000000000000000 ) ) ;
#320 = CARTESIAN_POINT ( 'NONE',  ( -15.40000000000000036, 1.214306433183764966E-14, 12.09450220902308182 ) ) ;
#321 = EDGE_LOOP ( 'NONE', ( #482, #2, #124, #664 ) ) ;
#322 = CARTESIAN_POINT ( 'NONE',  ( -0.000000000000000000, -4.500000000000000000, 0.000000000000000000 ) ) ;
#323 = ORIENTED_EDGE ( 'NONE', *, *, #1924, .F. ) ;
#324 = LINE ( 'NONE', #686, #506 ) ;
#325 = DIRECTION ( 'NONE',  ( -7.885106708985489034E-17, 1.000000000000000000, -0.000000000000000000 ) ) ;
#326 = DIRECTION ( 'NONE',  ( 0.000000000000000000, 1.000000000000000000, 0.000000000000000000 ) ) ;
#327 = LINE ( 'NONE', #144, #1383 ) ;
#328 = ORIENTED_EDGE ( 'NONE', *, *, #1983, .F. ) ;
#329 = PLANE ( 'NONE',  #60 ) ;
#330 = ORIENTED_EDGE ( 'NONE', *, *, #1692, .T. ) ;
#331 = ADVANCED_FACE ( 'NONE', ( #2055 ), #1230, .F. ) ;
#332 = DIRECTION ( 'NONE',  ( -0.000000000000000000, -0.000000000000000000, 1.000000000000000000 ) ) ;
#333 = VERTEX_POINT ( 'NONE', #1703 ) ;
#334 = CARTESIAN_POINT ( 'NONE',  ( -5.000000000000000888, -4.999999999999999112, 1.000000000000000000 ) ) ;
#335 = EDGE_CURVE ( 'NONE', #1514, #2470, #948, .T. ) ;
#336 = ORIENTED_EDGE ( 'NONE', *, *, #303, .T. ) ;
#337 = CARTESIAN_POINT ( 'NONE',  ( 8.673617379884037444E-16, -5.500000000000000888, -3.000000000000000000 ) ) ;
#338 = VECTOR ( 'NONE', #2249, 1000.000000000000000 ) ;
#339 = ORIENTED_EDGE ( 'NONE', *, *, #2332, .F. ) ;
#340 = CIRCLE ( 'NONE', #1311, 3.503624501989842432 ) ;
#341 = ORIENTED_EDGE ( 'NONE', *, *, #1279, .T. ) ;
#342 = CARTESIAN_POINT ( 'NONE',  ( 0.000000000000000000, 5.499999999999998224, -3.000000000000000000 ) ) ;
#343 = AXIS2_PLACEMENT_3D ( 'NONE', #1250, #1111, #2266 ) ;
#344 =( GEOMETRIC_REPRESENTATION_CONTEXT ( 3 ) GLOBAL_UNCERTAINTY_ASSIGNED_CONTEXT ( ( #2258 ) ) GLOBAL_UNIT_ASSIGNED_CONTEXT ( ( #180, #2363, #158 ) ) REPRESENTATION_CONTEXT ( 'NONE', 'WORKASPACE' ) );
#345 = AXIS2_PLACEMENT_3D ( 'NONE', #1658, #682, #908 ) ;
#346 = CIRCLE ( 'NONE', #985, 0.5249999999999994671 ) ;
#347 = DIRECTION ( 'NONE',  ( 0.000000000000000000, 0.000000000000000000, -1.000000000000000000 ) ) ;
#348 = CYLINDRICAL_SURFACE ( 'NONE', #624, 0.5249999999999994671 ) ;
#349 = EDGE_LOOP ( 'NONE', ( #2313, #864, #569, #1145 ) ) ;
#350 = PLANE ( 'NONE',  #345 ) ;
#351 = AXIS2_PLACEMENT_3D ( 'NONE', #1325, #2454, #176 ) ;
#352 = EDGE_CURVE ( 'NONE', #562, #1184, #460, .T. ) ;
#353 = COLOUR_RGB ( '',0.9607843137254902244, 0.9607843137254902244, 0.9607843137254902244 ) ;
#354 = PRESENTATION_STYLE_ASSIGNMENT (( #911 ) ) ;
#355 = PRESENTATION_STYLE_ASSIGNMENT (( #2054 ) ) ;
#356 = LINE ( 'NONE', #2088, #539 ) ;
#357 = ADVANCED_FACE ( 'NONE', ( #731 ), #1100, .F. ) ;
#358 = CYLINDRICAL_SURFACE ( 'NONE', #2117, 0.4588604245875926857 ) ;
#359 = VERTEX_POINT ( 'NONE', #1869 ) ;
#360 = ORIENTED_EDGE ( 'NONE', *, *, #1378, .F. ) ;
#361 = DIRECTION ( 'NONE',  ( 0.000000000000000000, 0.000000000000000000, 1.000000000000000000 ) ) ;
#362 = PRESENTATION_STYLE_ASSIGNMENT (( #1295 ) ) ;
#363 = EDGE_LOOP ( 'NONE', ( #612, #1657, #1343, #464 ) ) ;
#364 = DIRECTION ( 'NONE',  ( 1.000000000000000000, 0.000000000000000000, 0.000000000000000000 ) ) ;
#365 = DIRECTION ( 'NONE',  ( -1.000000000000000000, -0.000000000000000000, -0.000000000000000000 ) ) ;
#366 = EDGE_CURVE ( 'NONE', #1751, #672, #1473, .T. ) ;
#367 = FACE_OUTER_BOUND ( 'NONE', #1874, .T. ) ;
#368 = ORIENTED_EDGE ( 'NONE', *, *, #683, .T. ) ;
#369 = CARTESIAN_POINT ( 'NONE',  ( -5.500000000000000888, 5.499999999999998224, 15.00000000000000000 ) ) ;
#370 = DIRECTION ( 'NONE',  ( 0.000000000000000000, -1.000000000000000000, 1.173526149935457633E-14 ) ) ;
#371 = DIRECTION ( 'NONE',  ( -1.000000000000000000, -0.000000000000000000, -0.000000000000000000 ) ) ;
#372 = VERTEX_POINT ( 'NONE', #1312 ) ;
#373 = DIRECTION ( 'NONE',  ( 0.000000000000000000, 0.000000000000000000, 1.000000000000000000 ) ) ;
#374 = LINE ( 'NONE', #586, #456 ) ;
#375 = DIRECTION ( 'NONE',  ( -0.000000000000000000, -0.000000000000000000, -1.000000000000000000 ) ) ;
#376 = EDGE_LOOP ( 'NONE', ( #1704, #778, #2479, #2251 ) ) ;
#377 = ADVANCED_FACE ( 'NONE', ( #1138 ), #1978, .F. ) ;
#378 = CARTESIAN_POINT ( 'NONE',  ( -15.50000000000000000, 0.000000000000000000, 8.500000000000003553 ) ) ;
#379 = VERTEX_POINT ( 'NONE', #2059 ) ;
#380 = EDGE_CURVE ( 'NONE', #99, #2194, #1187, .T. ) ;
#381 = VECTOR ( 'NONE', #365, 1000.000000000000000 ) ;
#382 = DIRECTION ( 'NONE',  ( -1.000000000000000000, -0.000000000000000000, -0.000000000000000000 ) ) ;
#383 = VECTOR ( 'NONE', #245, 1000.000000000000000 ) ;
#384 = AXIS2_PLACEMENT_3D ( 'NONE', #1525, #1362, #606 ) ;
#385 = LINE ( 'NONE', #203, #589 ) ;
#386 = ORIENTED_EDGE ( 'NONE', *, *, #1350, .T. ) ;
#387 = VECTOR ( 'NONE', #1345, 1000.000000000000000 ) ;
#388 = DIRECTION ( 'NONE',  ( 0.000000000000000000, 0.000000000000000000, -1.000000000000000000 ) ) ;
#389 = LINE ( 'NONE', #1164, #381 ) ;
#390 = MECHANICAL_DESIGN_GEOMETRIC_PRESENTATION_REPRESENTATION (  '', ( #546 ), #263 ) ;
#391 = VECTOR ( 'NONE', #250, 1000.000000000000000 ) ;
#392 = DIRECTION ( 'NONE',  ( 1.000000000000000000, -0.000000000000000000, -0.000000000000000000 ) ) ;
#393 = ORIENTED_EDGE ( 'NONE', *, *, #2186, .T. ) ;
#394 = EDGE_CURVE ( 'NONE', #2324, #2393, #196, .T. ) ;
#395 = CARTESIAN_POINT ( 'NONE',  ( -15.38506486644313753, 0.000000000000000000, 13.46243404038027158 ) ) ;
#396 = DIRECTION ( 'NONE',  ( -1.000000000000000000, -0.000000000000000000, -0.000000000000000000 ) ) ;
#397 = CARTESIAN_POINT ( 'NONE',  ( 0.000000000000000000, 0.000000000000000000, 0.000000000000000000 ) ) ;
#398 = DIRECTION ( 'NONE',  ( 0.000000000000000000, -1.224646799147352714E-16, 1.000000000000000000 ) ) ;
#399 = EDGE_LOOP ( 'NONE', ( #1989, #2187, #847, #1575, #628 ) ) ;
#400 = DIRECTION ( 'NONE',  ( 0.000000000000000000, 1.047444401652940007E-14, 1.000000000000000000 ) ) ;
#401 = EDGE_LOOP ( 'NONE', ( #1296, #1679, #2025, #1954 ) ) ;
#402 = EDGE_CURVE ( 'NONE', #26, #1705, #2315, .T. ) ;
#403 = DIRECTION ( 'NONE',  ( 1.000000000000000000, -0.000000000000000000, -0.000000000000000000 ) ) ;
#404 = EDGE_CURVE ( 'NONE', #1327, #573, #2118, .T. ) ;
#405 = CARTESIAN_POINT ( 'NONE',  ( -7.374945823318573623, 0.000000000000000000, 8.500000000000003553 ) ) ;
#406 = CARTESIAN_POINT ( 'NONE',  ( -15.50000000000000000, 0.000000000000000000, 0.000000000000000000 ) ) ;
#407 = CARTESIAN_POINT ( 'NONE',  ( -15.50000000000000000, 0.000000000000000000, 8.125000000000005329 ) ) ;
#408 = EDGE_LOOP ( 'NONE', ( #1847, #200, #1298, #1932 ) ) ;
#409 = CARTESIAN_POINT ( 'NONE',  ( -15.40000000000000036, -0.2956429178969932625, 12.98865028915409248 ) ) ;
#410 = VERTEX_POINT ( 'NONE', #79 ) ;
#411 = CIRCLE ( 'NONE', #1827, 0.4749999999999999778 ) ;
#412 = EDGE_CURVE ( 'NONE', #2147, #1108, #2389, .T. ) ;
#413 = ORIENTED_EDGE ( 'NONE', *, *, #777, .T. ) ;
#414 = AXIS2_PLACEMENT_3D ( 'NONE', #81, #452, #1799 ) ;
#415 = VECTOR ( 'NONE', #332, 1000.000000000000000 ) ;
#416 = PRESENTATION_LAYER_ASSIGNMENT (  '', '', ( #546 ) ) ;
#417 = PLANE ( 'NONE',  #2016 ) ;
#418 = EDGE_CURVE ( 'NONE', #1767, #190, #243, .T. ) ;
#419 = CARTESIAN_POINT ( 'NONE',  ( -5.500000000000001776, 0.000000000000000000, 8.500000000000003553 ) ) ;
#420 = VECTOR ( 'NONE', #2232, 1000.000000000000000 ) ;
#421 = ORIENTED_EDGE ( 'NONE', *, *, #1593, .T. ) ;
#422 = DIRECTION ( 'NONE',  ( 0.000000000000000000, 0.000000000000000000, 1.000000000000000000 ) ) ;
#423 = DIRECTION ( 'NONE',  ( 0.000000000000000000, 0.000000000000000000, 1.000000000000000000 ) ) ;
#424 = ORIENTED_EDGE ( 'NONE', *, *, #316, .T. ) ;
#425 = DIRECTION ( 'NONE',  ( 0.000000000000000000, 0.000000000000000000, 1.000000000000000000 ) ) ;
#426 = ORIENTED_EDGE ( 'NONE', *, *, #1128, .F. ) ;
#427 = CARTESIAN_POINT ( 'NONE',  ( -15.40000000000000036, -4.683753385137379155E-14, 4.011349710845918182 ) ) ;
#428 = DIRECTION ( 'NONE',  ( 0.000000000000000000, 0.000000000000000000, 1.000000000000000000 ) ) ;
#429 = EDGE_CURVE ( 'NONE', #2152, #2147, #2192, .T. ) ;
#430 = EDGE_LOOP ( 'NONE', ( #1477, #604 ) ) ;
#431 = ORIENTED_EDGE ( 'NONE', *, *, #2222, .F. ) ;
#432 = CARTESIAN_POINT ( 'NONE',  ( -5.500000000000000888, 0.000000000000000000, 8.125000000000005329 ) ) ;
#433 = SURFACE_STYLE_USAGE ( .BOTH. , #1750 ) ;
#434 = CARTESIAN_POINT ( 'NONE',  ( 5.499999999999999112, 0.9413064323828240765, 14.86361232851824887 ) ) ;
#435 = EDGE_LOOP ( 'NONE', ( #9, #975 ) ) ;
#436 = VERTEX_POINT ( 'NONE', #2357 ) ;
#437 = DIRECTION ( 'NONE',  ( 0.000000000000000000, -0.000000000000000000, -1.000000000000000000 ) ) ;
#438 = ADVANCED_FACE ( 'NONE', ( #646 ), #1412, .T. ) ;
#439 = ORIENTED_EDGE ( 'NONE', *, *, #1308, .T. ) ;
#440 = FACE_BOUND ( 'NONE', #855, .T. ) ;
#441 = CARTESIAN_POINT ( 'NONE',  ( -18.64999999999999858, 0.000000000000000000, 8.500000000000003553 ) ) ;
#442 = DIRECTION ( 'NONE',  ( -1.000000000000000000, 0.000000000000000000, 0.000000000000000000 ) ) ;
#443 = EDGE_CURVE ( 'NONE', #997, #1440, #1025, .T. ) ;
#444 = ORIENTED_EDGE ( 'NONE', *, *, #380, .F. ) ;
#445 = CARTESIAN_POINT ( 'NONE',  ( 0.000000000000000000, -4.500000000000001776, -3.000000000000000000 ) ) ;
#446 = ORIENTED_EDGE ( 'NONE', *, *, #208, .T. ) ;
#447 = DIRECTION ( 'NONE',  ( 1.000000000000000000, 0.000000000000000000, 0.000000000000000000 ) ) ;
#448 = PRESENTATION_LAYER_ASSIGNMENT (  '', '', ( #745 ) ) ;
#449 = DIRECTION ( 'NONE',  ( -1.000000000000000000, 0.000000000000000000, 0.000000000000000000 ) ) ;
#450 = VECTOR ( 'NONE', #143, 1000.000000000000000 ) ;
#451 = VECTOR ( 'NONE', #1837, 1000.000000000000000 ) ;
#452 = DIRECTION ( 'NONE',  ( -0.000000000000000000, -0.000000000000000000, 1.000000000000000000 ) ) ;
#453 = AXIS2_PLACEMENT_3D ( 'NONE', #1035, #85, #1253 ) ;
#454 = AXIS2_PLACEMENT_3D ( 'NONE', #2073, #400, #370 ) ;
#455 = CARTESIAN_POINT ( 'NONE',  ( 5.499999999999999112, 5.499999999999998224, 0.5000000000000000000 ) ) ;
#456 = VECTOR ( 'NONE', #741, 1000.000000000000000 ) ;
#457 = ORIENTED_EDGE ( 'NONE', *, *, #2116, .F. ) ;
#458 = STYLED_ITEM ( 'NONE', ( #690 ), #1091 ) ;
#459 = PLANE ( 'NONE',  #453 ) ;
#460 = LINE ( 'NONE', #1689, #1668 ) ;
#461 = DIRECTION ( 'NONE',  ( 0.000000000000000000, 1.047444401652940007E-14, 1.000000000000000000 ) ) ;
#462 = EDGE_CURVE ( 'NONE', #2031, #649, #2214, .T. ) ;
#463 =( NAMED_UNIT ( * ) PLANE_ANGLE_UNIT ( ) SI_UNIT ( $, .RADIAN. ) );
#464 = ORIENTED_EDGE ( 'NONE', *, *, #2217, .T. ) ;
#465 = DIRECTION ( 'NONE',  ( -1.000000000000000000, 0.000000000000000000, 0.000000000000000000 ) ) ;
#466 = ORIENTED_EDGE ( 'NONE', *, *, #2334, .F. ) ;
#467 = CARTESIAN_POINT ( 'NONE',  ( -15.40000000000000036, 1.561251128379126385E-14, 12.98865028915409070 ) ) ;
#468 = CARTESIAN_POINT ( 'NONE',  ( -5.500000000000000000, 4.606437268750929626, 14.28683346277394683 ) ) ;
#469 = PLANE ( 'NONE',  #619 ) ;
#470 = LINE ( 'NONE', #2407, #1927 ) ;
#471 = ORIENTED_EDGE ( 'NONE', *, *, #1867, .T. ) ;
#472 = CYLINDRICAL_SURFACE ( 'NONE', #96, 1.500000000000000444 ) ;
#473 = LINE ( 'NONE', #2208, #56 ) ;
#474 = DIRECTION ( 'NONE',  ( 0.000000000000000000, 0.000000000000000000, -1.000000000000000000 ) ) ;
#475 = ORIENTED_EDGE ( 'NONE', *, *, #1807, .T. ) ;
#476 = ADVANCED_FACE ( 'NONE', ( #1850 ), #1125, .T. ) ;
#477 = EDGE_LOOP ( 'NONE', ( #798, #276, #835, #2323 ) ) ;
#478 = CARTESIAN_POINT ( 'NONE',  ( 0.000000000000000000, -4.500000000000001776, -3.000000000000000000 ) ) ;
#479 = PRESENTATION_STYLE_ASSIGNMENT (( #2188 ) ) ;
#480 = ADVANCED_FACE ( 'NONE', ( #2403 ), #1084, .T. ) ;
#481 = CARTESIAN_POINT ( 'NONE',  ( -15.38506486644313753, 0.000000000000000000, 12.12610012395675874 ) ) ;
#482 = ORIENTED_EDGE ( 'NONE', *, *, #1807, .F. ) ;
#483 = PRESENTATION_STYLE_ASSIGNMENT (( #1458 ) ) ;
#484 = DIRECTION ( 'NONE',  ( 0.000000000000000000, 0.000000000000000000, 1.000000000000000000 ) ) ;
#485 = DIRECTION ( 'NONE',  ( -1.000000000000000000, -0.000000000000000000, -0.000000000000000000 ) ) ;
#486 = DIRECTION ( 'NONE',  ( -0.000000000000000000, -0.000000000000000000, 1.000000000000000000 ) ) ;
#487 = CARTESIAN_POINT ( 'NONE',  ( -0.000000000000000000, 4.499999999999998224, 0.000000000000000000 ) ) ;
#488 = ORIENTED_EDGE ( 'NONE', *, *, #1769, .F. ) ;
#489 = CARTESIAN_POINT ( 'NONE',  ( -5.500000000000000888, 5.499999999999998224, 15.00000000000000000 ) ) ;
#490 = VERTEX_POINT ( 'NONE', #1700 ) ;
#491 = LINE ( 'NONE', #155, #451 ) ;
#492 = EDGE_CURVE ( 'NONE', #694, #1727, #1864, .T. ) ;
#493 = CARTESIAN_POINT ( 'NONE',  ( 5.500000000000000000, -5.500000000000000000, 15.00000000000000000 ) ) ;
#494 = CARTESIAN_POINT ( 'NONE',  ( -5.500000000000000888, 5.499999999999998224, 0.5000000000000000000 ) ) ;
#495 = DIRECTION ( 'NONE',  ( 1.000000000000000000, -0.000000000000000000, -0.000000000000000000 ) ) ;
#496 = AXIS2_PLACEMENT_3D ( 'NONE', #1839, #128, #699 ) ;
#497 = EDGE_CURVE ( 'NONE', #607, #2144, #97, .T. ) ;
#498 = CIRCLE ( 'NONE', #384, 0.4588604245875926857 ) ;
#499 = DIRECTION ( 'NONE',  ( 0.000000000000000000, -3.491481338843133355E-15, -1.000000000000000000 ) ) ;
#500 = DIRECTION ( 'NONE',  ( -1.000000000000000000, -1.577021341797097560E-16, 0.000000000000000000 ) ) ;
#501 = ORIENTED_EDGE ( 'NONE', *, *, #380, .T. ) ;
#502 = COLOUR_RGB ( '',0.8627450980392157298, 0.5882352941176470784, 0.06274509803921568540 ) ;
#503 = VECTOR ( 'NONE', #1810, 1000.000000000000000 ) ;
#504 = AXIS2_PLACEMENT_3D ( 'NONE', #2166, #1574, #423 ) ;
#505 = DIRECTION ( 'NONE',  ( 0.000000000000000000, -1.000000000000000000, 1.134151072759814400E-14 ) ) ;
#506 = VECTOR ( 'NONE', #1054, 1000.000000000000000 ) ;
#507 = LINE ( 'NONE', #2083, #1231 ) ;
#508 = CARTESIAN_POINT ( 'NONE',  ( -5.000000000000000888, 4.999999999999997335, 0.5000000000000000000 ) ) ;
#509 = DIRECTION ( 'NONE',  ( 0.000000000000000000, 1.000000000000000000, -5.867630749677288163E-15 ) ) ;
#510 =( LENGTH_UNIT ( ) NAMED_UNIT ( * ) SI_UNIT ( .MILLI., .METRE. ) );
#511 = DIRECTION ( 'NONE',  ( -1.000000000000000000, 0.000000000000000000, 0.000000000000000000 ) ) ;
#512 = ORIENTED_EDGE ( 'NONE', *, *, #429, .T. ) ;
#513 = DIRECTION ( 'NONE',  ( 1.000000000000000000, -0.000000000000000000, -0.000000000000000000 ) ) ;
#514 = CARTESIAN_POINT ( 'NONE',  ( -8.459649443741692920, 0.000000000000000000, 12.00362450198984554 ) ) ;
#515 = DIRECTION ( 'NONE',  ( -1.000000000000000000, -1.577021341797097560E-16, 0.000000000000000000 ) ) ;
#516 = FACE_OUTER_BOUND ( 'NONE', #1409, .T. ) ;
#517 = ORIENTED_EDGE ( 'NONE', *, *, #497, .T. ) ;
#518 = EDGE_CURVE ( 'NONE', #26, #231, #491, .T. ) ;
#519 = PRODUCT_CONTEXT ( 'NONE', #8, 'mechanical' ) ;
#520 = FILL_AREA_STYLE ('',( #1478 ) ) ;
#521 = VERTEX_POINT ( 'NONE', #729 ) ;
#522 = CARTESIAN_POINT ( 'NONE',  ( -1.499999999999999778, 1.836970198721029688E-16, 0.000000000000000000 ) ) ;
#523 = VERTEX_POINT ( 'NONE', #1670 ) ;
#524 = SURFACE_SIDE_STYLE ('',( #929 ) ) ;
#525 = CARTESIAN_POINT ( 'NONE',  ( -18.64999999999999858, 4.898587196589412829E-16, 4.500000000000003553 ) ) ;
#526 = CARTESIAN_POINT ( 'NONE',  ( 0.000000000000000000, 0.000000000000000000, -3.000000000000000000 ) ) ;
#527 = CARTESIAN_POINT ( 'NONE',  ( -15.50000000000000000, 0.000000000000000000, 8.500000000000003553 ) ) ;
#528 = B_SPLINE_CURVE_WITH_KNOTS ( 'NONE', 3,
 ( #1273, #468, #2029, #2017, #313, #2435 ),
 .UNSPECIFIED., .F., .F.,
 ( 4, 2, 4 ),
 ( 0.01171176495886222177, 0.01447977182205304088, 0.01724777868524385999 ),
 .UNSPECIFIED. ) ;
#529 = ORIENTED_EDGE ( 'NONE', *, *, #1053, .T. ) ;
#530 = ADVANCED_FACE ( 'NONE', ( #1494 ), #2246, .T. ) ;
#531 = SURFACE_STYLE_FILL_AREA ( #2241 ) ;
#532 = EDGE_CURVE ( 'NONE', #1887, #1466, #498, .T. ) ;
#533 = UNCERTAINTY_MEASURE_WITH_UNIT (LENGTH_MEASURE( 1.000000000000000082E-05 ), #2046, 'distance_accuracy_value', 'NONE');
#534 = ORIENTED_EDGE ( 'NONE', *, *, #532, .T. ) ;
#535 = LINE ( 'NONE', #2050, #1030 ) ;
#536 = FILL_AREA_STYLE ('',( #1288 ) ) ;
#537 = CARTESIAN_POINT ( 'NONE',  ( 4.999999999999999112, 4.999999999999997335, 1.000000000000000000 ) ) ;
#538 = SURFACE_STYLE_FILL_AREA ( #2218 ) ;
#539 = VECTOR ( 'NONE', #2263, 1000.000000000000000 ) ;
#540 = ORIENTED_EDGE ( 'NONE', *, *, #1333, .T. ) ;
#541 = AXIS2_PLACEMENT_3D ( 'NONE', #1854, #890, #1649 ) ;
#542 = AXIS2_PLACEMENT_3D ( 'NONE', #1914, #403, #388 ) ;
#543 = CIRCLE ( 'NONE', #1930, 4.000000000000000000 ) ;
#544 = STYLED_ITEM ( 'NONE', ( #483 ), #799 ) ;
#545 = PRODUCT_RELATED_PRODUCT_CATEGORY ( 'part', '', ( #1884 ) ) ;
#546 = STYLED_ITEM ( 'NONE', ( #2190 ), #2134 ) ;
#547 = AXIS2_PLACEMENT_3D ( 'NONE', #1761, #1967, #64 ) ;
#548 = CARTESIAN_POINT ( 'NONE',  ( 4.615016579826003884, 5.499999999999997335, 14.28462544133721579 ) ) ;
#549 = ORIENTED_EDGE ( 'NONE', *, *, #605, .T. ) ;
#550 = DIRECTION ( 'NONE',  ( 0.000000000000000000, -1.000000000000000000, 1.173526149935457633E-14 ) ) ;
#551 = AXIS2_PLACEMENT_3D ( 'NONE', #1249, #1797, #1986 ) ;
#552 = AXIS2_PLACEMENT_3D ( 'NONE', #1730, #2103, #398 ) ;
#553 = EDGE_CURVE ( 'NONE', #1610, #830, #340, .T. ) ;
#554 = SURFACE_STYLE_USAGE ( .BOTH. , #524 ) ;
#555 = FACE_OUTER_BOUND ( 'NONE', #707, .T. ) ;
#556 = DIRECTION ( 'NONE',  ( 0.000000000000000000, 0.000000000000000000, 1.000000000000000000 ) ) ;
#557 = DIRECTION ( 'NONE',  ( 1.000000000000000000, -0.000000000000000000, -0.000000000000000000 ) ) ;
#558 = VERTEX_POINT ( 'NONE', #3 ) ;
#559 = ORIENTED_EDGE ( 'NONE', *, *, #1213, .T. ) ;
#560 = LINE ( 'NONE', #1400, #748 ) ;
#561 = CARTESIAN_POINT ( 'NONE',  ( -5.500000000000000888, 0.000000000000000000, 8.500000000000003553 ) ) ;
#562 = VERTEX_POINT ( 'NONE', #2075 ) ;
#563 = DIRECTION ( 'NONE',  ( -0.000000000000000000, 0.000000000000000000, 1.000000000000000000 ) ) ;
#564 = DIRECTION ( 'NONE',  ( 0.000000000000000000, -3.491481338843133355E-15, -1.000000000000000000 ) ) ;
#565 = PLANE ( 'NONE',  #1309 ) ;
#566 = ADVANCED_FACE ( 'NONE', ( #786 ), #1710, .F. ) ;
#567 = ADVANCED_FACE ( 'NONE', ( #773 ), #1340, .F. ) ;
#568 = PLANE ( 'NONE',  #1635 ) ;
#569 = ORIENTED_EDGE ( 'NONE', *, *, #492, .T. ) ;
#570 = EDGE_LOOP ( 'NONE', ( #837, #540, #32, #1205 ) ) ;
#571 = CARTESIAN_POINT ( 'NONE',  ( 4.999999999999999112, 4.999999999999997335, 1.000000000000000000 ) ) ;
#572 = DIRECTION ( 'NONE',  ( 0.000000000000000000, 0.000000000000000000, 1.000000000000000000 ) ) ;
#573 = VERTEX_POINT ( 'NONE', #990 ) ;
#574 = CARTESIAN_POINT ( 'NONE',  ( -5.500000000000000888, 5.499999999999998224, 14.05686095701002358 ) ) ;
#575 = EDGE_CURVE ( 'NONE', #235, #868, #1896, .T. ) ;
#576 = ORIENTED_EDGE ( 'NONE', *, *, #1609, .F. ) ;
#577 = VECTOR ( 'NONE', #1788, 1000.000000000000000 ) ;
#578 = CARTESIAN_POINT ( 'NONE',  ( -2.303846428373127697, 5.499999999999998224, 14.72272460846487263 ) ) ;
#579 = AXIS2_PLACEMENT_3D ( 'NONE', #2176, #701, #1829 ) ;
#580 = PRESENTATION_LAYER_ASSIGNMENT (  '', '', ( #2160 ) ) ;
#581 = SURFACE_STYLE_FILL_AREA ( #986 ) ;
#582 = UNCERTAINTY_MEASURE_WITH_UNIT (LENGTH_MEASURE( 1.000000000000000082E-05 ), #740, 'distance_accuracy_value', 'NONE');
#583 = ORIENTED_EDGE ( 'NONE', *, *, #954, .F. ) ;
#584 = VECTOR ( 'NONE', #465, 1000.000000000000000 ) ;
#585 = PRESENTATION_LAYER_ASSIGNMENT (  '', '', ( #2165 ) ) ;
#586 = CARTESIAN_POINT ( 'NONE',  ( -5.000000000000000888, -4.999999999999999112, 1.000000000000000000 ) ) ;
#587 = CARTESIAN_POINT ( 'NONE',  ( -5.000000000000000888, 4.999999999999997335, 0.5000000000000000000 ) ) ;
#588 = CIRCLE ( 'NONE', #1588, 0.2956429178970088611 ) ;
#589 = VECTOR ( 'NONE', #1401, 1000.000000000000000 ) ;
#590 = AXIS2_PLACEMENT_3D ( 'NONE', #800, #1846, #474 ) ;
#591 = SURFACE_STYLE_USAGE ( .BOTH. , #1 ) ;
#592 = ADVANCED_FACE ( 'NONE', ( #820 ), #2169, .T. ) ;
#593 = ORIENTED_EDGE ( 'NONE', *, *, #101, .T. ) ;
#594 = LINE ( 'NONE', #211, #1511 ) ;
#595 = DIRECTION ( 'NONE',  ( -1.000000000000000000, 0.000000000000000000, 0.000000000000000000 ) ) ;
#596 = EDGE_CURVE ( 'NONE', #868, #235, #1929, .T. ) ;
#597 = VERTEX_POINT ( 'NONE', #1980 ) ;
#598 = DIRECTION ( 'NONE',  ( 0.000000000000000000, 1.000000000000000000, -5.867630749677288163E-15 ) ) ;
#599 = CARTESIAN_POINT ( 'NONE',  ( -5.000000000000000888, 4.999999999999997335, 1.000000000000000000 ) ) ;
#600 = DIRECTION ( 'NONE',  ( 0.000000000000000000, 1.000000000000000000, -5.867630749677288163E-15 ) ) ;
#601 = VERTEX_POINT ( 'NONE', #1793 ) ;
#602 = ADVANCED_FACE ( 'NONE', ( #1048, #89 ), #1946, .F. ) ;
#603 =( NAMED_UNIT ( * ) SI_UNIT ( $, .STERADIAN. ) SOLID_ANGLE_UNIT ( ) );
#604 = ORIENTED_EDGE ( 'NONE', *, *, #1545, .T. ) ;
#605 = EDGE_CURVE ( 'NONE', #521, #490, #253, .T. ) ;
#606 = DIRECTION ( 'NONE',  ( 0.000000000000000000, 1.000000000000000000, -3.780503575866047735E-15 ) ) ;
#607 = VERTEX_POINT ( 'NONE', #1604 ) ;
#608 = CARTESIAN_POINT ( 'NONE',  ( -14.45796775497038666, 0.000000000000000000, 8.500000000000003553 ) ) ;
#609 = CARTESIAN_POINT ( 'NONE',  ( -9.544353064164811329, 0.000000000000000000, 12.50000000000000355 ) ) ;
#610 = CARTESIAN_POINT ( 'NONE',  ( -5.500000000000000888, 1.836970198721029934E-16, 10.00000000000000533 ) ) ;
#611 = LINE ( 'NONE', #1758, #878 ) ;
#612 = ORIENTED_EDGE ( 'NONE', *, *, #1500, .F. ) ;
#613 =( NAMED_UNIT ( * ) PLANE_ANGLE_UNIT ( ) SI_UNIT ( $, .RADIAN. ) );
#614 = CARTESIAN_POINT ( 'NONE',  ( 5.499999999999998224, 0.4665935966820594638, 14.88604869734247060 ) ) ;
#615 = EDGE_LOOP ( 'NONE', ( #2027, #1566, #850, #92, #2184, #2177, #1305, #2408 ) ) ;
#616 = VECTOR ( 'NONE', #725, 1000.000000000000000 ) ;
#617 = VECTOR ( 'NONE', #2230, 1000.000000000000000 ) ;
#618 = B_SPLINE_CURVE_WITH_KNOTS ( 'NONE', 3,
 ( #1032, #842, #1608, #1172, #1373, #625 ),
 .UNSPECIFIED., .F., .F.,
 ( 4, 2, 4 ),
 ( 0.01171176495886222003, 0.01447977182205303914, 0.01724777868524385999 ),
 .UNSPECIFIED. ) ;
#619 = AXIS2_PLACEMENT_3D ( 'NONE', #2391, #873, #1637 ) ;
#620 = ADVANCED_FACE ( 'NONE', ( #1447 ), #1746, .F. ) ;
#621 = AXIS2_PLACEMENT_3D ( 'NONE', #1921, #1324, #1553 ) ;
#622 = CARTESIAN_POINT ( 'NONE',  ( -5.500000000000000888, -5.500000000000001776, 15.00000000000000000 ) ) ;
#623 = AXIS2_PLACEMENT_3D ( 'NONE', #1666, #1848, #1493 ) ;
#624 = AXIS2_PLACEMENT_3D ( 'NONE', #2455, #2243, #1104 ) ;
#625 = CARTESIAN_POINT ( 'NONE',  ( 5.499999999999999112, 8.860269651130860476E-16, 14.88604869734249192 ) ) ;
#626 = AXIS2_PLACEMENT_3D ( 'NONE', #221, #2358, #802 ) ;
#627 = LINE ( 'NONE', #455, #1023 ) ;
#628 = ORIENTED_EDGE ( 'NONE', *, *, #995, .F. ) ;
#629 = CARTESIAN_POINT ( 'NONE',  ( 0.000000000000000000, 0.000000000000000000, -3.000000000000000000 ) ) ;
#630 = FACE_OUTER_BOUND ( 'NONE', #696, .T. ) ;
#631 = UNCERTAINTY_MEASURE_WITH_UNIT (LENGTH_MEASURE( 1.000000000000000082E-05 ), #1589, 'distance_accuracy_value', 'NONE');
#632 = ORIENTED_EDGE ( 'NONE', *, *, #1928, .T. ) ;
#633 = CARTESIAN_POINT ( 'NONE',  ( -5.500000000000000888, 0.000000000000000000, 8.500000000000003553 ) ) ;
#634 = VERTEX_POINT ( 'NONE', #2242 ) ;
#635 = CARTESIAN_POINT ( 'NONE',  ( 0.000000000000000000, 0.000000000000000000, 0.000000000000000000 ) ) ;
#636 = ADVANCED_FACE ( 'NONE', ( #1655 ), #135, .T. ) ;
#637 = DIRECTION ( 'NONE',  ( 0.000000000000000000, 0.000000000000000000, 1.000000000000000000 ) ) ;
#638 = DIRECTION ( 'NONE',  ( -1.000000000000000000, -0.000000000000000000, -0.000000000000000000 ) ) ;
#639 = ADVANCED_FACE ( 'NONE', ( #2443, #893 ), #905, .T. ) ;
#640 = FACE_OUTER_BOUND ( 'NONE', #317, .T. ) ;
#641 = ORIENTED_EDGE ( 'NONE', *, *, #412, .F. ) ;
#642 = LINE ( 'NONE', #2329, #753 ) ;
#643 = EDGE_LOOP ( 'NONE', ( #1992, #475, #1587, #657 ) ) ;
#644 = ORIENTED_EDGE ( 'NONE', *, *, #1057, .T. ) ;
#645 = FACE_OUTER_BOUND ( 'NONE', #801, .T. ) ;
#646 = FACE_OUTER_BOUND ( 'NONE', #1871, .T. ) ;
#647 = FACE_BOUND ( 'NONE', #230, .T. ) ;
#648 = LINE ( 'NONE', #599, #107 ) ;
#649 = VERTEX_POINT ( 'NONE', #1256 ) ;
#650 = EDGE_CURVE ( 'NONE', #1440, #1887, #1873, .T. ) ;
#651 = DIRECTION ( 'NONE',  ( -1.000000000000000000, 0.000000000000000000, -0.000000000000000000 ) ) ;
#652 = SURFACE_SIDE_STYLE ('',( #2365 ) ) ;
#653 = CIRCLE ( 'NONE', #1709, 0.2956429178970088611 ) ;
#654 = VERTEX_POINT ( 'NONE', #1695 ) ;
#655 = CARTESIAN_POINT ( 'NONE',  ( -15.40000000000000036, -0.2956429178969967042, 12.09450220902308359 ) ) ;
#656 = STYLED_ITEM ( 'NONE', ( #1321 ), #1167 ) ;
#657 = ORIENTED_EDGE ( 'NONE', *, *, #1524, .F. ) ;
#658 = CARTESIAN_POINT ( 'NONE',  ( -5.499999999999999112, -4.607004554070157631, 14.28668746292213498 ) ) ;
#659 = CIRCLE ( 'NONE', #2007, 0.3749999999999986122 ) ;
#660 = DIRECTION ( 'NONE',  ( -1.000000000000000000, 0.000000000000000000, -0.000000000000000000 ) ) ;
#661 = AXIS2_PLACEMENT_3D ( 'NONE', #1845, #122, #668 ) ;
#662 = CARTESIAN_POINT ( 'NONE',  ( -18.64999999999999858, 4.898587196589412829E-16, 4.500000000000003553 ) ) ;
#663 = PRODUCT_DEFINITION_FORMATION_WITH_SPECIFIED_SOURCE ( 'ANY', '', #1884, .NOT_KNOWN. ) ;
#664 = ORIENTED_EDGE ( 'NONE', *, *, #1246, .F. ) ;
#665 = FACE_BOUND ( 'NONE', #712, .T. ) ;
#666 = EDGE_CURVE ( 'NONE', #689, #1694, #473, .T. ) ;
#667 = DIRECTION ( 'NONE',  ( 1.000000000000000000, -0.000000000000000000, 0.000000000000000000 ) ) ;
#668 = DIRECTION ( 'NONE',  ( 0.000000000000000000, -1.000000000000000000, 1.047444401652940007E-14 ) ) ;
#669 = ADVANCED_FACE ( 'NONE', ( #2398 ), #1426, .F. ) ;
#670 = EDGE_LOOP ( 'NONE', ( #1984, #1619, #1337, #2001 ) ) ;
#671 = DIRECTION ( 'NONE',  ( 0.000000000000000000, 1.047444401652940007E-14, 1.000000000000000000 ) ) ;
#672 = VERTEX_POINT ( 'NONE', #508 ) ;
#673 = DIRECTION ( 'NONE',  ( -0.000000000000000000, -0.000000000000000000, -1.000000000000000000 ) ) ;
#674 = FILL_AREA_STYLE ('',( #1987 ) ) ;
#675 = DIRECTION ( 'NONE',  ( -1.000000000000000000, -1.577021341797097560E-16, 0.000000000000000000 ) ) ;
#676 = VERTEX_POINT ( 'NONE', #2226 ) ;
#677 = SURFACE_STYLE_USAGE ( .BOTH. , #2394 ) ;
#678 = EDGE_CURVE ( 'NONE', #830, #99, #1715, .T. ) ;
#679 = DIRECTION ( 'NONE',  ( 0.000000000000000000, 1.000000000000000000, -3.780503575866047735E-15 ) ) ;
#680 = DIRECTION ( 'NONE',  ( 0.000000000000000000, 0.000000000000000000, 1.000000000000000000 ) ) ;
#681 = ORIENTED_EDGE ( 'NONE', *, *, #462, .T. ) ;
#682 = DIRECTION ( 'NONE',  ( 0.000000000000000000, -1.000000000000000000, 0.000000000000000000 ) ) ;
#683 = EDGE_CURVE ( 'NONE', #2345, #2138, #1093, .T. ) ;
#684 = ORIENTED_EDGE ( 'NONE', *, *, #2186, .F. ) ;
#685 = DIRECTION ( 'NONE',  ( -1.000000000000000000, -0.000000000000000000, -0.000000000000000000 ) ) ;
#686 = CARTESIAN_POINT ( 'NONE',  ( -15.50000000000000000, 1.836970198721030674E-16, 10.00000000000000533 ) ) ;
#687 = PLANE ( 'NONE',  #187 ) ;
#688 = DIRECTION ( 'NONE',  ( 0.000000000000000000, 0.000000000000000000, 1.000000000000000000 ) ) ;
#689 = VERTEX_POINT ( 'NONE', #1103 ) ;
#690 = PRESENTATION_STYLE_ASSIGNMENT (( #1419 ) ) ;
#691 = ORIENTED_EDGE ( 'NONE', *, *, #767, .T. ) ;
#692 = LINE ( 'NONE', #445, #1972 ) ;
#693 = DIRECTION ( 'NONE',  ( 0.000000000000000000, -1.000000000000000000, 0.000000000000000000 ) ) ;
#694 = VERTEX_POINT ( 'NONE', #1682 ) ;
#695 = FACE_BOUND ( 'NONE', #857, .T. ) ;
#696 = EDGE_LOOP ( 'NONE', ( #1268, #2015, #691, #805 ) ) ;
#697 = FILL_AREA_STYLE ('',( #1505 ) ) ;
#698 = DIRECTION ( 'NONE',  ( -1.000000000000000000, -0.000000000000000000, -0.000000000000000000 ) ) ;
#699 = DIRECTION ( 'NONE',  ( 0.000000000000000000, 0.000000000000000000, 1.000000000000000000 ) ) ;
#700 = EDGE_CURVE ( 'NONE', #1475, #1569, #754, .T. ) ;
#701 = DIRECTION ( 'NONE',  ( 0.000000000000000000, 0.000000000000000000, -1.000000000000000000 ) ) ;
#702 = CLOSED_SHELL ( 'NONE', ( #530, #160, #1091, #1167, #2137, #943 ) ) ;
#703 = DIRECTION ( 'NONE',  ( 7.885106708985489034E-17, -1.000000000000000000, 0.000000000000000000 ) ) ;
#704 = PRESENTATION_LAYER_ASSIGNMENT (  '', '', ( #656 ) ) ;
#705 = VECTOR ( 'NONE', #1754, 1000.000000000000000 ) ;
#706 = DIRECTION ( 'NONE',  ( -1.000000000000000000, -0.000000000000000000, -0.000000000000000000 ) ) ;
#707 = EDGE_LOOP ( 'NONE', ( #2132, #2189, #746, #1795, #1591, #78, #269, #1860 ) ) ;
#708 = TOROIDAL_SURFACE ( 'NONE', #1189, 4.936985520904127789, 1.433361018914285800 ) ;
#709 = AXIS2_PLACEMENT_3D ( 'NONE', #1570, #1386, #2126 ) ;
#710 = PRESENTATION_LAYER_ASSIGNMENT (  '', '', ( #458 ) ) ;
#711 = SURFACE_STYLE_FILL_AREA ( #1265 ) ;
#712 = EDGE_LOOP ( 'NONE', ( #1124, #1476 ) ) ;
#713 = ORIENTED_EDGE ( 'NONE', *, *, #24, .F. ) ;
#714 = CARTESIAN_POINT ( 'NONE',  ( 5.499999999999999112, 4.336808689942017736E-16, -3.000000000000000000 ) ) ;
#715 = VERTEX_POINT ( 'NONE', #1910 ) ;
#716 = CARTESIAN_POINT ( 'NONE',  ( -5.500000000000000888, 5.499999999999998224, 15.00000000000000000 ) ) ;
#717 = DIRECTION ( 'NONE',  ( 0.000000000000000000, 0.000000000000000000, 1.000000000000000000 ) ) ;
#718 = EDGE_CURVE ( 'NONE', #993, #1705, #1520, .T. ) ;
#719 = CARTESIAN_POINT ( 'NONE',  ( -15.40000000000000036, -4.683753385137379155E-14, 4.011349710845918182 ) ) ;
#720 = FILL_AREA_STYLE_COLOUR ( '', #2472 ) ;
#721 = LINE ( 'NONE', #918, #1065 ) ;
#722 = ORIENTED_EDGE ( 'NONE', *, *, #2332, .T. ) ;
#723 = EDGE_CURVE ( 'NONE', #1322, #241, #1013, .T. ) ;
#724 = FILL_AREA_STYLE_COLOUR ( '', #261 ) ;
#725 = DIRECTION ( 'NONE',  ( 0.000000000000000000, -3.491481338843133355E-15, -1.000000000000000000 ) ) ;
#726 =( NAMED_UNIT ( * ) SI_UNIT ( $, .STERADIAN. ) SOLID_ANGLE_UNIT ( ) );
#727 = ORIENTED_EDGE ( 'NONE', *, *, #1456, .T. ) ;
#728 = CARTESIAN_POINT ( 'NONE',  ( -15.50000000000000000, 0.000000000000000000, 7.975000000000004974 ) ) ;
#729 = CARTESIAN_POINT ( 'NONE',  ( 0.4749999999999999778, 0.000000000000000000, -2.499999999999986677 ) ) ;
#730 =( NAMED_UNIT ( * ) SI_UNIT ( $, .STERADIAN. ) SOLID_ANGLE_UNIT ( ) );
#731 = FACE_OUTER_BOUND ( 'NONE', #969, .T. ) ;
#732 = CARTESIAN_POINT ( 'NONE',  ( -7.374945823318573623, 4.898587196589411843E-16, 4.500000000000003553 ) ) ;
#733 = ORIENTED_EDGE ( 'NONE', *, *, #1654, .T. ) ;
#734 = FACE_OUTER_BOUND ( 'NONE', #2081, .T. ) ;
#735 = EDGE_CURVE ( 'NONE', #205, #1942, #1966, .T. ) ;
#736 = ORIENTED_EDGE ( 'NONE', *, *, #1995, .T. ) ;
#737 = CARTESIAN_POINT ( 'NONE',  ( -15.40000000000000036, 0.4588604245875544940, 4.905497790976920847 ) ) ;
#738 = UNCERTAINTY_MEASURE_WITH_UNIT (LENGTH_MEASURE( 1.000000000000000082E-05 ), #1513, 'distance_accuracy_value', 'NONE');
#739 = DIRECTION ( 'NONE',  ( -0.000000000000000000, 0.000000000000000000, 1.000000000000000000 ) ) ;
#740 =( LENGTH_UNIT ( ) NAMED_UNIT ( * ) SI_UNIT ( .MILLI., .METRE. ) );
#741 = DIRECTION ( 'NONE',  ( 0.000000000000000000, 1.000000000000000000, 0.000000000000000000 ) ) ;
#742 = FACE_OUTER_BOUND ( 'NONE', #2327, .T. ) ;
#743 = FILL_AREA_STYLE_COLOUR ( '', #782 ) ;
#744 = PRESENTATION_STYLE_ASSIGNMENT (( #181 ) ) ;
#745 = STYLED_ITEM ( 'NONE', ( #744 ), #160 ) ;
#746 = ORIENTED_EDGE ( 'NONE', *, *, #806, .T. ) ;
#747 =( GEOMETRIC_REPRESENTATION_CONTEXT ( 3 ) GLOBAL_UNCERTAINTY_ASSIGNED_CONTEXT ( ( #166 ) ) GLOBAL_UNIT_ASSIGNED_CONTEXT ( ( #1904, #2307, #184 ) ) REPRESENTATION_CONTEXT ( 'NONE', 'WORKASPACE' ) );
#748 = VECTOR ( 'NONE', #267, 1000.000000000000114 ) ;
#749 = ORIENTED_EDGE ( 'NONE', *, *, #1107, .F. ) ;
#750 = AXIS2_PLACEMENT_3D ( 'NONE', #174, #771, #1173 ) ;
#751 = AXIS2_PLACEMENT_3D ( 'NONE', #1207, #1578, #2333 ) ;
#752 = EDGE_CURVE ( 'NONE', #2173, #173, #346, .T. ) ;
#753 = VECTOR ( 'NONE', #1979, 1000.000000000000000 ) ;
#754 = LINE ( 'NONE', #2064, #1117 ) ;
#755 = ORIENTED_EDGE ( 'NONE', *, *, #1862, .F. ) ;
#756 = CIRCLE ( 'NONE', #2385, 0.3749999999999986122 ) ;
#757 = CIRCLE ( 'NONE', #223, 1.499999999999999778 ) ;
#758 =( NAMED_UNIT ( * ) SI_UNIT ( $, .STERADIAN. ) SOLID_ANGLE_UNIT ( ) );
#759 = CARTESIAN_POINT ( 'NONE',  ( -5.500000000000000888, 4.499999999999998224, -3.000000000000000000 ) ) ;
#760 = CARTESIAN_POINT ( 'NONE',  ( 5.499999999999999112, -4.500000000000000888, -3.000000000000000000 ) ) ;
#761 = CARTESIAN_POINT ( 'NONE',  ( 5.186921369030999429, 0.000000000000000000, 15.00000000000000000 ) ) ;
#762 = ORIENTED_EDGE ( 'NONE', *, *, #366, .T. ) ;
#763 = ORIENTED_EDGE ( 'NONE', *, *, #2217, .F. ) ;
#764 = CARTESIAN_POINT ( 'NONE',  ( -1.837936138604387537, 5.499999999999999112, 14.78380975284734866 ) ) ;
#765 = CARTESIAN_POINT ( 'NONE',  ( 4.598262826778237056, -5.499999999999999112, 14.28893728474183256 ) ) ;
#766 = ORIENTED_EDGE ( 'NONE', *, *, #1041, .F. ) ;
#767 = EDGE_CURVE ( 'NONE', #2393, #1892, #1368, .T. ) ;
#768 = DIRECTION ( 'NONE',  ( 0.000000000000000000, 0.000000000000000000, 1.000000000000000000 ) ) ;
#769 = FACE_OUTER_BOUND ( 'NONE', #1178, .T. ) ;
#770 = ADVANCED_FACE ( 'NONE', ( #1706 ), #1880, .F. ) ;
#771 = DIRECTION ( 'NONE',  ( 0.000000000000000000, -1.000000000000000000, 0.000000000000000000 ) ) ;
#772 = LINE ( 'NONE', #1323, #216 ) ;
#773 = FACE_OUTER_BOUND ( 'NONE', #401, .T. ) ;
#774 = PLANE ( 'NONE',  #1517 ) ;
#775 = ADVANCED_FACE ( 'NONE', ( #1891 ), #1354, .F. ) ;
#776 = FILL_AREA_STYLE ('',( #2485 ) ) ;
#777 = EDGE_CURVE ( 'NONE', #1734, #1488, #659, .T. ) ;
#778 = ORIENTED_EDGE ( 'NONE', *, *, #876, .F. ) ;
#779 = CIRCLE ( 'NONE', #1622, 0.2956429178970088611 ) ;
#780 = CARTESIAN_POINT ( 'NONE',  ( 3.723935804395611893, 5.499999999999998224, 14.48816972166497585 ) ) ;
#781 = VECTOR ( 'NONE', #325, 1000.000000000000000 ) ;
#782 = COLOUR_RGB ( '',0.8627450980392157298, 0.5882352941176470784, 0.06274509803921568540 ) ;
#783 = FACE_OUTER_BOUND ( 'NONE', #1561, .T. ) ;
#784 = EDGE_LOOP ( 'NONE', ( #386, #1139, #1334, #1242 ) ) ;
#785 = CIRCLE ( 'NONE', #1074, 0.4588604245875926857 ) ;
#786 = FACE_OUTER_BOUND ( 'NONE', #784, .T. ) ;
#787 = CARTESIAN_POINT ( 'NONE',  ( -5.000000000000000888, 4.999999999999997335, 1.000000000000000000 ) ) ;
#788 =( GEOMETRIC_REPRESENTATION_CONTEXT ( 3 ) GLOBAL_UNCERTAINTY_ASSIGNED_CONTEXT ( ( #1217 ) ) GLOBAL_UNIT_ASSIGNED_CONTEXT ( ( #2067, #1894, #2483 ) ) REPRESENTATION_CONTEXT ( 'NONE', 'WORKASPACE' ) );
#789 = AXIS2_PLACEMENT_3D ( 'NONE', #797, #371, #1160 ) ;
#790 = CARTESIAN_POINT ( 'NONE',  ( -9.544353064164811329, 4.898587196589411843E-16, 4.500000000000003553 ) ) ;
#791 = EDGE_CURVE ( 'NONE', #2144, #1371, #2149, .T. ) ;
#792 = CARTESIAN_POINT ( 'NONE',  ( 5.500000000000000000, -5.500000000000000000, 1.000000000000000000 ) ) ;
#793 = DIRECTION ( 'NONE',  ( 1.000000000000000000, 0.000000000000000000, 0.000000000000000000 ) ) ;
#794 = EDGE_LOOP ( 'NONE', ( #933, #290, #311, #2221 ) ) ;
#795 = ADVANCED_FACE ( 'NONE', ( #33 ), #1376, .T. ) ;
#796 = MANIFOLD_SOLID_BREP ( 'Cut-Extrude2', #1022 ) ;
#797 = CARTESIAN_POINT ( 'NONE',  ( -8.459649443741692920, 0.000000000000000000, 8.500000000000003553 ) ) ;
#798 = ORIENTED_EDGE ( 'NONE', *, *, #366, .F. ) ;
#799 = MANIFOLD_SOLID_BREP ( 'Boss-Extrude5', #2087 ) ;
#800 = CARTESIAN_POINT ( 'NONE',  ( -15.50000000000000000, 0.000000000000000000, 8.500000000000003553 ) ) ;
#801 = EDGE_LOOP ( 'NONE', ( #457, #1235, #919, #1316, #46, #722 ) ) ;
#802 = DIRECTION ( 'NONE',  ( 0.000000000000000000, 1.000000000000000000, -5.867630749677288163E-15 ) ) ;
#803 = CARTESIAN_POINT ( 'NONE',  ( -15.40000000000000036, 0.4588604245876082843, 12.98865028915408892 ) ) ;
#804 = PLANE ( 'NONE',  #1464 ) ;
#805 = ORIENTED_EDGE ( 'NONE', *, *, #236, .T. ) ;
#806 = EDGE_CURVE ( 'NONE', #597, #2151, #2023, .T. ) ;
#807 = DIRECTION ( 'NONE',  ( 0.000000000000000000, -1.000000000000000000, 1.047444401652940007E-14 ) ) ;
#808 = ORIENTED_EDGE ( 'NONE', *, *, #1735, .T. ) ;
#809 = ORIENTED_EDGE ( 'NONE', *, *, #270, .T. ) ;
#810 =( NAMED_UNIT ( * ) SI_UNIT ( $, .STERADIAN. ) SOLID_ANGLE_UNIT ( ) );
#811 = ORIENTED_EDGE ( 'NONE', *, *, #1539, .T. ) ;
#812 = LINE ( 'NONE', #1188, #871 ) ;
#813 = DIRECTION ( 'NONE',  ( -1.000000000000000000, -0.000000000000000000, -0.000000000000000000 ) ) ;
#814 = CARTESIAN_POINT ( 'NONE',  ( -15.50000000000000000, 0.000000000000000000, 8.500000000000003553 ) ) ;
#815 = VERTEX_POINT ( 'NONE', #953 ) ;
#816 = AXIS2_PLACEMENT_3D ( 'NONE', #1526, #396, #1507 ) ;
#817 = EDGE_CURVE ( 'NONE', #2138, #231, #1530, .T. ) ;
#818 = AXIS2_PLACEMENT_3D ( 'NONE', #2020, #2419, #2235 ) ;
#819 = AXIS2_PLACEMENT_3D ( 'NONE', #1556, #2314, #373 ) ;
#820 = FACE_OUTER_BOUND ( 'NONE', #363, .T. ) ;
#821 = EDGE_LOOP ( 'NONE', ( #1945, #1416 ) ) ;
#822 = DIRECTION ( 'NONE',  ( 0.000000000000000000, -1.000000000000000000, 1.134151072759814400E-14 ) ) ;
#823 = CIRCLE ( 'NONE', #191, 0.5249999999999994671 ) ;
#824 = PRESENTATION_LAYER_ASSIGNMENT (  '', '', ( #1898 ) ) ;
#825 = EDGE_CURVE ( 'NONE', #607, #112, #1238, .T. ) ;
#826 = VECTOR ( 'NONE', #1375, 1000.000000000000000 ) ;
#827 = AXIS2_PLACEMENT_3D ( 'NONE', #1495, #564, #2294 ) ;
#828 = VERTEX_POINT ( 'NONE', #610 ) ;
#829 = CARTESIAN_POINT ( 'NONE',  ( -5.500000000000000888, 0.000000000000000000, 8.500000000000003553 ) ) ;
#830 = VERTEX_POINT ( 'NONE', #1004 ) ;
#831 = LINE ( 'NONE', #226, #218 ) ;
#832 = CARTESIAN_POINT ( 'NONE',  ( -5.500000000000000888, -5.500000000000001776, 1.000000000000000000 ) ) ;
#833 = FILL_AREA_STYLE ('',( #2162 ) ) ;
#834 = DIRECTION ( 'NONE',  ( 0.000000000000000000, 1.047444401652940007E-14, 1.000000000000000000 ) ) ;
#835 = ORIENTED_EDGE ( 'NONE', *, *, #2396, .T. ) ;
#836 = DIRECTION ( 'NONE',  ( -0.000000000000000000, -0.000000000000000000, 1.000000000000000000 ) ) ;
#837 = ORIENTED_EDGE ( 'NONE', *, *, #1293, .F. ) ;
#838 = DIRECTION ( 'NONE',  ( 0.000000000000000000, 0.000000000000000000, -1.000000000000000000 ) ) ;
#839 = CARTESIAN_POINT ( 'NONE',  ( -15.40000000000000036, -0.2956429178970470528, 4.905497790976929728 ) ) ;
#840 = DIRECTION ( 'NONE',  ( -1.000000000000000000, -0.000000000000000000, -0.000000000000000000 ) ) ;
#841 = EDGE_CURVE ( 'NONE', #1184, #1108, #2102, .T. ) ;
#842 = CARTESIAN_POINT ( 'NONE',  ( 5.499999999999999112, -4.606437268750930514, 14.28683346277394683 ) ) ;
#843 = VERTEX_POINT ( 'NONE', #901 ) ;
#844 = MANIFOLD_SOLID_BREP ( 'Boss-Extrude4', #702 ) ;
#845 = DIRECTION ( 'NONE',  ( -1.000000000000000000, -0.000000000000000000, -0.000000000000000000 ) ) ;
#846 = CYLINDRICAL_SURFACE ( 'NONE', #1031, 0.5249999999999994671 ) ;
#847 = ORIENTED_EDGE ( 'NONE', *, *, #352, .F. ) ;
#848 = ORIENTED_EDGE ( 'NONE', *, *, #2222, .T. ) ;
#849 = CARTESIAN_POINT ( 'NONE',  ( 5.499999999999999112, 8.860269651130860476E-16, 14.88604869734249192 ) ) ;
#850 = ORIENTED_EDGE ( 'NONE', *, *, #1179, .T. ) ;
#851 = DIRECTION ( 'NONE',  ( -0.000000000000000000, -0.000000000000000000, -1.000000000000000000 ) ) ;
#852 = DIRECTION ( 'NONE',  ( -1.000000000000000000, -0.000000000000000000, -0.000000000000000000 ) ) ;
#853 = FACE_OUTER_BOUND ( 'NONE', #399, .T. ) ;
#854 = ADVANCED_FACE ( 'NONE', ( #1683 ), #2156, .T. ) ;
#855 = EDGE_LOOP ( 'NONE', ( #2424, #681, #2283, #762 ) ) ;
#856 = LINE ( 'NONE', #2220, #2423 ) ;
#857 = EDGE_LOOP ( 'NONE', ( #941, #1519 ) ) ;
#858 = LINE ( 'NONE', #1444, #503 ) ;
#859 = ADVANCED_FACE ( 'NONE', ( #1501 ), #348, .T. ) ;
#860 = CARTESIAN_POINT ( 'NONE',  ( -15.40000000000000036, -0.4588604245875770871, 12.98865028915409248 ) ) ;
#861 = VECTOR ( 'NONE', #2287, 1000.000000000000000 ) ;
#862 = DIRECTION ( 'NONE',  ( 0.000000000000000000, -3.491481338843133355E-15, -1.000000000000000000 ) ) ;
#863 = PRESENTATION_STYLE_ASSIGNMENT (( #1049 ) ) ;
#864 = ORIENTED_EDGE ( 'NONE', *, *, #1341, .T. ) ;
#865 = CARTESIAN_POINT ( 'NONE',  ( -5.500000000000000888, 5.499999999999998224, 0.000000000000000000 ) ) ;
#866 = CIRCLE ( 'NONE', #818, 1.336333916423512846 ) ;
#867 = AXIS2_PLACEMENT_3D ( 'NONE', #75, #66, #1219 ) ;
#868 = VERTEX_POINT ( 'NONE', #1121 ) ;
#869 = FACE_OUTER_BOUND ( 'NONE', #183, .T. ) ;
#870 = PLANE ( 'NONE',  #1349 ) ;
#871 = VECTOR ( 'NONE', #1227, 1000.000000000000000 ) ;
#872 = PRESENTATION_LAYER_ASSIGNMENT (  '', '', ( #1866 ) ) ;
#873 = DIRECTION ( 'NONE',  ( -1.000000000000000000, -7.885106708985489034E-17, 0.000000000000000000 ) ) ;
#874 = AXIS2_PLACEMENT_3D ( 'NONE', #2153, #838, #77 ) ;
#875 = AXIS2_PLACEMENT_3D ( 'NONE', #971, #1728, #1908 ) ;
#876 = EDGE_CURVE ( 'NONE', #2450, #1923, #1429, .T. ) ;
#877 = ORIENTED_EDGE ( 'NONE', *, *, #1537, .F. ) ;
#878 = VECTOR ( 'NONE', #40, 1000.000000000000000 ) ;
#879 = SURFACE_STYLE_FILL_AREA ( #1790 ) ;
#880 = EDGE_CURVE ( 'NONE', #379, #1907, #882, .T. ) ;
#881 = VERTEX_POINT ( 'NONE', #2010 ) ;
#882 = LINE ( 'NONE', #487, #992 ) ;
#883 = VERTEX_POINT ( 'NONE', #1656 ) ;
#884 = CARTESIAN_POINT ( 'NONE',  ( 4.999999999999999112, 4.999999999999997335, 0.5000000000000000000 ) ) ;
#885 = ORIENTED_EDGE ( 'NONE', *, *, #1924, .T. ) ;
#886 = CARTESIAN_POINT ( 'NONE',  ( 4.999999999999999112, 4.999999999999997335, 0.5000000000000000000 ) ) ;
#887 = DIRECTION ( 'NONE',  ( 0.000000000000000000, -1.000000000000000000, 0.000000000000000000 ) ) ;
#888 =( NAMED_UNIT ( * ) PLANE_ANGLE_UNIT ( ) SI_UNIT ( $, .RADIAN. ) );
#889 = DIRECTION ( 'NONE',  ( 0.000000000000000000, -3.491481338843133355E-15, -1.000000000000000000 ) ) ;
#890 = DIRECTION ( 'NONE',  ( -1.000000000000000000, -0.000000000000000000, -0.000000000000000000 ) ) ;
#891 = EDGE_LOOP ( 'NONE', ( #2074, #117 ) ) ;
#892 = PRESENTATION_STYLE_ASSIGNMENT (( #1436 ) ) ;
#893 = FACE_BOUND ( 'NONE', #1490, .T. ) ;
#894 = DIRECTION ( 'NONE',  ( 1.000000000000000000, 0.000000000000000000, 0.000000000000000000 ) ) ;
#895 = CARTESIAN_POINT ( 'NONE',  ( 4.999999999999999112, -4.999999999999999112, 1.000000000000000000 ) ) ;
#896 = CARTESIAN_POINT ( 'NONE',  ( -0.2930148828668953653, 4.702734840002363416E-17, -3.000000000000000000 ) ) ;
#897 = ORIENTED_EDGE ( 'NONE', *, *, #1393, .T. ) ;
#898 = FACE_OUTER_BOUND ( 'NONE', #1633, .T. ) ;
#899 = DIRECTION ( 'NONE',  ( -0.000000000000000000, 0.000000000000000000, 1.000000000000000000 ) ) ;
#900 = LINE ( 'NONE', #115, #781 ) ;
#901 = CARTESIAN_POINT ( 'NONE',  ( 4.499999999999999112, 5.499999999999998224, -3.000000000000000000 ) ) ;
#902 = CARTESIAN_POINT ( 'NONE',  ( -5.500000000000001776, 0.000000000000000000, 8.500000000000003553 ) ) ;
#903 = ORIENTED_EDGE ( 'NONE', *, *, #678, .F. ) ;
#904 = ORIENTED_EDGE ( 'NONE', *, *, #1393, .F. ) ;
#905 = PLANE ( 'NONE',  #661 ) ;
#906 = DIRECTION ( 'NONE',  ( 0.000000000000000000, 0.000000000000000000, 1.000000000000000000 ) ) ;
#907 = ORIENTED_EDGE ( 'NONE', *, *, #1757, .F. ) ;
#908 = DIRECTION ( 'NONE',  ( 0.000000000000000000, -0.000000000000000000, -1.000000000000000000 ) ) ;
#909 = ADVANCED_FACE ( 'NONE', ( #1081 ), #123, .T. ) ;
#910 = EDGE_LOOP ( 'NONE', ( #966, #1831, #2432, #529 ) ) ;
#911 = SURFACE_STYLE_USAGE ( .BOTH. , #141 ) ;
#912 = PLANE ( 'NONE',  #153 ) ;
#913 = DIRECTION ( 'NONE',  ( -1.000000000000000000, 0.000000000000000000, 0.000000000000000000 ) ) ;
#914 = EDGE_CURVE ( 'NONE', #830, #1610, #1357, .T. ) ;
#915 = VECTOR ( 'NONE', #1263, 1000.000000000000000 ) ;
#916 = VECTOR ( 'NONE', #967, 1000.000000000000000 ) ;
#917 = AXIS2_PLACEMENT_3D ( 'NONE', #405, #1544, #1171 ) ;
#918 = CARTESIAN_POINT ( 'NONE',  ( -0.2930148828668953653, 3.588397384054800269E-17, -3.000000000000000000 ) ) ;
#919 = ORIENTED_EDGE ( 'NONE', *, *, #134, .T. ) ;
#920 = CONICAL_SURFACE ( 'NONE', #1425, 5.186921369030999429, 1.221730476396033493 ) ;
#921 = AXIS2_PLACEMENT_3D ( 'NONE', #629, #72, #651 ) ;
#922 = AXIS2_PLACEMENT_3D ( 'NONE', #1080, #2191, #119 ) ;
#923 = PRESENTATION_STYLE_ASSIGNMENT (( #2024 ) ) ;
#924 = ORIENTED_EDGE ( 'NONE', *, *, #418, .F. ) ;
#925 = AXIS2_PLACEMENT_3D ( 'NONE', #320, #862, #509 ) ;
#926 = APPLICATION_PROTOCOL_DEFINITION ( 'draft international standard', 'automotive_design', 1998, #2231 ) ;
#927 = ORIENTED_EDGE ( 'NONE', *, *, #2451, .T. ) ;
#928 = FACE_OUTER_BOUND ( 'NONE', #2428, .T. ) ;
#929 = SURFACE_STYLE_FILL_AREA ( #697 ) ;
#930 = CARTESIAN_POINT ( 'NONE',  ( -5.500000000000001776, 0.000000000000000000, 8.500000000000003553 ) ) ;
#931 = DIRECTION ( 'NONE',  ( 1.000000000000000000, 0.000000000000000000, 0.000000000000000000 ) ) ;
#932 = ORIENTED_EDGE ( 'NONE', *, *, #1202, .F. ) ;
#933 = ORIENTED_EDGE ( 'NONE', *, *, #1719, .F. ) ;
#934 = ORIENTED_EDGE ( 'NONE', *, *, #1199, .F. ) ;
#935 = DIRECTION ( 'NONE',  ( 0.000000000000000000, 0.000000000000000000, 1.000000000000000000 ) ) ;
#936 = DIRECTION ( 'NONE',  ( 0.000000000000000000, 0.000000000000000000, -1.000000000000000000 ) ) ;
#937 = FACE_OUTER_BOUND ( 'NONE', #1855, .T. ) ;
#938 = DIRECTION ( 'NONE',  ( 0.000000000000000000, -3.491481338843133355E-15, -1.000000000000000000 ) ) ;
#939 = FACE_OUTER_BOUND ( 'NONE', #376, .T. ) ;
#940 = CARTESIAN_POINT ( 'NONE',  ( -5.500000000000000888, -5.500000000000001776, 15.00000000000000000 ) ) ;
#941 = ORIENTED_EDGE ( 'NONE', *, *, #1915, .F. ) ;
#942 = EDGE_CURVE ( 'NONE', #2147, #1347, #2482, .T. ) ;
#943 = ADVANCED_FACE ( 'NONE', ( #189, #783 ), #1533, .F. ) ;
#944 = CARTESIAN_POINT ( 'NONE',  ( -4.615016579826010990, -5.500000000000002665, 14.28462544133721401 ) ) ;
#945 = ORIENTED_EDGE ( 'NONE', *, *, #1794, .F. ) ;
#946 =( NAMED_UNIT ( * ) PLANE_ANGLE_UNIT ( ) SI_UNIT ( $, .RADIAN. ) );
#947 = DIRECTION ( 'NONE',  ( 1.000000000000000000, 0.000000000000000000, 0.000000000000000000 ) ) ;
#948 = LINE ( 'NONE', #2161, #95 ) ;
#949 = FILL_AREA_STYLE ('',( #720 ) ) ;
#950 = COLOUR_RGB ( '',0.9607843137254902244, 0.9607843137254902244, 0.9607843137254902244 ) ;
#951 = VERTEX_POINT ( 'NONE', #2096 ) ;
#952 = AXIS2_PLACEMENT_3D ( 'NONE', #829, #275, #2157 ) ;
#953 = CARTESIAN_POINT ( 'NONE',  ( -15.50000000000000000, 0.000000000000000000, 8.125000000000005329 ) ) ;
#954 = EDGE_CURVE ( 'NONE', #112, #1569, #154, .T. ) ;
#955 = PRESENTATION_LAYER_ASSIGNMENT (  '', '', ( #2206 ) ) ;
#956 = ORIENTED_EDGE ( 'NONE', *, *, #2052, .F. ) ;
#957 = AXIS2_PLACEMENT_3D ( 'NONE', #1096, #2195, #1882 ) ;
#958 = MECHANICAL_DESIGN_GEOMETRIC_PRESENTATION_REPRESENTATION (  '', ( #1516 ), #1159 ) ;
#959 = CARTESIAN_POINT ( 'NONE',  ( -5.500000000000000888, 5.499999999999998224, 14.05686095701002358 ) ) ;
#960 = EDGE_CURVE ( 'NONE', #1662, #2345, #385, .T. ) ;
#961 = CARTESIAN_POINT ( 'NONE',  ( -5.500000000000000888, 0.000000000000000000, 0.000000000000000000 ) ) ;
#962 = AXIS2_PLACEMENT_3D ( 'NONE', #1180, #244, #273 ) ;
#963 = DIRECTION ( 'NONE',  ( -1.000000000000000000, -0.000000000000000000, -0.000000000000000000 ) ) ;
#964 = DIRECTION ( 'NONE',  ( -1.000000000000000000, -0.000000000000000000, -0.000000000000000000 ) ) ;
#965 = LINE ( 'NONE', #1743, #2048 ) ;
#966 = ORIENTED_EDGE ( 'NONE', *, *, #80, .F. ) ;
#967 = DIRECTION ( 'NONE',  ( 1.000000000000000000, -0.000000000000000000, -0.000000000000000000 ) ) ;
#968 = CARTESIAN_POINT ( 'NONE',  ( 3.689708863013537954, -5.500000000000000888, 14.49610930346095472 ) ) ;
#969 = EDGE_LOOP ( 'NONE', ( #264, #65, #1645, #1775 ) ) ;
#970 = EDGE_CURVE ( 'NONE', #1034, #815, #2303, .T. ) ;
#971 = CARTESIAN_POINT ( 'NONE',  ( 0.000000000000000000, 4.499999999999998224, -3.000000000000000000 ) ) ;
#972 = PLANE ( 'NONE',  #255 ) ;
#973 = ORIENTED_EDGE ( 'NONE', *, *, #2094, .F. ) ;
#974 =( NAMED_UNIT ( * ) SI_UNIT ( $, .STERADIAN. ) SOLID_ANGLE_UNIT ( ) );
#975 = ORIENTED_EDGE ( 'NONE', *, *, #1878, .T. ) ;
#976 = ADVANCED_FACE ( 'NONE', ( #1586 ), #999, .T. ) ;
#977 = ADVANCED_FACE ( 'NONE', ( #630 ), #1047, .T. ) ;
#978 = CARTESIAN_POINT ( 'NONE',  ( 4.499999999999999112, 0.000000000000000000, -3.000000000000000000 ) ) ;
#979 = TOROIDAL_SURFACE ( 'NONE', #1460, 4.936985520904127789, 1.433361018914285800 ) ;
#980 = ORIENTED_EDGE ( 'NONE', *, *, #1640, .T. ) ;
#981 = LINE ( 'NONE', #1212, #826 ) ;
#982 = AXIS2_PLACEMENT_3D ( 'NONE', #2101, #2269, #1886 ) ;
#983 = VECTOR ( 'NONE', #1380, 1000.000000000000000 ) ;
#984 = CIRCLE ( 'NONE', #1275, 0.5249999999999994671 ) ;
#985 = AXIS2_PLACEMENT_3D ( 'NONE', #561, #595, #361 ) ;
#986 = FILL_AREA_STYLE ('',( #1922 ) ) ;
#987 = ORIENTED_EDGE ( 'NONE', *, *, #1342, .F. ) ;
#988 = AXIS2_PLACEMENT_3D ( 'NONE', #489, #1269, #2012 ) ;
#989 = AXIS2_PLACEMENT_3D ( 'NONE', #814, #2344, #1623 ) ;
#990 = CARTESIAN_POINT ( 'NONE',  ( 5.500000000000000000, -4.500000000000000888, 0.000000000000000000 ) ) ;
#991 = VECTOR ( 'NONE', #2119, 1000.000000000000000 ) ;
#992 = VECTOR ( 'NONE', #1267, 1000.000000000000000 ) ;
#993 = VERTEX_POINT ( 'NONE', #2141 ) ;
#994 = CARTESIAN_POINT ( 'NONE',  ( -5.500000000000001776, 0.000000000000000000, 8.500000000000003553 ) ) ;
#995 = EDGE_CURVE ( 'NONE', #1881, #1322, #1142, .T. ) ;
#996 = CARTESIAN_POINT ( 'NONE',  ( -15.50000000000000000, 0.000000000000000000, 8.500000000000003553 ) ) ;
#997 = VERTEX_POINT ( 'NONE', #860 ) ;
#998 = DIRECTION ( 'NONE',  ( -1.000000000000000000, -0.000000000000000000, -0.000000000000000000 ) ) ;
#999 = CYLINDRICAL_SURFACE ( 'NONE', #2092, 0.4588604245875926857 ) ;
#1000 = ORIENTED_EDGE ( 'NONE', *, *, #1878, .F. ) ;
#1001 = CARTESIAN_POINT ( 'NONE',  ( -7.374945823318573623, 0.000000000000000000, 12.50000000000000355 ) ) ;
#1002 = FACE_OUTER_BOUND ( 'NONE', #2225, .T. ) ;
#1003 = CARTESIAN_POINT ( 'NONE',  ( -15.50000000000000000, 0.000000000000000000, 7.975000000000004974 ) ) ;
#1004 = CARTESIAN_POINT ( 'NONE',  ( -8.459649443741692920, 4.290702531776099151E-16, 4.996375498010162453 ) ) ;
#1005 = EDGE_CURVE ( 'NONE', #951, #1759, #1075, .T. ) ;
#1006 = VERTEX_POINT ( 'NONE', #409 ) ;
#1007 = CYLINDRICAL_SURFACE ( 'NONE', #1584, 0.4749999999999999778 ) ;
#1008 = CARTESIAN_POINT ( 'NONE',  ( -8.459649443741692920, 0.000000000000000000, 8.500000000000003553 ) ) ;
#1009 = DIRECTION ( 'NONE',  ( -0.000000000000000000, 0.000000000000000000, -1.000000000000000000 ) ) ;
#1010 = ORIENTED_EDGE ( 'NONE', *, *, #1355, .F. ) ;
#1011 = ORIENTED_EDGE ( 'NONE', *, *, #1798, .F. ) ;
#1012 = CARTESIAN_POINT ( 'NONE',  ( 0.000000000000000000, 0.000000000000000000, 15.00000000000000000 ) ) ;
#1013 = B_SPLINE_CURVE_WITH_KNOTS ( 'NONE', 3,
 ( #1732, #548, #780, #199, #2084, #1358, #1131, #764, #578, #1532, #1338, #959 ),
 .UNSPECIFIED., .F., .F.,
 ( 4, 2, 2, 2, 2, 4 ),
 ( 0.01171176495886222177, 0.01445319552124418698, 0.01719462608362615219, 0.01856534136481713393, 0.01993605664600811567, 0.02267748720839008261 ),
 .UNSPECIFIED. ) ;
#1014 = CARTESIAN_POINT ( 'NONE',  ( -5.500000000000000888, 5.499999999999998224, -3.000000000000000000 ) ) ;
#1015 = EDGE_LOOP ( 'NONE', ( #1555, #1402, #1283, #2202 ) ) ;
#1016 = CARTESIAN_POINT ( 'NONE',  ( 0.000000000000000000, 4.499999999999998224, -3.000000000000000000 ) ) ;
#1017 = VERTEX_POINT ( 'NONE', #1191 ) ;
#1018 = FACE_OUTER_BOUND ( 'NONE', #2111, .T. ) ;
#1019 = DIRECTION ( 'NONE',  ( 1.000000000000000000, 0.000000000000000000, 0.000000000000000000 ) ) ;
#1020 = CARTESIAN_POINT ( 'NONE',  ( -15.40000000000000036, -3.816391647148975608E-14, 4.905497790976926176 ) ) ;
#1021 = ORIENTED_EDGE ( 'NONE', *, *, #2094, .T. ) ;
#1022 = CLOSED_SHELL ( 'NONE', ( #620, #1782, #2275, #1329, #1306, #480, #567, #1565, #669, #1491, #775, #2262, #1786, #1607, #2239, #602, #357, #1999, #185, #1843, #2069, #249, #1940, #909, #977, #2148, #272, #1970, #1284, #299, #2347, #438, #171, #2359, #592, #566, #2383, #636, #1024, #2309, #795, #1576, #1560, #1642, #35, #233, #331, #1094, #1621, #156, #1487, #2032, #1888, #1420 ) ) ;
#1023 = VECTOR ( 'NONE', #1397, 1000.000000000000000 ) ;
#1024 = ADVANCED_FACE ( 'NONE', ( #2382 ), #1957, .T. ) ;
#1025 = CIRCLE ( 'NONE', #2121, 0.4588604245875926857 ) ;
#1026 = CARTESIAN_POINT ( 'NONE',  ( 0.4749999999999999778, 0.000000000000000000, -3.000000000000000000 ) ) ;
#1027 = ORIENTED_EDGE ( 'NONE', *, *, #2052, .T. ) ;
#1028 = VECTOR ( 'NONE', #1087, 1000.000000000000000 ) ;
#1029 = AXIS2_PLACEMENT_3D ( 'NONE', #2008, #347, #164 ) ;
#1030 = VECTOR ( 'NONE', #2429, 1000.000000000000000 ) ;
#1031 = AXIS2_PLACEMENT_3D ( 'NONE', #306, #1446, #1833 ) ;
#1032 = CARTESIAN_POINT ( 'NONE',  ( 5.500000000000000000, -5.500000000000000000, 14.05686095701002358 ) ) ;
#1033 = AXIS2_PLACEMENT_3D ( 'NONE', #1559, #2108, #1926 ) ;
#1034 = VERTEX_POINT ( 'NONE', #2354 ) ;
#1035 = CARTESIAN_POINT ( 'NONE',  ( -15.40000000000000036, -8.499999999999989342, 12.98865028915411912 ) ) ;
#1036 = CARTESIAN_POINT ( 'NONE',  ( -5.500000000000000888, -4.500000000000001776, 0.000000000000000000 ) ) ;
#1037 = CARTESIAN_POINT ( 'NONE',  ( -15.40000000000000036, 8.499999999999957367, 4.011349710845829364 ) ) ;
#1038 = ORIENTED_EDGE ( 'NONE', *, *, #2170, .T. ) ;
#1039 =( NAMED_UNIT ( * ) SI_UNIT ( $, .STERADIAN. ) SOLID_ANGLE_UNIT ( ) );
#1040 = CARTESIAN_POINT ( 'NONE',  ( -16.31216197791588840, 0.000000000000000000, 8.500000000000003553 ) ) ;
#1041 = EDGE_CURVE ( 'NONE', #601, #1017, #1472, .T. ) ;
#1042 = PLANE ( 'NONE',  #551 ) ;
#1043 = CARTESIAN_POINT ( 'NONE',  ( -14.45796775497038666, 0.000000000000000000, 12.50000000000000355 ) ) ;
#1044 = EDGE_CURVE ( 'NONE', #1017, #173, #1935, .T. ) ;
#1045 = CARTESIAN_POINT ( 'NONE',  ( -4.500000000000000888, 0.000000000000000000, -3.000000000000000000 ) ) ;
#1046 = ORIENTED_EDGE ( 'NONE', *, *, #2438, .F. ) ;
#1047 = PLANE ( 'NONE',  #305 ) ;
#1048 = FACE_BOUND ( 'NONE', #2240, .T. ) ;
#1049 = SURFACE_STYLE_USAGE ( .BOTH. , #1981 ) ;
#1050 = ORIENTED_EDGE ( 'NONE', *, *, #1126, .T. ) ;
#1051 = DIRECTION ( 'NONE',  ( 0.000000000000000000, 0.000000000000000000, 1.000000000000000000 ) ) ;
#1052 = ORIENTED_EDGE ( 'NONE', *, *, #880, .T. ) ;
#1053 = EDGE_CURVE ( 'NONE', #190, #1643, #1783, .T. ) ;
#1054 = DIRECTION ( 'NONE',  ( 1.000000000000000000, -0.000000000000000000, -0.000000000000000000 ) ) ;
#1055 = CARTESIAN_POINT ( 'NONE',  ( 4.499999999999999112, 0.000000000000000000, -3.000000000000000000 ) ) ;
#1056 = CARTESIAN_POINT ( 'NONE',  ( -18.64999999999999858, 0.000000000000000000, 0.000000000000000000 ) ) ;
#1057 = EDGE_CURVE ( 'NONE', #2062, #436, #642, .T. ) ;
#1058 = CARTESIAN_POINT ( 'NONE',  ( -8.459649443741692920, 0.000000000000000000, 13.43698552090413045 ) ) ;
#1059 = EDGE_LOOP ( 'NONE', ( #1836, #1021, #1141, #1801 ) ) ;
#1060 = SURFACE_STYLE_FILL_AREA ( #1652 ) ;
#1061 =( NAMED_UNIT ( * ) SI_UNIT ( $, .STERADIAN. ) SOLID_ANGLE_UNIT ( ) );
#1062 = CARTESIAN_POINT ( 'NONE',  ( -15.38506486644313753, 0.000000000000000000, 8.500000000000003553 ) ) ;
#1063 = CIRCLE ( 'NONE', #2466, 0.4588604245875926857 ) ;
#1064 = LINE ( 'NONE', #865, #1717 ) ;
#1065 = VECTOR ( 'NONE', #2440, 1000.000000000000114 ) ;
#1066 = STYLED_ITEM ( 'NONE', ( #1482 ), #476 ) ;
#1067 = EDGE_LOOP ( 'NONE', ( #1443, #1804, #1718, #1716 ) ) ;
#1068 =( NAMED_UNIT ( * ) PLANE_ANGLE_UNIT ( ) SI_UNIT ( $, .RADIAN. ) );
#1069 = LINE ( 'NONE', #2041, #1240 ) ;
#1070 = CIRCLE ( 'NONE', #301, 4.000000000000000000 ) ;
#1071 = AXIS2_PLACEMENT_3D ( 'NONE', #1008, #44, #277 ) ;
#1072 =( LENGTH_UNIT ( ) NAMED_UNIT ( * ) SI_UNIT ( .MILLI., .METRE. ) );
#1073 = EDGE_CURVE ( 'NONE', #828, #271, #2168, .T. ) ;
#1074 = AXIS2_PLACEMENT_3D ( 'NONE', #50, #91, #822 ) ;
#1075 = CIRCLE ( 'NONE', #989, 1.500000000000001332 ) ;
#1076 = AXIS2_PLACEMENT_3D ( 'NONE', #292, #1266, #1410 ) ;
#1077 = ORIENTED_EDGE ( 'NONE', *, *, #1798, .T. ) ;
#1078 = CIRCLE ( 'NONE', #2476, 3.090443576638624013 ) ;
#1079 = ADVANCED_FACE ( 'NONE', ( #34, #1228 ), #268, .F. ) ;
#1080 = CARTESIAN_POINT ( 'NONE',  ( -18.64999999999999858, 0.000000000000000000, 8.500000000000003553 ) ) ;
#1081 = FACE_OUTER_BOUND ( 'NONE', #1963, .T. ) ;
#1082 = DIRECTION ( 'NONE',  ( 1.000000000000000000, 0.000000000000000000, 0.000000000000000000 ) ) ;
#1083 = ORIENTED_EDGE ( 'NONE', *, *, #767, .F. ) ;
#1084 = CYLINDRICAL_SURFACE ( 'NONE', #1153, 4.000000000000000000 ) ;
#1085 = CARTESIAN_POINT ( 'NONE',  ( 0.000000000000000000, 5.499999999999998224, -3.000000000000000000 ) ) ;
#1086 = CARTESIAN_POINT ( 'NONE',  ( -15.50000000000000000, 6.429395695523597497E-17, 9.025000000000003908 ) ) ;
#1087 = DIRECTION ( 'NONE',  ( 1.000000000000000000, -0.000000000000000000, -0.000000000000000000 ) ) ;
#1088 = SURFACE_STYLE_USAGE ( .BOTH. , #1510 ) ;
#1089 = CARTESIAN_POINT ( 'NONE',  ( -4.500000000000000888, -0.000000000000000000, 0.000000000000000000 ) ) ;
#1090 = ORIENTED_EDGE ( 'NONE', *, *, #1155, .F. ) ;
#1091 = ADVANCED_FACE ( 'NONE', ( #73 ), #846, .F. ) ;
#1092 = DIRECTION ( 'NONE',  ( -1.000000000000000000, -0.000000000000000000, -0.000000000000000000 ) ) ;
#1093 = LINE ( 'NONE', #1294, #415 ) ;
#1094 = ADVANCED_FACE ( 'NONE', ( #1693 ), #1653, .T. ) ;
#1095 = EDGE_LOOP ( 'NONE', ( #1438, #848, #246, #1486 ) ) ;
#1096 = CARTESIAN_POINT ( 'NONE',  ( -8.459649443741692920, 0.000000000000000000, 13.43698552090413045 ) ) ;
#1097 = EDGE_LOOP ( 'NONE', ( #1257, #1698 ) ) ;
#1098 = CARTESIAN_POINT ( 'NONE',  ( -8.459649443741692920, 0.000000000000000000, 8.500000000000003553 ) ) ;
#1099 = DIRECTION ( 'NONE',  ( -1.000000000000000000, 0.000000000000000000, 0.000000000000000000 ) ) ;
#1100 = PLANE ( 'NONE',  #1422 ) ;
#1101 = ORIENTED_EDGE ( 'NONE', *, *, #2022, .F. ) ;
#1102 = CARTESIAN_POINT ( 'NONE',  ( -5.500000000000000888, 0.000000000000000000, 0.000000000000000000 ) ) ;
#1103 = CARTESIAN_POINT ( 'NONE',  ( -15.40000000000000036, 0.4588604245875458343, 4.011349710845913741 ) ) ;
#1104 = DIRECTION ( 'NONE',  ( 0.000000000000000000, 0.000000000000000000, -1.000000000000000000 ) ) ;
#1105 = ORIENTED_EDGE ( 'NONE', *, *, #429, .F. ) ;
#1106 = CARTESIAN_POINT ( 'NONE',  ( -15.40000000000000036, -3.816391647148975608E-14, 4.905497790976926176 ) ) ;
#1107 = EDGE_CURVE ( 'NONE', #1303, #2229, #2203, .T. ) ;
#1108 = VERTEX_POINT ( 'NONE', #2409 ) ;
#1109 = CYLINDRICAL_SURFACE ( 'NONE', #590, 0.3749999999999986122 ) ;
#1110 = DIRECTION ( 'NONE',  ( 1.000000000000000000, -0.000000000000000000, -0.000000000000000000 ) ) ;
#1111 = DIRECTION ( 'NONE',  ( -1.000000000000000000, -0.000000000000000000, -0.000000000000000000 ) ) ;
#1112 = VECTOR ( 'NONE', #2439, 1000.000000000000000 ) ;
#1113 = CIRCLE ( 'NONE', #343, 3.090443576638624013 ) ;
#1114 = CARTESIAN_POINT ( 'NONE',  ( 4.499999999999999112, 5.499999999999998224, 0.000000000000000000 ) ) ;
#1115 = EDGE_LOOP ( 'NONE', ( #973, #1947, #393, #583 ) ) ;
#1116 = VECTOR ( 'NONE', #1699, 1000.000000000000000 ) ;
#1117 = VECTOR ( 'NONE', #1144, 1000.000000000000000 ) ;
#1118 = AXIS2_PLACEMENT_3D ( 'NONE', #1234, #90, #1820 ) ;
#1119 =( GEOMETRIC_REPRESENTATION_CONTEXT ( 3 ) GLOBAL_UNCERTAINTY_ASSIGNED_CONTEXT ( ( #2330 ) ) GLOBAL_UNIT_ASSIGNED_CONTEXT ( ( #1641, #1872, #1061 ) ) REPRESENTATION_CONTEXT ( 'NONE', 'WORKASPACE' ) );
#1120 = ORIENTED_EDGE ( 'NONE', *, *, #1571, .T. ) ;
#1121 = CARTESIAN_POINT ( 'NONE',  ( -5.500000000000000888, 0.000000000000000000, 7.975000000000004974 ) ) ;
#1122 = ORIENTED_EDGE ( 'NONE', *, *, #718, .F. ) ;
#1123 = LINE ( 'NONE', #1307, #1630 ) ;
#1124 = ORIENTED_EDGE ( 'NONE', *, *, #2481, .F. ) ;
#1125 = CYLINDRICAL_SURFACE ( 'NONE', #1232, 0.5249999999999994671 ) ;
#1126 = EDGE_CURVE ( 'NONE', #1784, #689, #1280, .T. ) ;
#1127 = CARTESIAN_POINT ( 'NONE',  ( -5.000000000000000888, -4.999999999999999112, 1.000000000000000000 ) ) ;
#1128 = EDGE_CURVE ( 'NONE', #676, #1371, #2265, .T. ) ;
#1129 = EDGE_LOOP ( 'NONE', ( #2400, #132, #1385, #2274 ) ) ;
#1130 = EDGE_LOOP ( 'NONE', ( #809, #2095 ) ) ;
#1131 = CARTESIAN_POINT ( 'NONE',  ( -0.8953208121848531542, 5.499999999999998224, 14.86654275651882706 ) ) ;
#1132 = SURFACE_SIDE_STYLE ('',( #581 ) ) ;
#1133 = EDGE_LOOP ( 'NONE', ( #2281, #2356, #2106, #466, #2376, #1665, #1122, #1090 ) ) ;
#1134 = DIRECTION ( 'NONE',  ( -1.000000000000000000, 0.000000000000000000, 0.000000000000000000 ) ) ;
#1135 = DIRECTION ( 'NONE',  ( -0.000000000000000000, -0.000000000000000000, 1.000000000000000000 ) ) ;
#1136 = CARTESIAN_POINT ( 'NONE',  ( 4.499999999999999112, 4.499999999999998224, 0.000000000000000000 ) ) ;
#1137 = ADVANCED_FACE ( 'NONE', ( #2442, #1254 ), #329, .F. ) ;
#1138 = FACE_OUTER_BOUND ( 'NONE', #643, .T. ) ;
#1139 = ORIENTED_EDGE ( 'NONE', *, *, #1760, .F. ) ;
#1140 = EDGE_CURVE ( 'NONE', #2292, #2037, #289, .T. ) ;
#1141 = ORIENTED_EDGE ( 'NONE', *, *, #825, .F. ) ;
#1142 = B_SPLINE_CURVE_WITH_KNOTS ( 'NONE', 3,
 ( #1780, #614, #434, #239, #1802, #2150, #86, #1770 ),
 .UNSPECIFIED., .F., .F.,
 ( 4, 2, 2, 4 ),
 ( 0.01724777868524385999, 0.01860520581603041651, 0.01996263294681696956, 0.02267748720839007914 ),
 .UNSPECIFIED. ) ;
#1143 =( NAMED_UNIT ( * ) SI_UNIT ( $, .STERADIAN. ) SOLID_ANGLE_UNIT ( ) );
#1144 = DIRECTION ( 'NONE',  ( -1.000000000000000000, -0.000000000000000000, -0.000000000000000000 ) ) ;
#1145 = ORIENTED_EDGE ( 'NONE', *, *, #2438, .T. ) ;
#1146 = FACE_OUTER_BOUND ( 'NONE', #1398, .T. ) ;
#1147 = DIRECTION ( 'NONE',  ( 1.000000000000000000, 0.000000000000000000, -0.000000000000000000 ) ) ;
#1148 = DIRECTION ( 'NONE',  ( -0.000000000000000000, -0.000000000000000000, -1.000000000000000000 ) ) ;
#1149 = AXIS2_PLACEMENT_3D ( 'NONE', #1181, #964, #2100 ) ;
#1150 = DIRECTION ( 'NONE',  ( -0.000000000000000000, 0.000000000000000000, 1.000000000000000000 ) ) ;
#1151 = ORIENTED_EDGE ( 'NONE', *, *, #1378, .T. ) ;
#1152 = AXIS2_PLACEMENT_3D ( 'NONE', #1174, #1918, #600 ) ;
#1153 = AXIS2_PLACEMENT_3D ( 'NONE', #1452, #1467, #2040 ) ;
#1154 = DIRECTION ( 'NONE',  ( -1.000000000000000000, 0.000000000000000000, 0.000000000000000000 ) ) ;
#1155 = EDGE_CURVE ( 'NONE', #2151, #993, #1304, .T. ) ;
#1156 = ORIENTED_EDGE ( 'NONE', *, *, #47, .F. ) ;
#1157 = MECHANICAL_DESIGN_GEOMETRIC_PRESENTATION_REPRESENTATION (  '', ( #2211 ), #1590 ) ;
#1158 = LINE ( 'NONE', #2290, #916 ) ;
#1159 =( GEOMETRIC_REPRESENTATION_CONTEXT ( 3 ) GLOBAL_UNCERTAINTY_ASSIGNED_CONTEXT ( ( #533 ) ) GLOBAL_UNIT_ASSIGNED_CONTEXT ( ( #2046, #2003, #1813 ) ) REPRESENTATION_CONTEXT ( 'NONE', 'WORKASPACE' ) );
#1160 = DIRECTION ( 'NONE',  ( 0.000000000000000000, 0.000000000000000000, 1.000000000000000000 ) ) ;
#1161 = ORIENTED_EDGE ( 'NONE', *, *, #791, .T. ) ;
#1162 = CIRCLE ( 'NONE', #1933, 4.000000000000000000 ) ;
#1163 = PLANE ( 'NONE',  #875 ) ;
#1164 = CARTESIAN_POINT ( 'NONE',  ( -18.64999999999999858, 0.000000000000000000, 11.59044357663862890 ) ) ;
#1165 = CARTESIAN_POINT ( 'NONE',  ( -5.000000000000000888, -4.999999999999999112, 1.000000000000000000 ) ) ;
#1166 = DIRECTION ( 'NONE',  ( -0.000000000000000000, -0.000000000000000000, -1.000000000000000000 ) ) ;
#1167 = ADVANCED_FACE ( 'NONE', ( #734 ), #472, .T. ) ;
#1168 = CARTESIAN_POINT ( 'NONE',  ( 2.303846428373127697, -5.500000000000000000, 14.72272460846487618 ) ) ;
#1169 = UNCERTAINTY_MEASURE_WITH_UNIT (LENGTH_MEASURE( 1.000000000000000082E-05 ), #2395, 'distance_accuracy_value', 'NONE');
#1170 = ORIENTED_EDGE ( 'NONE', *, *, #1044, .F. ) ;
#1171 = DIRECTION ( 'NONE',  ( 0.000000000000000000, 0.000000000000000000, 1.000000000000000000 ) ) ;
#1172 = CARTESIAN_POINT ( 'NONE',  ( 5.500000000000000888, -1.879555976795330263, 14.79326056251148458 ) ) ;
#1173 = DIRECTION ( 'NONE',  ( 0.000000000000000000, 0.000000000000000000, -1.000000000000000000 ) ) ;
#1174 = CARTESIAN_POINT ( 'NONE',  ( -15.40000000000000036, 1.214306433183764966E-14, 12.09450220902308182 ) ) ;
#1175 = EDGE_LOOP ( 'NONE', ( #727, #1287, #1789, #1973 ) ) ;
#1176 = CARTESIAN_POINT ( 'NONE',  ( -15.40000000000000036, -0.4588604245876395371, 4.011349710845923511 ) ) ;
#1177 = CARTESIAN_POINT ( 'NONE',  ( -5.500000000000000888, -5.500000000000001776, 14.05686095701002181 ) ) ;
#1178 = EDGE_LOOP ( 'NONE', ( #811, #36, #2308, #177 ) ) ;
#1179 = EDGE_CURVE ( 'NONE', #654, #694, #965, .T. ) ;
#1180 = CARTESIAN_POINT ( 'NONE',  ( -5.500000000000000888, -5.500000000000001776, 15.00000000000000000 ) ) ;
#1181 = CARTESIAN_POINT ( 'NONE',  ( -18.64999999999999858, 0.000000000000000000, 8.500000000000003553 ) ) ;
#1182 = CARTESIAN_POINT ( 'NONE',  ( -18.64999999999999858, 0.000000000000000000, 8.500000000000003553 ) ) ;
#1183 = CARTESIAN_POINT ( 'NONE',  ( -4.500000000000000888, -5.500000000000001776, 0.000000000000000000 ) ) ;
#1184 = VERTEX_POINT ( 'NONE', #1723 ) ;
#1185 = FACE_OUTER_BOUND ( 'NONE', #2079, .T. ) ;
#1186 = VECTOR ( 'NONE', #22, 1000.000000000000000 ) ;
#1187 = CIRCLE ( 'NONE', #917, 4.000000000000000000 ) ;
#1188 = CARTESIAN_POINT ( 'NONE',  ( -4.500000000000000888, 4.499999999999998224, -3.000000000000000000 ) ) ;
#1189 = AXIS2_PLACEMENT_3D ( 'NONE', #1956, #845, #227 ) ;
#1190 = PRESENTATION_LAYER_ASSIGNMENT (  '', '', ( #544 ) ) ;
#1191 = CARTESIAN_POINT ( 'NONE',  ( -15.50000000000000000, 6.429395695523597497E-17, 9.025000000000003908 ) ) ;
#1192 = ORIENTED_EDGE ( 'NONE', *, *, #1279, .F. ) ;
#1193 = CIRCLE ( 'NONE', #58, 3.626100123956754739 ) ;
#1194 = AXIS2_PLACEMENT_3D ( 'NONE', #1292, #1092, #484 ) ;
#1195 = PRESENTATION_LAYER_ASSIGNMENT (  '', '', ( #1361 ) ) ;
#1196 = VECTOR ( 'NONE', #793, 1000.000000000000000 ) ;
#1197 = ORIENTED_EDGE ( 'NONE', *, *, #1545, .F. ) ;
#1198 = CARTESIAN_POINT ( 'NONE',  ( -5.500000000000000888, 5.499999999999998224, 0.000000000000000000 ) ) ;
#1199 = EDGE_CURVE ( 'NONE', #2143, #2470, #257, .T. ) ;
#1200 = PLANE ( 'NONE',  #962 ) ;
#1201 = DIRECTION ( 'NONE',  ( 1.000000000000000000, 0.000000000000000000, -0.000000000000000000 ) ) ;
#1202 = EDGE_CURVE ( 'NONE', #2037, #1889, #2467, .T. ) ;
#1203 = ORIENTED_EDGE ( 'NONE', *, *, #700, .T. ) ;
#1204 = CARTESIAN_POINT ( 'NONE',  ( -5.500000000000000888, 0.000000000000000000, 8.500000000000003553 ) ) ;
#1205 = ORIENTED_EDGE ( 'NONE', *, *, #1729, .F. ) ;
#1206 = ORIENTED_EDGE ( 'NONE', *, *, #1640, .F. ) ;
#1207 = CARTESIAN_POINT ( 'NONE',  ( 0.000000000000000000, 0.000000000000000000, -2.499999999999986677 ) ) ;
#1208 = CARTESIAN_POINT ( 'NONE',  ( -5.500000000000000888, 4.592425496802574219E-17, 8.875000000000003553 ) ) ;
#1209 = DIRECTION ( 'NONE',  ( 0.000000000000000000, -0.000000000000000000, -1.000000000000000000 ) ) ;
#1210 = DIRECTION ( 'NONE',  ( 0.000000000000000000, -1.000000000000000000, 1.173526149935457633E-14 ) ) ;
#1211 = EDGE_LOOP ( 'NONE', ( #413, #1423 ) ) ;
#1212 = CARTESIAN_POINT ( 'NONE',  ( -5.500000000000000888, 4.499999999999998224, -3.000000000000000000 ) ) ;
#1213 = EDGE_CURVE ( 'NONE', #2061, #558, #627, .T. ) ;
#1214 = CARTESIAN_POINT ( 'NONE',  ( -15.50000000000000000, 1.836970198721029934E-16, 10.00000000000000533 ) ) ;
#1215 = SURFACE_STYLE_FILL_AREA ( #833 ) ;
#1216 = CARTESIAN_POINT ( 'NONE',  ( -15.50000000000000000, 6.429395695523597497E-17, 9.025000000000003908 ) ) ;
#1217 = UNCERTAINTY_MEASURE_WITH_UNIT (LENGTH_MEASURE( 1.000000000000000082E-05 ), #2067, 'distance_accuracy_value', 'NONE');
#1218 = EDGE_LOOP ( 'NONE', ( #713, #736, #1038, #2422 ) ) ;
#1219 = DIRECTION ( 'NONE',  ( -0.000000000000000000, 0.000000000000000000, -1.000000000000000000 ) ) ;
#1220 = EDGE_LOOP ( 'NONE', ( #1050, #2171, #225, #323 ) ) ;
#1221 = CARTESIAN_POINT ( 'NONE',  ( -15.50000000000000000, 0.000000000000000000, 8.500000000000003553 ) ) ;
#1222 = CARTESIAN_POINT ( 'NONE',  ( -5.500000000000000000, -0.9413064323828235214, 14.86361232851824532 ) ) ;
#1223 = CARTESIAN_POINT ( 'NONE',  ( -16.31216197791588840, 4.898587196589411843E-16, 4.500000000000003553 ) ) ;
#1224 = ORIENTED_EDGE ( 'NONE', *, *, #1928, .F. ) ;
#1225 = ORIENTED_EDGE ( 'NONE', *, *, #1073, .T. ) ;
#1226 = CARTESIAN_POINT ( 'NONE',  ( 4.500000000000000000, -5.500000000000000000, -3.000000000000000000 ) ) ;
#1227 = DIRECTION ( 'NONE',  ( -0.000000000000000000, -0.000000000000000000, 1.000000000000000000 ) ) ;
#1228 = FACE_BOUND ( 'NONE', #110, .T. ) ;
#1229 = ORIENTED_EDGE ( 'NONE', *, *, #1794, .T. ) ;
#1230 = TOROIDAL_SURFACE ( 'NONE', #2252, 4.962434040380267142, 1.336333916423512624 ) ;
#1231 = VECTOR ( 'NONE', #382, 1000.000000000000000 ) ;
#1232 = AXIS2_PLACEMENT_3D ( 'NONE', #312, #513, #936 ) ;
#1233 = EDGE_CURVE ( 'NONE', #1767, #1870, #188, .T. ) ;
#1234 = CARTESIAN_POINT ( 'NONE',  ( 0.000000000000000000, 0.000000000000000000, 15.00000000000000000 ) ) ;
#1235 = ORIENTED_EDGE ( 'NONE', *, *, #2451, .F. ) ;
#1236 = CARTESIAN_POINT ( 'NONE',  ( -15.50000000000000000, 0.000000000000000000, 7.975000000000004974 ) ) ;
#1237 = VECTOR ( 'NONE', #1286, 1000.000000000000000 ) ;
#1238 = CIRCLE ( 'NONE', #750, 1.336333916423511958 ) ;
#1239 = CARTESIAN_POINT ( 'NONE',  ( 0.000000000000000000, 0.000000000000000000, -3.000000000000000000 ) ) ;
#1240 = VECTOR ( 'NONE', #1646, 1000.000000000000000 ) ;
#1241 = DIRECTION ( 'NONE',  ( 0.000000000000000000, 0.000000000000000000, 1.000000000000000000 ) ) ;
#1242 = ORIENTED_EDGE ( 'NONE', *, *, #718, .T. ) ;
#1243 = CARTESIAN_POINT ( 'NONE',  ( -15.40000000000000036, -3.816391647148975608E-14, 4.905497790976926176 ) ) ;
#1244 = EDGE_CURVE ( 'NONE', #654, #597, #611, .T. ) ;
#1245 = DIRECTION ( 'NONE',  ( -1.000000000000000000, 0.000000000000000000, 0.000000000000000000 ) ) ;
#1246 = EDGE_CURVE ( 'NONE', #1488, #1734, #2268, .T. ) ;
#1247 = VERTEX_POINT ( 'NONE', #1952 ) ;
#1248 = DIRECTION ( 'NONE',  ( 0.000000000000000000, -3.491481338843133355E-15, -1.000000000000000000 ) ) ;
#1249 = CARTESIAN_POINT ( 'NONE',  ( 0.000000000000000000, -4.500000000000000000, -3.000000000000000000 ) ) ;
#1250 = CARTESIAN_POINT ( 'NONE',  ( -18.64999999999999858, 0.000000000000000000, 8.500000000000003553 ) ) ;
#1251 = DIRECTION ( 'NONE',  ( -0.000000000000000000, -0.000000000000000000, 1.000000000000000000 ) ) ;
#1252 = ORIENTED_EDGE ( 'NONE', *, *, #1053, .F. ) ;
#1253 = DIRECTION ( 'NONE',  ( 0.000000000000000000, 1.000000000000000000, -3.491481338843133355E-15 ) ) ;
#1254 = FACE_OUTER_BOUND ( 'NONE', #1822, .T. ) ;
#1255 = ORIENTED_EDGE ( 'NONE', *, *, #2464, .F. ) ;
#1256 = CARTESIAN_POINT ( 'NONE',  ( 4.999999999999999112, -4.999999999999999112, 0.5000000000000000000 ) ) ;
#1257 = ORIENTED_EDGE ( 'NONE', *, *, #2375, .F. ) ;
#1258 = DIRECTION ( 'NONE',  ( -1.000000000000000000, 0.000000000000000000, 0.000000000000000000 ) ) ;
#1259 = ORIENTED_EDGE ( 'NONE', *, *, #1005, .F. ) ;
#1260 = CARTESIAN_POINT ( 'NONE',  ( 0.000000000000000000, 0.000000000000000000, -3.000000000000000000 ) ) ;
#1261 = DIRECTION ( 'NONE',  ( -0.000000000000000000, 0.000000000000000000, 1.000000000000000000 ) ) ;
#1262 = EDGE_CURVE ( 'NONE', #993, #2384, #1976, .T. ) ;
#1263 = DIRECTION ( 'NONE',  ( -0.000000000000000000, -0.000000000000000000, -1.000000000000000000 ) ) ;
#1264 = ORIENTED_EDGE ( 'NONE', *, *, #1692, .F. ) ;
#1265 = FILL_AREA_STYLE ('',( #106 ) ) ;
#1266 = DIRECTION ( 'NONE',  ( 0.000000000000000000, 0.000000000000000000, 1.000000000000000000 ) ) ;
#1267 = DIRECTION ( 'NONE',  ( 1.000000000000000000, 0.000000000000000000, 0.000000000000000000 ) ) ;
#1268 = ORIENTED_EDGE ( 'NONE', *, *, #462, .F. ) ;
#1269 = DIRECTION ( 'NONE',  ( 1.000000000000000000, 0.000000000000000000, -0.000000000000000000 ) ) ;
#1270 = CONICAL_SURFACE ( 'NONE', #1624, 5.186921369030999429, 1.221730476396033493 ) ;
#1271 = VECTOR ( 'NONE', #851, 1000.000000000000000 ) ;
#1272 = ORIENTED_EDGE ( 'NONE', *, *, #1126, .F. ) ;
#1273 = CARTESIAN_POINT ( 'NONE',  ( -5.500000000000000888, 5.499999999999998224, 14.05686095701002358 ) ) ;
#1274 = DIRECTION ( 'NONE',  ( 1.000000000000000000, 0.000000000000000000, 0.000000000000000000 ) ) ;
#1275 = AXIS2_PLACEMENT_3D ( 'NONE', #274, #913, #717 ) ;
#1276 = AXIS2_PLACEMENT_3D ( 'NONE', #1062, #108, #680 ) ;
#1277 = CARTESIAN_POINT ( 'NONE',  ( -18.64999999999999858, 0.000000000000000000, 8.500000000000003553 ) ) ;
#1278 = CIRCLE ( 'NONE', #709, 4.000000000000000000 ) ;
#1279 = EDGE_CURVE ( 'NONE', #293, #2384, #1800, .T. ) ;
#1280 = CIRCLE ( 'NONE', #1902, 0.4588604245875926857 ) ;
#1281 = DIRECTION ( 'NONE',  ( 0.000000000000000000, 1.000000000000000000, -3.780503575866047735E-15 ) ) ;
#1282 = CIRCLE ( 'NONE', #626, 0.2956429178970088611 ) ;
#1283 = ORIENTED_EDGE ( 'NONE', *, *, #1140, .T. ) ;
#1284 = ADVANCED_FACE ( 'NONE', ( #640 ), #804, .F. ) ;
#1285 = SURFACE_SIDE_STYLE ('',( #711 ) ) ;
#1286 = DIRECTION ( 'NONE',  ( 7.885106708985489034E-17, -1.000000000000000000, 0.000000000000000000 ) ) ;
#1287 = ORIENTED_EDGE ( 'NONE', *, *, #2417, .T. ) ;
#1288 = FILL_AREA_STYLE_COLOUR ( '', #1387 ) ;
#1289 = DIRECTION ( 'NONE',  ( 0.000000000000000000, -1.000000000000000000, 0.000000000000000000 ) ) ;
#1290 = DIRECTION ( 'NONE',  ( 0.000000000000000000, 0.000000000000000000, -1.000000000000000000 ) ) ;
#1291 = FACE_OUTER_BOUND ( 'NONE', #279, .T. ) ;
#1292 = CARTESIAN_POINT ( 'NONE',  ( -18.64999999999999858, 0.000000000000000000, 8.500000000000003553 ) ) ;
#1293 = EDGE_CURVE ( 'NONE', #1923, #2450, #214, .T. ) ;
#1294 = CARTESIAN_POINT ( 'NONE',  ( 5.499999999999999112, 4.499999999999997335, -3.000000000000000000 ) ) ;
#1295 = SURFACE_STYLE_USAGE ( .BOTH. , #1859 ) ;
#1296 = ORIENTED_EDGE ( 'NONE', *, *, #1474, .T. ) ;
#1297 = LINE ( 'NONE', #1480, #2341 ) ;
#1298 = ORIENTED_EDGE ( 'NONE', *, *, #752, .F. ) ;
#1299 = FACE_OUTER_BOUND ( 'NONE', #670, .T. ) ;
#1300 = DIRECTION ( 'NONE',  ( 0.000000000000000000, 0.000000000000000000, 1.000000000000000000 ) ) ;
#1301 = DIRECTION ( 'NONE',  ( 0.000000000000000000, 0.000000000000000000, -1.000000000000000000 ) ) ;
#1302 = CARTESIAN_POINT ( 'NONE',  ( 4.500000000000000000, -5.500000000000000000, -3.000000000000000000 ) ) ;
#1303 = VERTEX_POINT ( 'NONE', #1183 ) ;
#1304 = LINE ( 'NONE', #342, #1778 ) ;
#1305 = ORIENTED_EDGE ( 'NONE', *, *, #43, .F. ) ;
#1306 = ADVANCED_FACE ( 'NONE', ( #2352 ), #1270, .T. ) ;
#1307 = CARTESIAN_POINT ( 'NONE',  ( -4.500000000000000888, -4.500000000000001776, -3.000000000000000000 ) ) ;
#1308 = EDGE_CURVE ( 'NONE', #1017, #601, #1320, .T. ) ;
#1309 = AXIS2_PLACEMENT_3D ( 'NONE', #787, #2099, #1557 ) ;
#1310 = DIRECTION ( 'NONE',  ( 0.000000000000000000, 0.000000000000000000, -1.000000000000000000 ) ) ;
#1311 = AXIS2_PLACEMENT_3D ( 'NONE', #206, #14, #768 ) ;
#1312 = CARTESIAN_POINT ( 'NONE',  ( -5.186921369030999429, -7.948351745201357092E-16, 15.00000000000000000 ) ) ;
#1313 = COLOUR_RGB ( '',0.8431372549019607865, 0.8431372549019607865, 0.8431372549019607865 ) ;
#1314 = VECTOR ( 'NONE', #1726, 1000.000000000000000 ) ;
#1315 = LINE ( 'NONE', #2060, #915 ) ;
#1316 = ORIENTED_EDGE ( 'NONE', *, *, #995, .T. ) ;
#1317 = VECTOR ( 'NONE', #265, 1000.000000000000227 ) ;
#1318 = STYLED_ITEM ( 'NONE', ( #28 ), #943 ) ;
#1319 = VECTOR ( 'NONE', #2336, 1000.000000000000000 ) ;
#1320 = CIRCLE ( 'NONE', #1895, 0.5249999999999994671 ) ;
#1321 = PRESENTATION_STYLE_ASSIGNMENT (( #591 ) ) ;
#1322 = VERTEX_POINT ( 'NONE', #1808 ) ;
#1323 = CARTESIAN_POINT ( 'NONE',  ( 5.499999999999999112, 5.499999999999998224, 15.00000000000000000 ) ) ;
#1324 = DIRECTION ( 'NONE',  ( -1.000000000000000000, 0.000000000000000000, 0.000000000000000000 ) ) ;
#1325 = CARTESIAN_POINT ( 'NONE',  ( 0.000000000000000000, 0.000000000000000000, 0.000000000000000000 ) ) ;
#1326 = UNCERTAINTY_MEASURE_WITH_UNIT (LENGTH_MEASURE( 1.000000000000000082E-05 ), #1330, 'distance_accuracy_value', 'NONE');
#1327 = VERTEX_POINT ( 'NONE', #131 ) ;
#1328 = LINE ( 'NONE', #714, #1237 ) ;
#1329 = ADVANCED_FACE ( 'NONE', ( #83 ), #2004, .F. ) ;
#1330 =( LENGTH_UNIT ( ) NAMED_UNIT ( * ) SI_UNIT ( .MILLI., .METRE. ) );
#1331 = CARTESIAN_POINT ( 'NONE',  ( 4.500000000000000000, -4.500000000000000000, -3.000000000000000000 ) ) ;
#1332 = CARTESIAN_POINT ( 'NONE',  ( -5.500000000000000888, 6.429395695523597497E-17, 9.025000000000003908 ) ) ;
#1333 = EDGE_CURVE ( 'NONE', #1923, #410, #721, .T. ) ;
#1334 = ORIENTED_EDGE ( 'NONE', *, *, #1262, .F. ) ;
#1335 = ORIENTED_EDGE ( 'NONE', *, *, #1537, .T. ) ;
#1336 = SURFACE_STYLE_FILL_AREA ( #1547 ) ;
#1337 = ORIENTED_EDGE ( 'NONE', *, *, #1721, .T. ) ;
#1338 = CARTESIAN_POINT ( 'NONE',  ( -4.598262826778239720, 5.499999999999998224, 14.28893728474183433 ) ) ;
#1339 = ORIENTED_EDGE ( 'NONE', *, *, #596, .F. ) ;
#1340 = CYLINDRICAL_SURFACE ( 'NONE', #819, 3.090443576638624013 ) ;
#1341 = EDGE_CURVE ( 'NONE', #254, #694, #470, .T. ) ;
#1342 = EDGE_CURVE ( 'NONE', #2144, #2143, #866, .T. ) ;
#1343 = ORIENTED_EDGE ( 'NONE', *, *, #960, .T. ) ;
#1344 = ORIENTED_EDGE ( 'NONE', *, *, #1673, .F. ) ;
#1345 = DIRECTION ( 'NONE',  ( 0.000000000000000000, -1.000000000000000000, 0.000000000000000000 ) ) ;
#1346 = DIRECTION ( 'NONE',  ( 0.000000000000000000, -1.000000000000000000, 0.000000000000000000 ) ) ;
#1347 = VERTEX_POINT ( 'NONE', #315 ) ;
#1348 = CARTESIAN_POINT ( 'NONE',  ( -9.544353064164811329, 0.000000000000000000, 8.500000000000003553 ) ) ;
#1349 = AXIS2_PLACEMENT_3D ( 'NONE', #2415, #899, #297 ) ;
#1350 = EDGE_CURVE ( 'NONE', #1705, #1907, #2044, .T. ) ;
#1351 =( GEOMETRIC_REPRESENTATION_CONTEXT ( 3 ) GLOBAL_UNCERTAINTY_ASSIGNED_CONTEXT ( ( #582 ) ) GLOBAL_UNIT_ASSIGNED_CONTEXT ( ( #740, #946, #758 ) ) REPRESENTATION_CONTEXT ( 'NONE', 'WORKASPACE' ) );
#1352 = ORIENTED_EDGE ( 'NONE', *, *, #82, .T. ) ;
#1353 = AXIS2_PLACEMENT_3D ( 'NONE', #2370, #2436, #688 ) ;
#1354 = TOROIDAL_SURFACE ( 'NONE', #1071, 4.936985520904127789, 1.433361018914285800 ) ;
#1355 = EDGE_CURVE ( 'NONE', #523, #1919, #2337, .T. ) ;
#1356 = CIRCLE ( 'NONE', #2298, 3.626100123956754739 ) ;
#1357 = CIRCLE ( 'NONE', #789, 3.503624501989842432 ) ;
#1358 = CARTESIAN_POINT ( 'NONE',  ( -0.4159455222370275762, 5.499999999999999112, 14.88765595810222209 ) ) ;
#1359 = SURFACE_STYLE_USAGE ( .BOTH. , #1132 ) ;
#1360 = ORIENTED_EDGE ( 'NONE', *, *, #1233, .T. ) ;
#1361 = STYLED_ITEM ( 'NONE', ( #355 ), #2412 ) ;
#1362 = DIRECTION ( 'NONE',  ( 0.000000000000000000, -3.491481338843133355E-15, -1.000000000000000000 ) ) ;
#1363 = CARTESIAN_POINT ( 'NONE',  ( 4.499999999999999112, 5.499999999999998224, -3.000000000000000000 ) ) ;
#1364 = CARTESIAN_POINT ( 'NONE',  ( -5.500000000000000888, 0.000000000000000000, 7.000000000000002665 ) ) ;
#1365 = CYLINDRICAL_SURFACE ( 'NONE', #982, 0.4588604245875926857 ) ;
#1366 = PRODUCT_DEFINITION ( 'UNKNOWN', '', #663, #251 ) ;
#1367 = ORIENTED_EDGE ( 'NONE', *, *, #1539, .F. ) ;
#1368 = LINE ( 'NONE', #571, #387 ) ;
#1369 = EDGE_CURVE ( 'NONE', #293, #2151, #856, .T. ) ;
#1370 = CARTESIAN_POINT ( 'NONE',  ( -3.723935804395616778, -5.500000000000001776, 14.48816972166497408 ) ) ;
#1371 = VERTEX_POINT ( 'NONE', #662 ) ;
#1372 = FILL_AREA_STYLE ('',( #1395 ) ) ;
#1373 = CARTESIAN_POINT ( 'NONE',  ( 5.500000000000000000, -0.9514575395206904540, 14.88604869734247238 ) ) ;
#1374 = EDGE_LOOP ( 'NONE', ( #2124, #2402, #1225, #576 ) ) ;
#1375 = DIRECTION ( 'NONE',  ( -0.000000000000000000, -0.000000000000000000, 1.000000000000000000 ) ) ;
#1376 = PLANE ( 'NONE',  #921 ) ;
#1377 = ORIENTED_EDGE ( 'NONE', *, *, #666, .F. ) ;
#1378 = EDGE_CURVE ( 'NONE', #715, #231, #1433, .T. ) ;
#1379 = VERTEX_POINT ( 'NONE', #286 ) ;
#1380 = DIRECTION ( 'NONE',  ( -1.000000000000000000, -0.000000000000000000, -0.000000000000000000 ) ) ;
#1381 = LINE ( 'NONE', #1765, #991 ) ;
#1382 = DIRECTION ( 'NONE',  ( -1.000000000000000000, 0.000000000000000000, 0.000000000000000000 ) ) ;
#1383 = VECTOR ( 'NONE', #931, 1000.000000000000000 ) ;
#1384 = DIRECTION ( 'NONE',  ( 0.000000000000000000, 1.047444401652940007E-14, 1.000000000000000000 ) ) ;
#1385 = ORIENTED_EDGE ( 'NONE', *, *, #2107, .T. ) ;
#1386 = DIRECTION ( 'NONE',  ( -1.000000000000000000, -0.000000000000000000, -0.000000000000000000 ) ) ;
#1387 = COLOUR_RGB ( '',0.9607843137254902244, 0.9607843137254902244, 0.9607843137254902244 ) ;
#1388 = AXIS2_PLACEMENT_3D ( 'NONE', #930, #1702, #1687 ) ;
#1389 = FILL_AREA_STYLE_COLOUR ( '', #220 ) ;
#1390 = AXIS2_PLACEMENT_3D ( 'NONE', #242, #1948, #1993 ) ;
#1391 = VECTOR ( 'NONE', #2238, 1000.000000000000000 ) ;
#1392 = CONICAL_SURFACE ( 'NONE', #2306, 0.2930148828668953653, 0.3490658503988633976 ) ;
#1393 = EDGE_CURVE ( 'NONE', #1610, #2194, #2204, .T. ) ;
#1394 = ORIENTED_EDGE ( 'NONE', *, *, #2022, .T. ) ;
#1395 = FILL_AREA_STYLE_COLOUR ( '', #1901 ) ;
#1396 = ADVANCED_FACE ( 'NONE', ( #2300 ), #1365, .T. ) ;
#1397 = DIRECTION ( 'NONE',  ( 7.885106708985489034E-17, -1.000000000000000000, 0.000000000000000000 ) ) ;
#1398 = EDGE_LOOP ( 'NONE', ( #1763, #1720, #341, #2310 ) ) ;
#1399 = CARTESIAN_POINT ( 'NONE',  ( 5.499999999999999112, 5.499999999999998224, 0.5000000000000000000 ) ) ;
#1400 = CARTESIAN_POINT ( 'NONE',  ( 0.2930148828668953653, 0.000000000000000000, -3.000000000000000000 ) ) ;
#1401 = DIRECTION ( 'NONE',  ( 7.885106708985489034E-17, -1.000000000000000000, 0.000000000000000000 ) ) ;
#1402 = ORIENTED_EDGE ( 'NONE', *, *, #270, .F. ) ;
#1403 = CARTESIAN_POINT ( 'NONE',  ( -5.500000000000000888, -0.4665935966820592418, 14.88604869734247416 ) ) ;
#1404 = DIRECTION ( 'NONE',  ( 0.000000000000000000, 0.000000000000000000, 1.000000000000000000 ) ) ;
#1405 = DIRECTION ( 'NONE',  ( 0.000000000000000000, 0.000000000000000000, -1.000000000000000000 ) ) ;
#1406 = ORIENTED_EDGE ( 'NONE', *, *, #1688, .F. ) ;
#1407 = CARTESIAN_POINT ( 'NONE',  ( -15.40000000000000036, -3.816391647148975608E-14, 4.905497790976926176 ) ) ;
#1408 = DIRECTION ( 'NONE',  ( 0.000000000000000000, -1.000000000000000000, 1.134151072759814400E-14 ) ) ;
#1409 = EDGE_LOOP ( 'NONE', ( #2237, #897, #87, #903 ) ) ;
#1410 = DIRECTION ( 'NONE',  ( 1.000000000000000000, 0.000000000000000000, 0.000000000000000000 ) ) ;
#1411 = EDGE_LOOP ( 'NONE', ( #1394, #1616, #956, #1599 ) ) ;
#1412 = PLANE ( 'NONE',  #1713 ) ;
#1413 = CARTESIAN_POINT ( 'NONE',  ( -15.50000000000000000, 0.000000000000000000, 0.000000000000000000 ) ) ;
#1414 = DIRECTION ( 'NONE',  ( -1.000000000000000000, -1.577021341797097560E-16, 0.000000000000000000 ) ) ;
#1415 = EDGE_CURVE ( 'NONE', #1379, #2045, #757, .T. ) ;
#1416 = ORIENTED_EDGE ( 'NONE', *, *, #5, .T. ) ;
#1417 = CIRCLE ( 'NONE', #496, 4.000000000000000000 ) ;
#1418 = LINE ( 'NONE', #2145, #584 ) ;
#1419 = SURFACE_STYLE_USAGE ( .BOTH. , #652 ) ;
#1420 = ADVANCED_FACE ( 'NONE', ( #2280 ), #568, .T. ) ;
#1421 = PRESENTATION_LAYER_ASSIGNMENT (  '', '', ( #2006 ) ) ;
#1422 = AXIS2_PLACEMENT_3D ( 'NONE', #940, #2461, #515 ) ;
#1423 = ORIENTED_EDGE ( 'NONE', *, *, #1246, .T. ) ;
#1424 = DIRECTION ( 'NONE',  ( 0.000000000000000000, 0.000000000000000000, 1.000000000000000000 ) ) ;
#1425 = AXIS2_PLACEMENT_3D ( 'NONE', #1012, #2172, #447 ) ;
#1426 = TOROIDAL_SURFACE ( 'NONE', #1276, 4.962434040380267142, 1.336333916423512624 ) ;
#1427 = ORIENTED_EDGE ( 'NONE', *, *, #1890, .F. ) ;
#1428 = DIRECTION ( 'NONE',  ( 0.000000000000000000, 0.000000000000000000, -1.000000000000000000 ) ) ;
#1429 = CIRCLE ( 'NONE', #2431, 0.2930148828668953653 ) ;
#1430 = DIRECTION ( 'NONE',  ( 1.000000000000000000, 0.000000000000000000, 0.000000000000000000 ) ) ;
#1431 = DIRECTION ( 'NONE',  ( -0.000000000000000000, 0.000000000000000000, 1.000000000000000000 ) ) ;
#1432 = ORIENTED_EDGE ( 'NONE', *, *, #1742, .T. ) ;
#1433 = LINE ( 'NONE', #2178, #2255 ) ;
#1434 = ORIENTED_EDGE ( 'NONE', *, *, #1721, .F. ) ;
#1435 = EDGE_CURVE ( 'NONE', #2324, #672, #648, .T. ) ;
#1436 = SURFACE_STYLE_USAGE ( .BOTH. , #121 ) ;
#1437 = LINE ( 'NONE', #2410, #2167 ) ;
#1438 = ORIENTED_EDGE ( 'NONE', *, *, #2181, .T. ) ;
#1439 = DIRECTION ( 'NONE',  ( 0.000000000000000000, -1.000000000000000000, 0.000000000000000000 ) ) ;
#1440 = VERTEX_POINT ( 'NONE', #803 ) ;
#1441 = CARTESIAN_POINT ( 'NONE',  ( -5.500000000000000888, -1.559582560326999731E-15, 14.88604869734249014 ) ) ;
#1442 = SURFACE_SIDE_STYLE ('',( #1806 ) ) ;
#1443 = ORIENTED_EDGE ( 'NONE', *, *, #219, .T. ) ;
#1444 = CARTESIAN_POINT ( 'NONE',  ( -4.500000000000000888, 0.000000000000000000, -3.000000000000000000 ) ) ;
#1445 =( NAMED_UNIT ( * ) PLANE_ANGLE_UNIT ( ) SI_UNIT ( $, .RADIAN. ) );
#1446 = DIRECTION ( 'NONE',  ( 1.000000000000000000, -0.000000000000000000, -0.000000000000000000 ) ) ;
#1447 = FACE_OUTER_BOUND ( 'NONE', #1603, .T. ) ;
#1448 = ORIENTED_EDGE ( 'NONE', *, *, #2350, .F. ) ;
#1449 = FACE_OUTER_BOUND ( 'NONE', #1133, .T. ) ;
#1450 = EDGE_CURVE ( 'NONE', #1771, #883, #2326, .T. ) ;
#1451 = ORIENTED_EDGE ( 'NONE', *, *, #47, .T. ) ;
#1452 = CARTESIAN_POINT ( 'NONE',  ( -18.64999999999999858, 0.000000000000000000, 8.500000000000003553 ) ) ;
#1453 = LINE ( 'NONE', #2198, #1551 ) ;
#1454 = CARTESIAN_POINT ( 'NONE',  ( -15.40000000000000036, -0.2956429178970470528, 4.905497790976929728 ) ) ;
#1455 = CYLINDRICAL_SURFACE ( 'NONE', #2090, 4.000000000000000000 ) ;
#1456 = EDGE_CURVE ( 'NONE', #521, #410, #411, .T. ) ;
#1457 = EDGE_LOOP ( 'NONE', ( #927, #1605 ) ) ;
#1458 = SURFACE_STYLE_USAGE ( .BOTH. , #103 ) ;
#1459 = ORIENTED_EDGE ( 'NONE', *, *, #575, .F. ) ;
#1460 = AXIS2_PLACEMENT_3D ( 'NONE', #2406, #2201, #1677 ) ;
#1461 = CARTESIAN_POINT ( 'NONE',  ( -14.45796775497038666, 4.898587196589412829E-16, 4.500000000000003553 ) ) ;
#1462 = ORIENTED_EDGE ( 'NONE', *, *, #2035, .T. ) ;
#1463 = CARTESIAN_POINT ( 'NONE',  ( -5.500000000000001776, 0.000000000000000000, 12.50000000000000355 ) ) ;
#1464 = AXIS2_PLACEMENT_3D ( 'NONE', #2110, #1776, #57 ) ;
#1465 = VECTOR ( 'NONE', #326, 1000.000000000000000 ) ;
#1466 = VERTEX_POINT ( 'NONE', #1950 ) ;
#1467 = DIRECTION ( 'NONE',  ( -1.000000000000000000, -0.000000000000000000, -0.000000000000000000 ) ) ;
#1468 = CARTESIAN_POINT ( 'NONE',  ( -5.000000000000000888, 4.999999999999997335, 1.000000000000000000 ) ) ;
#1469 = FACE_OUTER_BOUND ( 'NONE', #1613, .T. ) ;
#1470 = CARTESIAN_POINT ( 'NONE',  ( -15.50000000000000000, 0.000000000000000000, 8.500000000000003553 ) ) ;
#1471 = AXIS2_PLACEMENT_3D ( 'NONE', #2038, #42, #1582 ) ;
#1472 = CIRCLE ( 'NONE', #547, 0.5249999999999994671 ) ;
#1473 = LINE ( 'NONE', #1496, #1465 ) ;
#1474 = EDGE_CURVE ( 'NONE', #634, #1479, #1078, .T. ) ;
#1475 = VERTEX_POINT ( 'NONE', #609 ) ;
#1476 = ORIENTED_EDGE ( 'NONE', *, *, #970, .F. ) ;
#1477 = ORIENTED_EDGE ( 'NONE', *, *, #752, .T. ) ;
#1478 = FILL_AREA_STYLE_COLOUR ( '', #502 ) ;
#1479 = VERTEX_POINT ( 'NONE', #1939 ) ;
#1480 = CARTESIAN_POINT ( 'NONE',  ( 5.499999999999999112, 5.499999999999998224, 15.00000000000000000 ) ) ;
#1481 = ORIENTED_EDGE ( 'NONE', *, *, #1988, .T. ) ;
#1482 = PRESENTATION_STYLE_ASSIGNMENT (( #554 ) ) ;
#1483 = CARTESIAN_POINT ( 'NONE',  ( 5.499999999999999112, -5.500000000000000000, -3.000000000000000000 ) ) ;
#1484 = DIRECTION ( 'NONE',  ( -1.000000000000000000, -0.000000000000000000, -0.000000000000000000 ) ) ;
#1485 = DIRECTION ( 'NONE',  ( 0.000000000000000000, 1.047444401652940007E-14, 1.000000000000000000 ) ) ;
#1486 = ORIENTED_EDGE ( 'NONE', *, *, #2097, .F. ) ;
#1487 = ADVANCED_FACE ( 'NONE', ( #1002 ), #1766, .T. ) ;
#1488 = VERTEX_POINT ( 'NONE', #1208 ) ;
#1489 = DIRECTION ( 'NONE',  ( 0.000000000000000000, 1.047444401652940007E-14, 1.000000000000000000 ) ) ;
#1490 = EDGE_LOOP ( 'NONE', ( #1252, #1224 ) ) ;
#1491 = ADVANCED_FACE ( 'NONE', ( #2339 ), #2318, .T. ) ;
#1492 = FILL_AREA_STYLE_COLOUR ( '', #1313 ) ;
#1493 = DIRECTION ( 'NONE',  ( 0.000000000000000000, 1.000000000000000000, -3.491481338843133355E-15 ) ) ;
#1494 = FACE_OUTER_BOUND ( 'NONE', #1374, .T. ) ;
#1495 = CARTESIAN_POINT ( 'NONE',  ( -15.40000000000000036, 1.561251128379126385E-14, 12.98865028915409070 ) ) ;
#1496 = CARTESIAN_POINT ( 'NONE',  ( -5.000000000000000888, -4.999999999999999112, 0.5000000000000000000 ) ) ;
#1497 = CARTESIAN_POINT ( 'NONE',  ( -15.40000000000000036, 1.214306433183764966E-14, 12.09450220902308182 ) ) ;
#1498 = ORIENTED_EDGE ( 'NONE', *, *, #1830, .T. ) ;
#1499 = EDGE_CURVE ( 'NONE', #1347, #1881, #618, .T. ) ;
#1500 = EDGE_CURVE ( 'NONE', #843, #715, #1917, .T. ) ;
#1501 = FACE_OUTER_BOUND ( 'NONE', #1777, .T. ) ;
#1502 = ORIENTED_EDGE ( 'NONE', *, *, #1659, .F. ) ;
#1503 = PLANE ( 'NONE',  #2264 ) ;
#1504 = AXIS2_PLACEMENT_3D ( 'NONE', #2459, #179, #1310 ) ;
#1505 = FILL_AREA_STYLE_COLOUR ( '', #54 ) ;
#1506 = FILL_AREA_STYLE ('',( #1535 ) ) ;
#1507 = DIRECTION ( 'NONE',  ( 0.000000000000000000, 0.000000000000000000, 1.000000000000000000 ) ) ;
#1508 = AXIS2_PLACEMENT_3D ( 'NONE', #1058, #2462, #7 ) ;
#1509 = PRESENTATION_LAYER_ASSIGNMENT (  '', '', ( #1626 ) ) ;
#1510 = SURFACE_SIDE_STYLE ('',( #538 ) ) ;
#1511 = VECTOR ( 'NONE', #1748, 1000.000000000000000 ) ;
#1512 = MECHANICAL_DESIGN_GEOMETRIC_PRESENTATION_REPRESENTATION (  '', ( #2165 ), #1550 ) ;
#1513 =( LENGTH_UNIT ( ) NAMED_UNIT ( * ) SI_UNIT ( .MILLI., .METRE. ) );
#1514 = VERTEX_POINT ( 'NONE', #790 ) ;
#1515 = AXIS2_PLACEMENT_3D ( 'NONE', #1523, #1600, #210 ) ;
#1516 = STYLED_ITEM ( 'NONE', ( #923 ), #1137 ) ;
#1517 = AXIS2_PLACEMENT_3D ( 'NONE', #178, #2458, #2277 ) ;
#1518 = VECTOR ( 'NONE', #2351, 1000.000000000000000 ) ;
#1519 = ORIENTED_EDGE ( 'NONE', *, *, #2164, .F. ) ;
#1520 = LINE ( 'NONE', #2272, #1314 ) ;
#1521 = ORIENTED_EDGE ( 'NONE', *, *, #236, .F. ) ;
#1522 = PRODUCT_DEFINITION_SHAPE ( 'NONE', 'NONE',  #1366 ) ;
#1523 = CARTESIAN_POINT ( 'NONE',  ( 0.000000000000000000, 0.000000000000000000, 0.5000000000000000000 ) ) ;
#1524 = EDGE_CURVE ( 'NONE', #815, #1734, #2109, .T. ) ;
#1525 = CARTESIAN_POINT ( 'NONE',  ( -15.40000000000000036, 1.214306433183764966E-14, 12.09450220902308182 ) ) ;
#1526 = CARTESIAN_POINT ( 'NONE',  ( -18.64999999999999858, 0.000000000000000000, 8.500000000000003553 ) ) ;
#1527 = FACE_OUTER_BOUND ( 'NONE', #1015, .T. ) ;
#1528 = DIRECTION ( 'NONE',  ( 0.000000000000000000, -0.000000000000000000, -1.000000000000000000 ) ) ;
#1529 = ORIENTED_EDGE ( 'NONE', *, *, #1128, .T. ) ;
#1530 = LINE ( 'NONE', #2305, #2299 ) ;
#1531 = EDGE_LOOP ( 'NONE', ( #1377, #1352, #885, #1000 ) ) ;
#1532 = CARTESIAN_POINT ( 'NONE',  ( -3.689708863013538842, 5.499999999999999112, 14.49610930346095294 ) ) ;
#1533 = PLANE ( 'NONE',  #2125 ) ;
#1534 = ORIENTED_EDGE ( 'NONE', *, *, #1735, .F. ) ;
#1535 = FILL_AREA_STYLE_COLOUR ( '', #1826 ) ;
#1536 = DIRECTION ( 'NONE',  ( 0.000000000000000000, 1.000000000000000000, -5.867630749677288163E-15 ) ) ;
#1537 = EDGE_CURVE ( 'NONE', #271, #828, #1712, .T. ) ;
#1538 = SURFACE_STYLE_FILL_AREA ( #776 ) ;
#1539 = EDGE_CURVE ( 'NONE', #2229, #881, #94, .T. ) ;
#1540 = CARTESIAN_POINT ( 'NONE',  ( -5.500000000000000888, -4.500000000000001776, -3.000000000000000000 ) ) ;
#1541 = CARTESIAN_POINT ( 'NONE',  ( -0.9962491554143899641, -5.499999999999999112, 14.88253623951084315 ) ) ;
#1542 = ORIENTED_EDGE ( 'NONE', *, *, #1499, .T. ) ;
#1543 = CARTESIAN_POINT ( 'NONE',  ( -15.40000000000000036, 1.561251128379126385E-14, 12.98865028915409070 ) ) ;
#1544 = DIRECTION ( 'NONE',  ( -1.000000000000000000, -0.000000000000000000, -0.000000000000000000 ) ) ;
#1545 = EDGE_CURVE ( 'NONE', #173, #2173, #984, .T. ) ;
#1546 = AXIS2_PLACEMENT_3D ( 'NONE', #2197, #685, #1686 ) ;
#1547 = FILL_AREA_STYLE ('',( #1991 ) ) ;
#1548 = CIRCLE ( 'NONE', #1390, 0.4588604245875926857 ) ;
#1549 = ORIENTED_EDGE ( 'NONE', *, *, #1915, .T. ) ;
#1550 =( GEOMETRIC_REPRESENTATION_CONTEXT ( 3 ) GLOBAL_UNCERTAINTY_ASSIGNED_CONTEXT ( ( #1564 ) ) GLOBAL_UNIT_ASSIGNED_CONTEXT ( ( #248, #613, #603 ) ) REPRESENTATION_CONTEXT ( 'NONE', 'WORKASPACE' ) );
#1551 = VECTOR ( 'NONE', #698, 1000.000000000000000 ) ;
#1552 = PRESENTATION_LAYER_ASSIGNMENT (  '', '', ( #1516 ) ) ;
#1553 = DIRECTION ( 'NONE',  ( 0.000000000000000000, 0.000000000000000000, 1.000000000000000000 ) ) ;
#1554 =( NAMED_UNIT ( * ) PLANE_ANGLE_UNIT ( ) SI_UNIT ( $, .RADIAN. ) );
#1555 = ORIENTED_EDGE ( 'NONE', *, *, #1995, .F. ) ;
#1556 = CARTESIAN_POINT ( 'NONE',  ( -18.64999999999999858, 0.000000000000000000, 8.500000000000003553 ) ) ;
#1557 = DIRECTION ( 'NONE',  ( 0.000000000000000000, -0.000000000000000000, 1.000000000000000000 ) ) ;
#1558 = CARTESIAN_POINT ( 'NONE',  ( -5.000000000000000888, 4.999999999999997335, 1.000000000000000000 ) ) ;
#1559 = CARTESIAN_POINT ( 'NONE',  ( 0.000000000000000000, 0.000000000000000000, 0.000000000000000000 ) ) ;
#1560 = ADVANCED_FACE ( 'NONE', ( #2416 ), #129, .T. ) ;
#1561 = EDGE_LOOP ( 'NONE', ( #877, #1669 ) ) ;
#1562 = CARTESIAN_POINT ( 'NONE',  ( -15.38506486644313753, 0.000000000000000000, 8.500000000000003553 ) ) ;
#1563 = DIRECTION ( 'NONE',  ( -1.000000000000000000, -0.000000000000000000, -0.000000000000000000 ) ) ;
#1564 = UNCERTAINTY_MEASURE_WITH_UNIT (LENGTH_MEASURE( 1.000000000000000082E-05 ), #248, 'distance_accuracy_value', 'NONE');
#1565 = ADVANCED_FACE ( 'NONE', ( #1661 ), #1455, .T. ) ;
#1566 = ORIENTED_EDGE ( 'NONE', *, *, #1757, .T. ) ;
#1567 = ORIENTED_EDGE ( 'NONE', *, *, #2417, .F. ) ;
#1568 = DIRECTION ( 'NONE',  ( 0.000000000000000000, 0.000000000000000000, -1.000000000000000000 ) ) ;
#1569 = VERTEX_POINT ( 'NONE', #1043 ) ;
#1570 = CARTESIAN_POINT ( 'NONE',  ( -7.374945823318573623, 0.000000000000000000, 8.500000000000003553 ) ) ;
#1571 = EDGE_CURVE ( 'NONE', #573, #2138, #900, .T. ) ;
#1572 = CARTESIAN_POINT ( 'NONE',  ( -5.000000000000000888, -4.999999999999999112, 0.5000000000000000000 ) ) ;
#1573 = DIRECTION ( 'NONE',  ( -1.000000000000000000, 0.000000000000000000, 0.000000000000000000 ) ) ;
#1574 = DIRECTION ( 'NONE',  ( -1.000000000000000000, 0.000000000000000000, 0.000000000000000000 ) ) ;
#1575 = ORIENTED_EDGE ( 'NONE', *, *, #2035, .F. ) ;
#1576 = ADVANCED_FACE ( 'NONE', ( #2018 ), #285, .T. ) ;
#1577 = DIRECTION ( 'NONE',  ( 0.000000000000000000, 0.000000000000000000, -1.000000000000000000 ) ) ;
#1578 = DIRECTION ( 'NONE',  ( 0.000000000000000000, 0.000000000000000000, 1.000000000000000000 ) ) ;
#1579 = CARTESIAN_POINT ( 'NONE',  ( 0.000000000000000000, 4.499999999999998224, -3.000000000000000000 ) ) ;
#1580 = VECTOR ( 'NONE', #1274, 1000.000000000000000 ) ;
#1581 = EDGE_LOOP ( 'NONE', ( #932, #2355 ) ) ;
#1582 = DIRECTION ( 'NONE',  ( 0.000000000000000000, -1.224646799147352961E-16, 1.000000000000000000 ) ) ;
#1583 = CARTESIAN_POINT ( 'NONE',  ( 0.000000000000000000, 0.000000000000000000, -3.000000000000000000 ) ) ;
#1584 = AXIS2_PLACEMENT_3D ( 'NONE', #1583, #1768, #1019 ) ;
#1585 = AXIS2_PLACEMENT_3D ( 'NONE', #1821, #109, #165 ) ;
#1586 = FACE_OUTER_BOUND ( 'NONE', #1220, .T. ) ;
#1587 = ORIENTED_EDGE ( 'NONE', *, *, #777, .F. ) ;
#1588 = AXIS2_PLACEMENT_3D ( 'NONE', #1106, #2446, #550 ) ;
#1589 =( LENGTH_UNIT ( ) NAMED_UNIT ( * ) SI_UNIT ( .MILLI., .METRE. ) );
#1590 =( GEOMETRIC_REPRESENTATION_CONTEXT ( 3 ) GLOBAL_UNCERTAINTY_ASSIGNED_CONTEXT ( ( #1733 ) ) GLOBAL_UNIT_ASSIGNED_CONTEXT ( ( #2325, #1755, #1787 ) ) REPRESENTATION_CONTEXT ( 'NONE', 'WORKASPACE' ) );
#1591 = ORIENTED_EDGE ( 'NONE', *, *, #2070, .T. ) ;
#1592 = CARTESIAN_POINT ( 'NONE',  ( 5.186921369030999429, 0.000000000000000000, 15.00000000000000000 ) ) ;
#1593 = EDGE_CURVE ( 'NONE', #1942, #205, #823, .T. ) ;
#1594 = DIRECTION ( 'NONE',  ( 0.000000000000000000, 1.047444401652940007E-14, 1.000000000000000000 ) ) ;
#1595 = CARTESIAN_POINT ( 'NONE',  ( 5.499999999999999112, 4.499999999999997335, 0.000000000000000000 ) ) ;
#1596 = CARTESIAN_POINT ( 'NONE',  ( 0.000000000000000000, 0.000000000000000000, -2.499999999999986677 ) ) ;
#1597 = ORIENTED_EDGE ( 'NONE', *, *, #817, .F. ) ;
#1598 = CARTESIAN_POINT ( 'NONE',  ( 0.000000000000000000, 0.000000000000000000, -3.000000000000000000 ) ) ;
#1599 = ORIENTED_EDGE ( 'NONE', *, *, #219, .F. ) ;
#1600 = DIRECTION ( 'NONE',  ( 0.000000000000000000, 0.000000000000000000, -1.000000000000000000 ) ) ;
#1601 = CARTESIAN_POINT ( 'NONE',  ( -15.40000000000000036, -0.2956429178970557126, 4.011349710845921734 ) ) ;
#1602 = DIRECTION ( 'NONE',  ( 0.000000000000000000, 0.000000000000000000, -1.000000000000000000 ) ) ;
#1603 = EDGE_LOOP ( 'NONE', ( #2130, #2213, #987, #287 ) ) ;
#1604 = CARTESIAN_POINT ( 'NONE',  ( -16.31216197791588840, 0.000000000000000000, 12.50000000000000355 ) ) ;
#1605 = ORIENTED_EDGE ( 'NONE', *, *, #2464, .T. ) ;
#1606 = CARTESIAN_POINT ( 'NONE',  ( -5.500000000000000888, -5.500000000000001776, 14.05686095701002181 ) ) ;
#1607 = ADVANCED_FACE ( 'NONE', ( #853 ), #469, .F. ) ;
#1608 = CARTESIAN_POINT ( 'NONE',  ( 5.500000000000000888, -3.706666235767249518, 14.49214505767089101 ) ) ;
#1609 = EDGE_CURVE ( 'NONE', #951, #271, #1617, .T. ) ;
#1610 = VERTEX_POINT ( 'NONE', #514 ) ;
#1611 = FACE_OUTER_BOUND ( 'NONE', #1175, .T. ) ;
#1612 = CARTESIAN_POINT ( 'NONE',  ( -4.500000000000000888, 0.000000000000000000, -3.000000000000000000 ) ) ;
#1613 = EDGE_LOOP ( 'NONE', ( #749, #2342, #212, #1968, #1052, #2477, #2361, #1879, #1597, #2320, #49, #1367 ) ) ;
#1614 = ORIENTED_EDGE ( 'NONE', *, *, #134, .F. ) ;
#1615 = DIRECTION ( 'NONE',  ( -1.000000000000000000, -0.000000000000000000, -0.000000000000000000 ) ) ;
#1616 = ORIENTED_EDGE ( 'NONE', *, *, #553, .T. ) ;
#1617 = LINE ( 'NONE', #2216, #1028 ) ;
#1618 = DIRECTION ( 'NONE',  ( 0.000000000000000000, 0.000000000000000000, 1.000000000000000000 ) ) ;
#1619 = ORIENTED_EDGE ( 'NONE', *, *, #404, .F. ) ;
#1620 = FACE_OUTER_BOUND ( 'NONE', #1097, .T. ) ;
#1621 = ADVANCED_FACE ( 'NONE', ( #1291, #2030 ), #1852, .T. ) ;
#1622 = AXIS2_PLACEMENT_3D ( 'NONE', #1543, #938, #1536 ) ;
#1623 = DIRECTION ( 'NONE',  ( 0.000000000000000000, 0.000000000000000000, 1.000000000000000000 ) ) ;
#1624 = AXIS2_PLACEMENT_3D ( 'NONE', #2319, #1405, #224 ) ;
#1625 = EDGE_LOOP ( 'NONE', ( #1567, #471, #549, #1549 ) ) ;
#1626 = STYLED_ITEM ( 'NONE', ( #354 ), #530 ) ;
#1627 = VECTOR ( 'NONE', #2271, 1000.000000000000000 ) ;
#1628 = ORIENTED_EDGE ( 'NONE', *, *, #1474, .F. ) ;
#1629 = FACE_OUTER_BOUND ( 'NONE', #1731, .T. ) ;
#1630 = VECTOR ( 'NONE', #2260, 1000.000000000000000 ) ;
#1631 = MECHANICAL_DESIGN_GEOMETRIC_PRESENTATION_REPRESENTATION (  '', ( #458 ), #1119 ) ;
#1632 = MANIFOLD_SOLID_BREP ( 'CirPattern1[1]', #13 ) ;
#1633 = EDGE_LOOP ( 'NONE', ( #281, #328, #1046, #336 ) ) ;
#1634 = AXIS2_PLACEMENT_3D ( 'NONE', #994, #840, #637 ) ;
#1635 = AXIS2_PLACEMENT_3D ( 'NONE', #2078, #1150, #1900 ) ;
#1636 = DIRECTION ( 'NONE',  ( 0.000000000000000000, -0.000000000000000000, -1.000000000000000000 ) ) ;
#1637 = DIRECTION ( 'NONE',  ( 7.885106708985489034E-17, -1.000000000000000000, 0.000000000000000000 ) ) ;
#1638 = DIRECTION ( 'NONE',  ( -0.000000000000000000, -0.000000000000000000, 1.000000000000000000 ) ) ;
#1639 = ORIENTED_EDGE ( 'NONE', *, *, #683, .F. ) ;
#1640 = EDGE_CURVE ( 'NONE', #209, #1247, #1113, .T. ) ;
#1641 =( LENGTH_UNIT ( ) NAMED_UNIT ( * ) SI_UNIT ( .MILLI., .METRE. ) );
#1642 = ADVANCED_FACE ( 'NONE', ( #939 ), #1863, .T. ) ;
#1643 = VERTEX_POINT ( 'NONE', #1877 ) ;
#1644 = PLANE ( 'NONE',  #988 ) ;
#1645 = ORIENTED_EDGE ( 'NONE', *, *, #841, .F. ) ;
#1646 = DIRECTION ( 'NONE',  ( -0.000000000000000000, -0.000000000000000000, -1.000000000000000000 ) ) ;
#1647 = CARTESIAN_POINT ( 'NONE',  ( -5.500000000000000888, 5.499999999999998224, 1.000000000000000000 ) ) ;
#1648 = CARTESIAN_POINT ( 'NONE',  ( -4.500000000000000888, 0.000000000000000000, 0.000000000000000000 ) ) ;
#1649 = DIRECTION ( 'NONE',  ( 0.000000000000000000, 0.000000000000000000, 1.000000000000000000 ) ) ;
#1650 = EDGE_LOOP ( 'NONE', ( #2304, #133, #1192, #2456 ) ) ;
#1651 = FACE_BOUND ( 'NONE', #1130, .T. ) ;
#1652 = FILL_AREA_STYLE ('',( #724 ) ) ;
#1653 = CYLINDRICAL_SURFACE ( 'NONE', #922, 4.000000000000000000 ) ;
#1654 = EDGE_CURVE ( 'NONE', #1479, #634, #1740, .T. ) ;
#1655 = FACE_OUTER_BOUND ( 'NONE', #1650, .T. ) ;
#1656 = CARTESIAN_POINT ( 'NONE',  ( -4.500000000000000888, -4.500000000000001776, 0.000000000000000000 ) ) ;
#1657 = ORIENTED_EDGE ( 'NONE', *, *, #2334, .T. ) ;
#1658 = CARTESIAN_POINT ( 'NONE',  ( -5.500000000000000888, 5.499999999999998224, 15.00000000000000000 ) ) ;
#1659 = EDGE_CURVE ( 'NONE', #1514, #1475, #2378, .T. ) ;
#1660 = ORIENTED_EDGE ( 'NONE', *, *, #678, .T. ) ;
#1661 = FACE_OUTER_BOUND ( 'NONE', #2285, .T. ) ;
#1662 = VERTEX_POINT ( 'NONE', #149 ) ;
#1663 = CARTESIAN_POINT ( 'NONE',  ( -5.500000000000000888, -5.500000000000001776, 0.000000000000000000 ) ) ;
#1664 = AXIS2_PLACEMENT_3D ( 'NONE', #1941, #1209, #1951 ) ;
#1665 = ORIENTED_EDGE ( 'NONE', *, *, #402, .T. ) ;
#1666 = CARTESIAN_POINT ( 'NONE',  ( -15.40000000000000036, -8.499999999999991118, 12.09450220902311202 ) ) ;
#1667 = VECTOR ( 'NONE', #1982, 1000.000000000000000 ) ;
#1668 = VECTOR ( 'NONE', #703, 1000.000000000000000 ) ;
#1669 = ORIENTED_EDGE ( 'NONE', *, *, #1073, .F. ) ;
#1670 = CARTESIAN_POINT ( 'NONE',  ( -5.500000000000001776, 4.898587196589412829E-16, 4.500000000000003553 ) ) ;
#1671 = CARTESIAN_POINT ( 'NONE',  ( 5.499999999999999112, 4.499999999999997335, -3.000000000000000000 ) ) ;
#1672 = MECHANICAL_DESIGN_GEOMETRIC_PRESENTATION_REPRESENTATION (  '', ( #2006 ), #2425 ) ;
#1673 = EDGE_CURVE ( 'NONE', #1466, #1887, #2122, .T. ) ;
#1674 = MECHANICAL_DESIGN_GEOMETRIC_PRESENTATION_REPRESENTATION (  '', ( #544 ), #2426 ) ;
#1675 = PRESENTATION_LAYER_ASSIGNMENT (  '', '', ( #2211 ) ) ;
#1676 = AXIS2_PLACEMENT_3D ( 'NONE', #395, #1346, #1911 ) ;
#1677 = DIRECTION ( 'NONE',  ( 0.000000000000000000, 0.000000000000000000, 1.000000000000000000 ) ) ;
#1678 = VECTOR ( 'NONE', #2369, 1000.000000000000000 ) ;
#1679 = ORIENTED_EDGE ( 'NONE', *, *, #2322, .T. ) ;
#1680 = CARTESIAN_POINT ( 'NONE',  ( -15.40000000000000036, 0.2956429178970210181, 12.09450220902308004 ) ) ;
#1681 = ORIENTED_EDGE ( 'NONE', *, *, #2322, .F. ) ;
#1682 = CARTESIAN_POINT ( 'NONE',  ( -5.500000000000000888, -5.500000000000001776, -3.000000000000000000 ) ) ;
#1683 = FACE_OUTER_BOUND ( 'NONE', #1531, .T. ) ;
#1684 = ORIENTED_EDGE ( 'NONE', *, *, #1834, .T. ) ;
#1685 = MANIFOLD_SOLID_BREP ( 'CirPattern1[3]', #1925 ) ;
#1686 = DIRECTION ( 'NONE',  ( 0.000000000000000000, 0.000000000000000000, 1.000000000000000000 ) ) ;
#1687 = DIRECTION ( 'NONE',  ( 0.000000000000000000, 0.000000000000000000, -1.000000000000000000 ) ) ;
#1688 = EDGE_CURVE ( 'NONE', #2061, #1662, #772, .T. ) ;
#1689 = CARTESIAN_POINT ( 'NONE',  ( 5.499999999999999112, 5.499999999999998224, 1.000000000000000000 ) ) ;
#1690 = LINE ( 'NONE', #2448, #1112 ) ;
#1691 = ORIENTED_EDGE ( 'NONE', *, *, #284, .T. ) ;
#1692 = EDGE_CURVE ( 'NONE', #607, #676, #507, .T. ) ;
#1693 = FACE_OUTER_BOUND ( 'NONE', #295, .T. ) ;
#1694 = VERTEX_POINT ( 'NONE', #737 ) ;
#1695 = CARTESIAN_POINT ( 'NONE',  ( -5.500000000000000888, -5.500000000000001776, 0.5000000000000004441 ) ) ;
#1696 = CARTESIAN_POINT ( 'NONE',  ( 0.000000000000000000, 0.000000000000000000, -3.000000000000000000 ) ) ;
#1697 = UNCERTAINTY_MEASURE_WITH_UNIT (LENGTH_MEASURE( 1.000000000000000082E-05 ), #1072, 'distance_accuracy_value', 'NONE');
#1698 = ORIENTED_EDGE ( 'NONE', *, *, #443, .F. ) ;
#1699 = DIRECTION ( 'NONE',  ( 0.000000000000000000, -3.491481338843133355E-15, -1.000000000000000000 ) ) ;
#1700 = CARTESIAN_POINT ( 'NONE',  ( 0.4749999999999999778, 0.000000000000000000, 0.000000000000000000 ) ) ;
#1701 = DIRECTION ( 'NONE',  ( -0.000000000000000000, -0.000000000000000000, 1.000000000000000000 ) ) ;
#1702 = DIRECTION ( 'NONE',  ( 1.000000000000000000, 0.000000000000000000, -0.000000000000000000 ) ) ;
#1703 = CARTESIAN_POINT ( 'NONE',  ( -4.500000000000000888, -4.500000000000001776, -3.000000000000000000 ) ) ;
#1704 = ORIENTED_EDGE ( 'NONE', *, *, #1333, .F. ) ;
#1705 = VERTEX_POINT ( 'NONE', #2254 ) ;
#1706 = FACE_OUTER_BOUND ( 'NONE', #910, .T. ) ;
#1707 = SHAPE_DEFINITION_REPRESENTATION ( #1522, #175 ) ;
#1708 = EDGE_LOOP ( 'NONE', ( #755, #2270, #446, #934 ) ) ;
#1709 = AXIS2_PLACEMENT_3D ( 'NONE', #130, #889, #2219 ) ;
#1710 = PLANE ( 'NONE',  #258 ) ;
#1711 = CARTESIAN_POINT ( 'NONE',  ( -5.500000000000000888, 5.499999999999998224, 15.00000000000000000 ) ) ;
#1712 = CIRCLE ( 'NONE', #1353, 1.500000000000001332 ) ;
#1713 = AXIS2_PLACEMENT_3D ( 'NONE', #1239, #1428, #2174 ) ;
#1714 = MECHANICAL_DESIGN_GEOMETRIC_PRESENTATION_REPRESENTATION (  '', ( #2206 ), #2471 ) ;
#1715 = CIRCLE ( 'NONE', #2379, 1.433361018914286023 ) ;
#1716 = ORIENTED_EDGE ( 'NONE', *, *, #700, .F. ) ;
#1717 = VECTOR ( 'NONE', #1439, 1000.000000000000000 ) ;
#1718 = ORIENTED_EDGE ( 'NONE', *, *, #208, .F. ) ;
#1719 = EDGE_CURVE ( 'NONE', #205, #235, #1158, .T. ) ;
#1720 = ORIENTED_EDGE ( 'NONE', *, *, #2070, .F. ) ;
#1721 = EDGE_CURVE ( 'NONE', #1327, #436, #2063, .T. ) ;
#1722 = FACE_OUTER_BOUND ( 'NONE', #408, .T. ) ;
#1723 = CARTESIAN_POINT ( 'NONE',  ( 5.500000000000000000, -5.500000000000000000, 1.000000000000000888 ) ) ;
#1724 = ORIENTED_EDGE ( 'NONE', *, *, #735, .T. ) ;
#1725 = CARTESIAN_POINT ( 'NONE',  ( 0.000000000000000000, -4.500000000000000000, -3.000000000000000000 ) ) ;
#1726 = DIRECTION ( 'NONE',  ( -0.000000000000000000, -0.000000000000000000, 1.000000000000000000 ) ) ;
#1727 = VERTEX_POINT ( 'NONE', #1540 ) ;
#1728 = DIRECTION ( 'NONE',  ( 0.000000000000000000, 1.000000000000000000, 0.000000000000000000 ) ) ;
#1729 = EDGE_CURVE ( 'NONE', #2450, #521, #560, .T. ) ;
#1730 = CARTESIAN_POINT ( 'NONE',  ( -15.38506486644313753, 6.077228963531561000E-16, 3.537565959619737299 ) ) ;
#1731 = EDGE_LOOP ( 'NONE', ( #1451, #2259, #2196, #1432 ) ) ;
#1732 = CARTESIAN_POINT ( 'NONE',  ( 5.499999999999999112, 5.499999999999998224, 14.05686095701002358 ) ) ;
#1733 = UNCERTAINTY_MEASURE_WITH_UNIT (LENGTH_MEASURE( 1.000000000000000082E-05 ), #2325, 'distance_accuracy_value', 'NONE');
#1734 = VERTEX_POINT ( 'NONE', #432 ) ;
#1735 = EDGE_CURVE ( 'NONE', #1371, #676, #543, .T. ) ;
#1736 = SURFACE_SIDE_STYLE ('',( #2349 ) ) ;
#1737 = DIRECTION ( 'NONE',  ( 0.9396926207859093161, 0.000000000000000000, -0.3420201433256660484 ) ) ;
#1738 = AXIS2_PLACEMENT_3D ( 'NONE', #2136, #2154, #1404 ) ;
#1739 = AXIS2_PLACEMENT_3D ( 'NONE', #1752, #37, #48 ) ;
#1740 = CIRCLE ( 'NONE', #1388, 3.090443576638624013 ) ;
#1741 = VECTOR ( 'NONE', #1594, 1000.000000000000000 ) ;
#1742 = EDGE_CURVE ( 'NONE', #1108, #186, #2140, .T. ) ;
#1743 = CARTESIAN_POINT ( 'NONE',  ( -5.500000000000000888, -5.500000000000001776, 15.00000000000000000 ) ) ;
#1744 = AXIS2_PLACEMENT_3D ( 'NONE', #1875, #739, #364 ) ;
#1745 = ORIENTED_EDGE ( 'NONE', *, *, #1719, .T. ) ;
#1746 = TOROIDAL_SURFACE ( 'NONE', #302, 4.962434040380267142, 1.336333916423512624 ) ;
#1747 = DIRECTION ( 'NONE',  ( 0.000000000000000000, -1.000000000000000000, 1.173526149935457633E-14 ) ) ;
#1748 = DIRECTION ( 'NONE',  ( 0.000000000000000000, -3.491481338843133355E-15, -1.000000000000000000 ) ) ;
#1749 =( GEOMETRIC_REPRESENTATION_CONTEXT ( 3 ) GLOBAL_UNCERTAINTY_ASSIGNED_CONTEXT ( ( #1762 ) ) GLOBAL_UNIT_ASSIGNED_CONTEXT ( ( #2311, #1554, #974 ) ) REPRESENTATION_CONTEXT ( 'NONE', 'WORKASPACE' ) );
#1750 = SURFACE_SIDE_STYLE ('',( #1215 ) ) ;
#1751 = VERTEX_POINT ( 'NONE', #1572 ) ;
#1752 = CARTESIAN_POINT ( 'NONE',  ( -5.500000000000000888, 0.000000000000000000, 8.500000000000003553 ) ) ;
#1753 = ORIENTED_EDGE ( 'NONE', *, *, #335, .F. ) ;
#1754 = DIRECTION ( 'NONE',  ( 1.000000000000000000, 0.000000000000000000, 0.000000000000000000 ) ) ;
#1755 =( NAMED_UNIT ( * ) PLANE_ANGLE_UNIT ( ) SI_UNIT ( $, .RADIAN. ) );
#1756 = DIRECTION ( 'NONE',  ( 0.000000000000000000, 0.000000000000000000, -1.000000000000000000 ) ) ;
#1757 = EDGE_CURVE ( 'NONE', #558, #654, #1943, .T. ) ;
#1758 = CARTESIAN_POINT ( 'NONE',  ( -5.500000000000000888, -5.500000000000001776, 0.5000000000000000000 ) ) ;
#1759 = VERTEX_POINT ( 'NONE', #1214 ) ;
#1760 = EDGE_CURVE ( 'NONE', #2384, #1907, #812, .T. ) ;
#1761 = CARTESIAN_POINT ( 'NONE',  ( -15.50000000000000000, 0.000000000000000000, 8.500000000000003553 ) ) ;
#1762 = UNCERTAINTY_MEASURE_WITH_UNIT (LENGTH_MEASURE( 1.000000000000000082E-05 ), #2311, 'distance_accuracy_value', 'NONE');
#1763 = ORIENTED_EDGE ( 'NONE', *, *, #880, .F. ) ;
#1764 = CARTESIAN_POINT ( 'NONE',  ( -5.500000000000001776, -2.335341739389143356, 14.71813558839575897 ) ) ;
#1765 = CARTESIAN_POINT ( 'NONE',  ( 4.999999999999999112, -4.999999999999999112, 0.5000000000000000000 ) ) ;
#1766 = CYLINDRICAL_SURFACE ( 'NONE', #308, 4.000000000000000000 ) ;
#1767 = VERTEX_POINT ( 'NONE', #1601 ) ;
#1768 = DIRECTION ( 'NONE',  ( -0.000000000000000000, -0.000000000000000000, 1.000000000000000000 ) ) ;
#1769 = EDGE_CURVE ( 'NONE', #1247, #209, #2261, .T. ) ;
#1770 = CARTESIAN_POINT ( 'NONE',  ( 5.499999999999999112, 5.499999999999998224, 14.05686095701002358 ) ) ;
#1771 = VERTEX_POINT ( 'NONE', #1036 ) ;
#1772 = ORIENTED_EDGE ( 'NONE', *, *, #2288, .F. ) ;
#1773 = CARTESIAN_POINT ( 'NONE',  ( -4.500000000000000888, 4.499999999999998224, 0.000000000000000000 ) ) ;
#1774 = LINE ( 'NONE', #525, #266 ) ;
#1775 = ORIENTED_EDGE ( 'NONE', *, *, #2278, .F. ) ;
#1776 = DIRECTION ( 'NONE',  ( -1.000000000000000000, -7.885106708985489034E-17, 0.000000000000000000 ) ) ;
#1777 = EDGE_LOOP ( 'NONE', ( #1977, #1745, #1809, #1427 ) ) ;
#1778 = VECTOR ( 'NONE', #2452, 1000.000000000000000 ) ;
#1779 = VECTOR ( 'NONE', #2127, 1000.000000000000000 ) ;
#1780 = CARTESIAN_POINT ( 'NONE',  ( 5.499999999999999112, 8.860269651130860476E-16, 14.88604869734249192 ) ) ;
#1781 = AXIS2_PLACEMENT_3D ( 'NONE', #1221, #1258, #1051 ) ;
#1782 = ADVANCED_FACE ( 'NONE', ( #237 ), #708, .F. ) ;
#1783 = CIRCLE ( 'NONE', #2386, 0.2956429178970088611 ) ;
#1784 = VERTEX_POINT ( 'NONE', #1176 ) ;
#1785 = LINE ( 'NONE', #2185, #1667 ) ;
#1786 = ADVANCED_FACE ( 'NONE', ( #1611 ), #1007, .T. ) ;
#1787 =( NAMED_UNIT ( * ) SI_UNIT ( $, .STERADIAN. ) SOLID_ANGLE_UNIT ( ) );
#1788 = DIRECTION ( 'NONE',  ( 1.000000000000000000, -0.000000000000000000, -0.000000000000000000 ) ) ;
#1789 = ORIENTED_EDGE ( 'NONE', *, *, #2164, .T. ) ;
#1790 = FILL_AREA_STYLE ('',( #288 ) ) ;
#1791 = DIRECTION ( 'NONE',  ( 0.000000000000000000, 1.047444401652940007E-14, 1.000000000000000000 ) ) ;
#1792 = ORIENTED_EDGE ( 'NONE', *, *, #1609, .T. ) ;
#1793 = CARTESIAN_POINT ( 'NONE',  ( -15.50000000000000000, 0.000000000000000000, 7.975000000000004974 ) ) ;
#1794 = EDGE_CURVE ( 'NONE', #997, #1466, #594, .T. ) ;
#1795 = ORIENTED_EDGE ( 'NONE', *, *, #1369, .F. ) ;
#1796 = CARTESIAN_POINT ( 'NONE',  ( -15.40000000000000036, 0.4588604245876048426, 12.09450220902308004 ) ) ;
#1797 = DIRECTION ( 'NONE',  ( 0.000000000000000000, 1.000000000000000000, 0.000000000000000000 ) ) ;
#1798 = EDGE_CURVE ( 'NONE', #1892, #74, #1418, .T. ) ;
#1799 = DIRECTION ( 'NONE',  ( 1.000000000000000000, 0.000000000000000000, 0.000000000000000000 ) ) ;
#1800 = LINE ( 'NONE', #1016, #1196 ) ;
#1801 = ORIENTED_EDGE ( 'NONE', *, *, #1811, .F. ) ;
#1802 = CARTESIAN_POINT ( 'NONE',  ( 5.499999999999999112, 2.335341739389140692, 14.71813558839575720 ) ) ;
#1803 = ORIENTED_EDGE ( 'NONE', *, *, #876, .T. ) ;
#1804 = ORIENTED_EDGE ( 'NONE', *, *, #335, .T. ) ;
#1805 = CARTESIAN_POINT ( 'NONE',  ( -5.500000000000000888, 6.429395695523597497E-17, 9.025000000000003908 ) ) ;
#1806 = SURFACE_STYLE_FILL_AREA ( #674 ) ;
#1807 = EDGE_CURVE ( 'NONE', #1034, #1488, #1785, .T. ) ;
#1808 = CARTESIAN_POINT ( 'NONE',  ( 5.499999999999999112, 5.499999999999998224, 14.05686095701002358 ) ) ;
#1809 = ORIENTED_EDGE ( 'NONE', *, *, #575, .T. ) ;
#1810 = DIRECTION ( 'NONE',  ( 0.000000000000000000, 1.000000000000000000, 0.000000000000000000 ) ) ;
#1811 = EDGE_CURVE ( 'NONE', #2144, #607, #1070, .T. ) ;
#1812 = VECTOR ( 'NONE', #675, 1000.000000000000000 ) ;
#1813 =( NAMED_UNIT ( * ) SI_UNIT ( $, .STERADIAN. ) SOLID_ANGLE_UNIT ( ) );
#1814 = AXIS2_PLACEMENT_3D ( 'NONE', #902, #706, #1618 ) ;
#1815 = ORIENTED_EDGE ( 'NONE', *, *, #284, .F. ) ;
#1816 =( GEOMETRIC_REPRESENTATION_CONTEXT ( 3 ) GLOBAL_UNCERTAINTY_ASSIGNED_CONTEXT ( ( #1326 ) ) GLOBAL_UNIT_ASSIGNED_CONTEXT ( ( #1330, #1068, #2433 ) ) REPRESENTATION_CONTEXT ( 'NONE', 'WORKASPACE' ) );
#1817 = COLOUR_RGB ( '',0.8431372549019607865, 0.8431372549019607865, 0.8431372549019607865 ) ;
#1818 = CARTESIAN_POINT ( 'NONE',  ( -15.40000000000000036, 1.214306433183764966E-14, 12.09450220902308182 ) ) ;
#1819 = CARTESIAN_POINT ( 'NONE',  ( -8.459649443741692920, 6.046063515612067546E-16, 3.563014479095876652 ) ) ;
#1820 = DIRECTION ( 'NONE',  ( 1.000000000000000000, 0.000000000000000000, 0.000000000000000000 ) ) ;
#1821 = CARTESIAN_POINT ( 'NONE',  ( -15.40000000000000036, -3.816391647148975608E-14, 4.905497790976926176 ) ) ;
#1822 = EDGE_LOOP ( 'NONE', ( #1339, #1459 ) ) ;
#1823 = DIRECTION ( 'NONE',  ( 1.000000000000000000, -0.000000000000000000, -0.000000000000000000 ) ) ;
#1824 = PRESENTATION_LAYER_ASSIGNMENT (  '', '', ( #1318 ) ) ;
#1825 = EDGE_LOOP ( 'NONE', ( #1170, #439, #2072, #1197 ) ) ;
#1826 = COLOUR_RGB ( '',0.8627450980392157298, 0.5882352941176470784, 0.06274509803921568540 ) ;
#1827 = AXIS2_PLACEMENT_3D ( 'NONE', #1596, #259, #1382 ) ;
#1828 = DIRECTION ( 'NONE',  ( 0.000000000000000000, 0.000000000000000000, 1.000000000000000000 ) ) ;
#1829 = DIRECTION ( 'NONE',  ( -1.000000000000000000, 0.000000000000000000, -0.000000000000000000 ) ) ;
#1830 = EDGE_CURVE ( 'NONE', #1870, #1767, #1897, .T. ) ;
#1831 = ORIENTED_EDGE ( 'NONE', *, *, #1233, .F. ) ;
#1832 =( NAMED_UNIT ( * ) PLANE_ANGLE_UNIT ( ) SI_UNIT ( $, .RADIAN. ) );
#1833 = DIRECTION ( 'NONE',  ( 0.000000000000000000, 0.000000000000000000, -1.000000000000000000 ) ) ;
#1834 = EDGE_CURVE ( 'NONE', #1759, #951, #2163, .T. ) ;
#1835 = DIRECTION ( 'NONE',  ( 0.000000000000000000, 0.000000000000000000, 1.000000000000000000 ) ) ;
#1836 = ORIENTED_EDGE ( 'NONE', *, *, #1342, .T. ) ;
#1837 = DIRECTION ( 'NONE',  ( 0.000000000000000000, -1.000000000000000000, 0.000000000000000000 ) ) ;
#1838 = PLANE ( 'NONE',  #2093 ) ;
#1839 = CARTESIAN_POINT ( 'NONE',  ( -14.45796775497038666, 0.000000000000000000, 8.500000000000003553 ) ) ;
#1840 = CARTESIAN_POINT ( 'NONE',  ( 4.500000000000000000, -0.000000000000000000, 0.000000000000000000 ) ) ;
#1841 = DIRECTION ( 'NONE',  ( 0.000000000000000000, -1.000000000000000000, 0.000000000000000000 ) ) ;
#1842 = VERTEX_POINT ( 'NONE', #1592 ) ;
#1843 = ADVANCED_FACE ( 'NONE', ( #67, #1629 ), #2133, .T. ) ;
#1844 =( LENGTH_UNIT ( ) NAMED_UNIT ( * ) SI_UNIT ( .MILLI., .METRE. ) );
#1845 = CARTESIAN_POINT ( 'NONE',  ( -15.40000000000000036, 8.499999999999966249, 4.905497790976838246 ) ) ;
#1846 = DIRECTION ( 'NONE',  ( 1.000000000000000000, -0.000000000000000000, -0.000000000000000000 ) ) ;
#1847 = ORIENTED_EDGE ( 'NONE', *, *, #1041, .T. ) ;
#1848 = DIRECTION ( 'NONE',  ( 0.000000000000000000, -3.491481338843133355E-15, -1.000000000000000000 ) ) ;
#1849 = ORIENTED_EDGE ( 'NONE', *, *, #723, .F. ) ;
#1850 = FACE_OUTER_BOUND ( 'NONE', #794, .T. ) ;
#1851 = LINE ( 'NONE', #1085, #420 ) ;
#1852 = PLANE ( 'NONE',  #2159 ) ;
#1853 = PRESENTATION_STYLE_ASSIGNMENT (( #1088 ) ) ;
#1854 = CARTESIAN_POINT ( 'NONE',  ( -15.38506486644313753, 0.000000000000000000, 8.500000000000003553 ) ) ;
#1855 = EDGE_LOOP ( 'NONE', ( #1959, #360, #763, #368 ) ) ;
#1856 = DIRECTION ( 'NONE',  ( -1.000000000000000000, 0.000000000000000000, 0.000000000000000000 ) ) ;
#1857 = DIRECTION ( 'NONE',  ( 0.000000000000000000, -3.491481338843133355E-15, -1.000000000000000000 ) ) ;
#1858 = CIRCLE ( 'NONE', #1893, 4.000000000000000000 ) ;
#1859 = SURFACE_SIDE_STYLE ('',( #2444 ) ) ;
#1860 = ORIENTED_EDGE ( 'NONE', *, *, #492, .F. ) ;
#1861 = LINE ( 'NONE', #2026, #1116 ) ;
#1862 = EDGE_CURVE ( 'NONE', #112, #2143, #1193, .T. ) ;
#1863 = CONICAL_SURFACE ( 'NONE', #2340, 0.2930148828668953653, 0.3490658503988633976 ) ;
#1864 = LINE ( 'NONE', #1876, #147 ) ;
#1865 = AXIS2_PLACEMENT_3D ( 'NONE', #635, #437, #1082 ) ;
#1866 = STYLED_ITEM ( 'NONE', ( #863 ), #844 ) ;
#1867 = EDGE_CURVE ( 'NONE', #410, #521, #2056, .T. ) ;
#1868 =( GEOMETRIC_REPRESENTATION_CONTEXT ( 3 ) GLOBAL_UNCERTAINTY_ASSIGNED_CONTEXT ( ( #229 ) ) GLOBAL_UNIT_ASSIGNED_CONTEXT ( ( #510, #2036, #137 ) ) REPRESENTATION_CONTEXT ( 'NONE', 'WORKASPACE' ) );
#1869 = CARTESIAN_POINT ( 'NONE',  ( -0.4749999999999999778, 5.817072295949928412E-17, 0.000000000000000000 ) ) ;
#1870 = VERTEX_POINT ( 'NONE', #2348 ) ;
#1871 = EDGE_LOOP ( 'NONE', ( #593, #644, #1434, #1481 ) ) ;
#1872 =( NAMED_UNIT ( * ) PLANE_ANGLE_UNIT ( ) SI_UNIT ( $, .RADIAN. ) );
#1873 = LINE ( 'NONE', #2182, #19 ) ;
#1874 = EDGE_LOOP ( 'NONE', ( #1681, #733, #424, #980 ) ) ;
#1875 = CARTESIAN_POINT ( 'NONE',  ( 0.000000000000000000, 0.000000000000000000, 0.000000000000000000 ) ) ;
#1876 = CARTESIAN_POINT ( 'NONE',  ( -5.500000000000000888, 0.000000000000000000, -3.000000000000000000 ) ) ;
#1877 = CARTESIAN_POINT ( 'NONE',  ( -15.40000000000000036, 0.2956429178969707250, 4.905497790976922623 ) ) ;
#1878 = EDGE_CURVE ( 'NONE', #1694, #2413, #1548, .T. ) ;
#1879 = ORIENTED_EDGE ( 'NONE', *, *, #518, .T. ) ;
#1880 = CYLINDRICAL_SURFACE ( 'NONE', #454, 0.2956429178970088611 ) ;
#1881 = VERTEX_POINT ( 'NONE', #849 ) ;
#1882 = DIRECTION ( 'NONE',  ( 0.000000000000000000, 0.000000000000000000, -1.000000000000000000 ) ) ;
#1883 = PLANE ( 'NONE',  #1504 ) ;
#1884 = PRODUCT ( 'BNC-LR-PC-1(40)', 'BNC-LR-PC-1(40)', '', ( #519 ) ) ;
#1885 = CARTESIAN_POINT ( 'NONE',  ( -15.38506486644313753, 0.000000000000000000, 8.500000000000003553 ) ) ;
#1886 = DIRECTION ( 'NONE',  ( 0.000000000000000000, 1.000000000000000000, -3.780503575866047735E-15 ) ) ;
#1887 = VERTEX_POINT ( 'NONE', #1796 ) ;
#1888 = ADVANCED_FACE ( 'NONE', ( #645 ), #920, .T. ) ;
#1889 = VERTEX_POINT ( 'NONE', #655 ) ;
#1890 = EDGE_CURVE ( 'NONE', #1942, #868, #294, .T. ) ;
#1891 = FACE_OUTER_BOUND ( 'NONE', #2420, .T. ) ;
#1892 = VERTEX_POINT ( 'NONE', #2387 ) ;
#1893 = AXIS2_PLACEMENT_3D ( 'NONE', #1348, #963, #170 ) ;
#1894 =( NAMED_UNIT ( * ) PLANE_ANGLE_UNIT ( ) SI_UNIT ( $, .RADIAN. ) );
#1895 = AXIS2_PLACEMENT_3D ( 'NONE', #996, #2146, #2000 ) ;
#1896 = CIRCLE ( 'NONE', #1739, 0.5249999999999994671 ) ;
#1897 = CIRCLE ( 'NONE', #2474, 0.2956429178970088611 ) ;
#1898 = STYLED_ITEM ( 'NONE', ( #362 ), #859 ) ;
#1899 = CYLINDRICAL_SURFACE ( 'NONE', #1149, 3.090443576638624013 ) ;
#1900 = DIRECTION ( 'NONE',  ( 1.000000000000000000, 0.000000000000000000, 0.000000000000000000 ) ) ;
#1901 = COLOUR_RGB ( '',0.9607843137254902244, 0.9607843137254902244, 0.9607843137254902244 ) ;
#1902 = AXIS2_PLACEMENT_3D ( 'NONE', #2033, #1489, #505 ) ;
#1903 = VECTOR ( 'NONE', #1701, 1000.000000000000000 ) ;
#1904 =( LENGTH_UNIT ( ) NAMED_UNIT ( * ) SI_UNIT ( .MILLI., .METRE. ) );
#1905 = EDGE_CURVE ( 'NONE', #379, #1771, #1064, .T. ) ;
#1906 = CARTESIAN_POINT ( 'NONE',  ( 1.837936138604383318, -5.500000000000002665, 14.78380975284735399 ) ) ;
#1907 = VERTEX_POINT ( 'NONE', #1773 ) ;
#1908 = DIRECTION ( 'NONE',  ( 0.000000000000000000, -0.000000000000000000, 1.000000000000000000 ) ) ;
#1909 = LINE ( 'NONE', #587, #1962 ) ;
#1910 = CARTESIAN_POINT ( 'NONE',  ( 4.499999999999999112, 4.499999999999998224, -3.000000000000000000 ) ) ;
#1911 = DIRECTION ( 'NONE',  ( 0.000000000000000000, 0.000000000000000000, -1.000000000000000000 ) ) ;
#1912 = ORIENTED_EDGE ( 'NONE', *, *, #82, .F. ) ;
#1913 = EDGE_CURVE ( 'NONE', #2413, #1694, #785, .T. ) ;
#1914 = CARTESIAN_POINT ( 'NONE',  ( -15.50000000000000000, 0.000000000000000000, 8.500000000000003553 ) ) ;
#1915 = EDGE_CURVE ( 'NONE', #490, #359, #2013, .T. ) ;
#1916 = LINE ( 'NONE', #1165, #298 ) ;
#1917 = LINE ( 'NONE', #978, #1186 ) ;
#1918 = DIRECTION ( 'NONE',  ( 0.000000000000000000, -3.491481338843133355E-15, -1.000000000000000000 ) ) ;
#1919 = VERTEX_POINT ( 'NONE', #1463 ) ;
#1920 = DIRECTION ( 'NONE',  ( 0.000000000000000000, 1.000000000000000000, 0.000000000000000000 ) ) ;
#1921 = CARTESIAN_POINT ( 'NONE',  ( -15.50000000000000000, 0.000000000000000000, 8.500000000000003553 ) ) ;
#1922 = FILL_AREA_STYLE_COLOUR ( '', #353 ) ;
#1923 = VERTEX_POINT ( 'NONE', #896 ) ;
#1924 = EDGE_CURVE ( 'NONE', #1784, #2413, #535, .T. ) ;
#1925 = CLOSED_SHELL ( 'NONE', ( #976, #2080, #1079, #770, #639, #854 ) ) ;
#1926 = DIRECTION ( 'NONE',  ( 1.000000000000000000, 0.000000000000000000, 0.000000000000000000 ) ) ;
#1927 = VECTOR ( 'NONE', #500, 1000.000000000000000 ) ;
#1928 = EDGE_CURVE ( 'NONE', #1643, #190, #588, .T. ) ;
#1929 = CIRCLE ( 'NONE', #2205, 0.5249999999999994671 ) ;
#1930 = AXIS2_PLACEMENT_3D ( 'NONE', #441, #1563, #2113 ) ;
#1931 = DIRECTION ( 'NONE',  ( -1.000000000000000000, 0.000000000000000000, 0.000000000000000000 ) ) ;
#1932 = ORIENTED_EDGE ( 'NONE', *, *, #6, .F. ) ;
#1933 = AXIS2_PLACEMENT_3D ( 'NONE', #608, #52, #428 ) ;
#1934 = AXIS2_PLACEMENT_3D ( 'NONE', #2360, #1384, #1210 ) ;
#1935 = LINE ( 'NONE', #1216, #391 ) ;
#1936 = ORIENTED_EDGE ( 'NONE', *, *, #1244, .F. ) ;
#1937 = ORIENTED_EDGE ( 'NONE', *, *, #1742, .F. ) ;
#1938 = FACE_OUTER_BOUND ( 'NONE', #1958, .T. ) ;
#1939 = CARTESIAN_POINT ( 'NONE',  ( -5.500000000000001776, 3.784701834075988991E-16, 5.409556423361379984 ) ) ;
#1940 = ADVANCED_FACE ( 'NONE', ( #138 ), #1503, .T. ) ;
#1941 = CARTESIAN_POINT ( 'NONE',  ( 0.000000000000000000, 0.000000000000000000, 0.000000000000000000 ) ) ;
#1942 = VERTEX_POINT ( 'NONE', #728 ) ;
#1943 = LINE ( 'NONE', #2328, #1779 ) ;
#1944 = CARTESIAN_POINT ( 'NONE',  ( 4.999999999999999112, 4.999999999999997335, 1.000000000000000000 ) ) ;
#1945 = ORIENTED_EDGE ( 'NONE', *, *, #1415, .T. ) ;
#1946 = PLANE ( 'NONE',  #867 ) ;
#1947 = ORIENTED_EDGE ( 'NONE', *, *, #1199, .T. ) ;
#1948 = DIRECTION ( 'NONE',  ( 0.000000000000000000, 1.047444401652940007E-14, 1.000000000000000000 ) ) ;
#1949 = DIRECTION ( 'NONE',  ( -1.000000000000000000, 0.000000000000000000, 0.000000000000000000 ) ) ;
#1950 = CARTESIAN_POINT ( 'NONE',  ( -15.40000000000000036, -0.4588604245875804732, 12.09450220902308359 ) ) ;
#1951 = DIRECTION ( 'NONE',  ( 1.000000000000000000, 0.000000000000000000, 0.000000000000000000 ) ) ;
#1952 = CARTESIAN_POINT ( 'NONE',  ( -18.64999999999999858, 3.784701834075988991E-16, 5.409556423361379984 ) ) ;
#1953 = ADVANCED_FACE ( 'NONE', ( #928, #2457 ), #168, .T. ) ;
#1954 = ORIENTED_EDGE ( 'NONE', *, *, #316, .F. ) ;
#1955 = DIRECTION ( 'NONE',  ( -1.000000000000000000, -0.000000000000000000, -0.000000000000000000 ) ) ;
#1956 = CARTESIAN_POINT ( 'NONE',  ( -8.459649443741692920, 0.000000000000000000, 8.500000000000003553 ) ) ;
#1957 = PLANE ( 'NONE',  #1969 ) ;
#1958 = EDGE_LOOP ( 'NONE', ( #2071, #1684 ) ) ;
#1959 = ORIENTED_EDGE ( 'NONE', *, *, #817, .T. ) ;
#1960 = CARTESIAN_POINT ( 'NONE',  ( -5.500000000000001776, -1.874165362684279357, 14.77942217843366812 ) ) ;
#1961 = SURFACE_STYLE_USAGE ( .BOTH. , #1736 ) ;
#1962 = VECTOR ( 'NONE', #947, 1000.000000000000000 ) ;
#1963 = EDGE_LOOP ( 'NONE', ( #161, #1521, #1077, #2244 ) ) ;
#1964 = AXIS2_PLACEMENT_3D ( 'NONE', #527, #557, #1301 ) ;
#1965 = CARTESIAN_POINT ( 'NONE',  ( -18.64999999999999858, 0.000000000000000000, 8.500000000000003553 ) ) ;
#1966 = CIRCLE ( 'NONE', #621, 0.5249999999999994671 ) ;
#1967 = DIRECTION ( 'NONE',  ( -1.000000000000000000, 0.000000000000000000, 0.000000000000000000 ) ) ;
#1968 = ORIENTED_EDGE ( 'NONE', *, *, #1905, .F. ) ;
#1969 = AXIS2_PLACEMENT_3D ( 'NONE', #1612, #667, #1602 ) ;
#1970 = ADVANCED_FACE ( 'NONE', ( #1449 ), #350, .F. ) ;
#1971 = CARTESIAN_POINT ( 'NONE',  ( -15.50000000000000000, 0.000000000000000000, 8.500000000000003553 ) ) ;
#1972 = VECTOR ( 'NONE', #894, 1000.000000000000000 ) ;
#1973 = ORIENTED_EDGE ( 'NONE', *, *, #605, .F. ) ;
#1974 = DIRECTION ( 'NONE',  ( 0.000000000000000000, 0.000000000000000000, 1.000000000000000000 ) ) ;
#1975 = CARTESIAN_POINT ( 'NONE',  ( -15.38506486644313753, 4.440691910191459041E-16, 4.873899876043250146 ) ) ;
#1976 = LINE ( 'NONE', #1045, #383 ) ;
#1977 = ORIENTED_EDGE ( 'NONE', *, *, #735, .F. ) ;
#1978 = CYLINDRICAL_SURFACE ( 'NONE', #1964, 0.3749999999999986122 ) ;
#1979 = DIRECTION ( 'NONE',  ( 0.000000000000000000, 1.000000000000000000, 0.000000000000000000 ) ) ;
#1980 = CARTESIAN_POINT ( 'NONE',  ( -5.500000000000000888, 5.499999999999998224, 0.5000000000000000000 ) ) ;
#1981 = SURFACE_SIDE_STYLE ('',( #2449 ) ) ;
#1982 = DIRECTION ( 'NONE',  ( 1.000000000000000000, -0.000000000000000000, -0.000000000000000000 ) ) ;
#1983 = EDGE_CURVE ( 'NONE', #333, #883, #1123, .T. ) ;
#1984 = ORIENTED_EDGE ( 'NONE', *, *, #2019, .F. ) ;
#1985 = DIRECTION ( 'NONE',  ( 0.000000000000000000, 1.000000000000000000, -3.780503575866047735E-15 ) ) ;
#1986 = DIRECTION ( 'NONE',  ( 0.000000000000000000, -0.000000000000000000, 1.000000000000000000 ) ) ;
#1987 = FILL_AREA_STYLE_COLOUR ( '', #1817 ) ;
#1988 = EDGE_CURVE ( 'NONE', #1327, #2250, #1328, .T. ) ;
#1989 = ORIENTED_EDGE ( 'NONE', *, *, #1499, .F. ) ;
#1990 = PLANE ( 'NONE',  #194 ) ;
#1991 = FILL_AREA_STYLE_COLOUR ( '', #2128 ) ;
#1992 = ORIENTED_EDGE ( 'NONE', *, *, #2481, .T. ) ;
#1993 = DIRECTION ( 'NONE',  ( 0.000000000000000000, -1.000000000000000000, 1.134151072759814400E-14 ) ) ;
#1994 = ORIENTED_EDGE ( 'NONE', *, *, #394, .T. ) ;
#1995 = EDGE_CURVE ( 'NONE', #1006, #1889, #1861, .T. ) ;
#1996 = DIRECTION ( 'NONE',  ( -1.000000000000000000, -0.000000000000000000, -0.000000000000000000 ) ) ;
#1997 = DIRECTION ( 'NONE',  ( -1.000000000000000000, 0.000000000000000000, -0.000000000000000000 ) ) ;
#1998 = DIRECTION ( 'NONE',  ( 0.000000000000000000, 0.000000000000000000, 1.000000000000000000 ) ) ;
#1999 = ADVANCED_FACE ( 'NONE', ( #695, #152 ), #2066, .F. ) ;
#2000 = DIRECTION ( 'NONE',  ( 0.000000000000000000, 0.000000000000000000, 1.000000000000000000 ) ) ;
#2001 = ORIENTED_EDGE ( 'NONE', *, *, #2362, .T. ) ;
#2002 =( LENGTH_UNIT ( ) NAMED_UNIT ( * ) SI_UNIT ( .MILLI., .METRE. ) );
#2003 =( NAMED_UNIT ( * ) PLANE_ANGLE_UNIT ( ) SI_UNIT ( $, .RADIAN. ) );
#2004 = TOROIDAL_SURFACE ( 'NONE', #541, 4.962434040380267142, 1.336333916423512624 ) ;
#2005 = MECHANICAL_DESIGN_GEOMETRIC_PRESENTATION_REPRESENTATION (  '', ( #2160 ), #344 ) ;
#2006 = STYLED_ITEM ( 'NONE', ( #892 ), #1685 ) ;
#2007 = AXIS2_PLACEMENT_3D ( 'NONE', #2364, #1573, #238 ) ;
#2008 = CARTESIAN_POINT ( 'NONE',  ( 0.000000000000000000, 0.000000000000000000, -3.000000000000000000 ) ) ;
#2009 = CYLINDRICAL_SURFACE ( 'NONE', #925, 0.2956429178970088611 ) ;
#2010 = CARTESIAN_POINT ( 'NONE',  ( 4.500000000000000000, -4.500000000000000000, 0.000000000000000000 ) ) ;
#2011 = ORIENTED_EDGE ( 'NONE', *, *, #914, .F. ) ;
#2012 = DIRECTION ( 'NONE',  ( -0.000000000000000000, 0.000000000000000000, -1.000000000000000000 ) ) ;
#2013 = CIRCLE ( 'NONE', #1865, 0.4749999999999999778 ) ;
#2014 = AXIS2_PLACEMENT_3D ( 'NONE', #895, #693, #2210 ) ;
#2015 = ORIENTED_EDGE ( 'NONE', *, *, #31, .F. ) ;
#2016 = AXIS2_PLACEMENT_3D ( 'NONE', #406, #1949, #1241 ) ;
#2017 = CARTESIAN_POINT ( 'NONE',  ( -5.500000000000000888, 1.879555976795329153, 14.79326056251148458 ) ) ;
#2018 = FACE_OUTER_BOUND ( 'NONE', #1625, .T. ) ;
#2019 = EDGE_CURVE ( 'NONE', #573, #881, #2401, .T. ) ;
#2020 = CARTESIAN_POINT ( 'NONE',  ( -15.38506486644313753, 6.077228963531561000E-16, 3.537565959619737299 ) ) ;
#2021 = EDGE_LOOP ( 'NONE', ( #2049, #76, #1994, #2480 ) ) ;
#2022 = EDGE_CURVE ( 'NONE', #1475, #1610, #2380, .T. ) ;
#2023 = LINE ( 'NONE', #369, #2123 ) ;
#2024 = SURFACE_STYLE_USAGE ( .BOTH. , #1285 ) ;
#2025 = ORIENTED_EDGE ( 'NONE', *, *, #1769, .T. ) ;
#2026 = CARTESIAN_POINT ( 'NONE',  ( -15.40000000000000036, -0.2956429178969967042, 12.09450220902308359 ) ) ;
#2027 = ORIENTED_EDGE ( 'NONE', *, *, #2302, .F. ) ;
#2028 = SURFACE_STYLE_FILL_AREA ( #536 ) ;
#2029 = CARTESIAN_POINT ( 'NONE',  ( -5.500000000000000888, 3.706666235767247741, 14.49214505767089101 ) ) ;
#2030 = FACE_BOUND ( 'NONE', #2463, .T. ) ;
#2031 = VERTEX_POINT ( 'NONE', #884 ) ;
#2032 = ADVANCED_FACE ( 'NONE', ( #2245 ), #1644, .F. ) ;
#2033 = CARTESIAN_POINT ( 'NONE',  ( -15.40000000000000036, -4.683753385137379155E-14, 4.011349710845918182 ) ) ;
#2034 = ORIENTED_EDGE ( 'NONE', *, *, #1293, .T. ) ;
#2035 = EDGE_CURVE ( 'NONE', #1322, #562, #1297, .T. ) ;
#2036 =( NAMED_UNIT ( * ) PLANE_ANGLE_UNIT ( ) SI_UNIT ( $, .RADIAN. ) );
#2037 = VERTEX_POINT ( 'NONE', #310 ) ;
#2038 = CARTESIAN_POINT ( 'NONE',  ( -8.459649443741692920, 6.046063515612067546E-16, 3.563014479095876652 ) ) ;
#2039 = ORIENTED_EDGE ( 'NONE', *, *, #914, .T. ) ;
#2040 = DIRECTION ( 'NONE',  ( 0.000000000000000000, 0.000000000000000000, 1.000000000000000000 ) ) ;
#2041 = CARTESIAN_POINT ( 'NONE',  ( 5.500000000000000000, -5.500000000000000000, 15.00000000000000000 ) ) ;
#2042 =( NAMED_UNIT ( * ) SI_UNIT ( $, .STERADIAN. ) SOLID_ANGLE_UNIT ( ) );
#2043 = FACE_OUTER_BOUND ( 'NONE', #30, .T. ) ;
#2044 = LINE ( 'NONE', #1089, #2372 ) ;
#2045 = VERTEX_POINT ( 'NONE', #522 ) ;
#2046 =( LENGTH_UNIT ( ) NAMED_UNIT ( * ) SI_UNIT ( .MILLI., .METRE. ) );
#2047 = CARTESIAN_POINT ( 'NONE',  ( -15.38506486644313753, 0.000000000000000000, 8.500000000000003553 ) ) ;
#2048 = VECTOR ( 'NONE', #2478, 1000.000000000000000 ) ;
#2049 = ORIENTED_EDGE ( 'NONE', *, *, #318, .F. ) ;
#2050 = CARTESIAN_POINT ( 'NONE',  ( -15.40000000000000036, -0.4588604245876308774, 4.905497790976931505 ) ) ;
#2051 = AXIS2_PLACEMENT_3D ( 'NONE', #2247, #2460, #556 ) ;
#2052 = EDGE_CURVE ( 'NONE', #1514, #830, #104, .T. ) ;
#2053 = VECTOR ( 'NONE', #813, 1000.000000000000000 ) ;
#2054 = SURFACE_STYLE_USAGE ( .BOTH. , #2286 ) ;
#2055 = FACE_OUTER_BOUND ( 'NONE', #1708, .T. ) ;
#2056 = CIRCLE ( 'NONE', #751, 0.4749999999999999778 ) ;
#2057 = CIRCLE ( 'NONE', #1118, 5.186921369030999429 ) ;
#2058 = MECHANICAL_DESIGN_GEOMETRIC_PRESENTATION_REPRESENTATION (  '', ( #1318 ), #1749 ) ;
#2059 = CARTESIAN_POINT ( 'NONE',  ( -5.500000000000000888, 4.499999999999998224, 0.000000000000000000 ) ) ;
#2060 = CARTESIAN_POINT ( 'NONE',  ( 4.999999999999999112, 4.999999999999997335, 1.000000000000000000 ) ) ;
#2061 = VERTEX_POINT ( 'NONE', #1399 ) ;
#2062 = VERTEX_POINT ( 'NONE', #1226 ) ;
#2063 = LINE ( 'NONE', #1725, #1627 ) ;
#2064 = CARTESIAN_POINT ( 'NONE',  ( -18.64999999999999858, 0.000000000000000000, 12.50000000000000355 ) ) ;
#2065 = DIRECTION ( 'NONE',  ( 0.000000000000000000, 0.000000000000000000, -1.000000000000000000 ) ) ;
#2066 = PLANE ( 'NONE',  #1744 ) ;
#2067 =( LENGTH_UNIT ( ) NAMED_UNIT ( * ) SI_UNIT ( .MILLI., .METRE. ) );
#2068 = LINE ( 'NONE', #2473, #861 ) ;
#2069 = ADVANCED_FACE ( 'NONE', ( #440, #1018 ), #61, .F. ) ;
#2070 = EDGE_CURVE ( 'NONE', #293, #379, #981, .T. ) ;
#2071 = ORIENTED_EDGE ( 'NONE', *, *, #1005, .T. ) ;
#2072 = ORIENTED_EDGE ( 'NONE', *, *, #6, .T. ) ;
#2073 = CARTESIAN_POINT ( 'NONE',  ( -15.40000000000000036, -3.816391647148975608E-14, 4.905497790976926176 ) ) ;
#2074 = ORIENTED_EDGE ( 'NONE', *, *, #1415, .F. ) ;
#2075 = CARTESIAN_POINT ( 'NONE',  ( 5.499999999999999112, 5.499999999999998224, 1.000000000000000000 ) ) ;
#2076 = CARTESIAN_POINT ( 'NONE',  ( -4.500000000000000888, 4.499999999999998224, -3.000000000000000000 ) ) ;
#2077 = LINE ( 'NONE', #207, #2155 ) ;
#2078 = CARTESIAN_POINT ( 'NONE',  ( 0.000000000000000000, 0.000000000000000000, 15.00000000000000000 ) ) ;
#2079 = EDGE_LOOP ( 'NONE', ( #140, #2104, #632, #924 ) ) ;
#2080 = ADVANCED_FACE ( 'NONE', ( #1185 ), #2321, .F. ) ;
#2081 = EDGE_LOOP ( 'NONE', ( #1772, #1259, #1792, #1335 ) ) ;
#2082 = ORIENTED_EDGE ( 'NONE', *, *, #1659, .T. ) ;
#2083 = CARTESIAN_POINT ( 'NONE',  ( -18.64999999999999858, 0.000000000000000000, 12.50000000000000355 ) ) ;
#2084 = CARTESIAN_POINT ( 'NONE',  ( 0.9962491554143851902, 5.499999999999997335, 14.88253623951084670 ) ) ;
#2085 = CARTESIAN_POINT ( 'NONE',  ( 5.500000000000000000, -5.500000000000000000, 14.05686095701002358 ) ) ;
#2086 = EDGE_LOOP ( 'NONE', ( #2098, #1011, #1083, #2158 ) ) ;
#2087 = CLOSED_SHELL ( 'NONE', ( #859, #377, #2412, #476, #2134, #1137 ) ) ;
#2088 = CARTESIAN_POINT ( 'NONE',  ( -5.500000000000000888, 5.499999999999998224, 15.00000000000000000 ) ) ;
#2089 = AXIS2_PLACEMENT_3D ( 'NONE', #1598, #1568, #1931 ) ;
#2090 = AXIS2_PLACEMENT_3D ( 'NONE', #1277, #1484, #1998 ) ;
#2091 = LINE ( 'NONE', #761, #213 ) ;
#2092 = AXIS2_PLACEMENT_3D ( 'NONE', #1243, #461, #1408 ) ;
#2093 = AXIS2_PLACEMENT_3D ( 'NONE', #716, #887, #1636 ) ;
#2094 = EDGE_CURVE ( 'NONE', #2143, #112, #1356, .T. ) ;
#2095 = ORIENTED_EDGE ( 'NONE', *, *, #24, .T. ) ;
#2096 = CARTESIAN_POINT ( 'NONE',  ( -15.50000000000000000, 0.000000000000000000, 7.000000000000002665 ) ) ;
#2097 = EDGE_CURVE ( 'NONE', #1919, #2194, #831, .T. ) ;
#2098 = ORIENTED_EDGE ( 'NONE', *, *, #2396, .F. ) ;
#2099 = DIRECTION ( 'NONE',  ( 0.000000000000000000, 1.000000000000000000, 0.000000000000000000 ) ) ;
#2100 = DIRECTION ( 'NONE',  ( 0.000000000000000000, 0.000000000000000000, 1.000000000000000000 ) ) ;
#2101 = CARTESIAN_POINT ( 'NONE',  ( -15.40000000000000036, 1.214306433183764966E-14, 12.09450220902308182 ) ) ;
#2102 = LINE ( 'NONE', #792, #150 ) ;
#2103 = DIRECTION ( 'NONE',  ( -0.000000000000000000, 1.000000000000000000, 1.224646799147353207E-16 ) ) ;
#2104 = ORIENTED_EDGE ( 'NONE', *, *, #80, .T. ) ;
#2105 = EDGE_CURVE ( 'NONE', #2194, #99, #1278, .T. ) ;
#2106 = ORIENTED_EDGE ( 'NONE', *, *, #1688, .T. ) ;
#2107 = EDGE_CURVE ( 'NONE', #254, #333, #858, .T. ) ;
#2108 = DIRECTION ( 'NONE',  ( 0.000000000000000000, -0.000000000000000000, -1.000000000000000000 ) ) ;
#2109 = LINE ( 'NONE', #407, #2120 ) ;
#2110 = CARTESIAN_POINT ( 'NONE',  ( 5.499999999999999112, 5.499999999999998224, 15.00000000000000000 ) ) ;
#2111 = EDGE_LOOP ( 'NONE', ( #98, #1936, #907, #162 ) ) ;
#2112 = DIRECTION ( 'NONE',  ( 0.000000000000000000, 0.000000000000000000, 1.000000000000000000 ) ) ;
#2113 = DIRECTION ( 'NONE',  ( 0.000000000000000000, 0.000000000000000000, 1.000000000000000000 ) ) ;
#2114 = ORIENTED_EDGE ( 'NONE', *, *, #443, .T. ) ;
#2115 = ADVANCED_FACE ( 'NONE', ( #1620, #1651 ), #459, .F. ) ;
#2116 = EDGE_CURVE ( 'NONE', #372, #2152, #100, .T. ) ;
#2117 = AXIS2_PLACEMENT_3D ( 'NONE', #1497, #499, #1281 ) ;
#2118 = LINE ( 'NONE', #760, #2297 ) ;
#2119 = DIRECTION ( 'NONE',  ( -1.000000000000000000, 0.000000000000000000, 0.000000000000000000 ) ) ;
#2120 = VECTOR ( 'NONE', #495, 1000.000000000000000 ) ;
#2121 = AXIS2_PLACEMENT_3D ( 'NONE', #467, #1248, #1985 ) ;
#2122 = CIRCLE ( 'NONE', #16, 0.4588604245875926857 ) ;
#2123 = VECTOR ( 'NONE', #1166, 1000.000000000000000 ) ;
#2124 = ORIENTED_EDGE ( 'NONE', *, *, #1834, .F. ) ;
#2125 = AXIS2_PLACEMENT_3D ( 'NONE', #961, #2284, #572 ) ;
#2126 = DIRECTION ( 'NONE',  ( 0.000000000000000000, 0.000000000000000000, 1.000000000000000000 ) ) ;
#2127 = DIRECTION ( 'NONE',  ( -1.000000000000000000, -1.577021341797097560E-16, 0.000000000000000000 ) ) ;
#2128 = COLOUR_RGB ( '',0.9607843137254902244, 0.9607843137254902244, 0.9607843137254902244 ) ;
#2129 = FILL_AREA_STYLE ('',( #1389 ) ) ;
#2130 = ORIENTED_EDGE ( 'NONE', *, *, #825, .T. ) ;
#2131 = DIRECTION ( 'NONE',  ( -1.000000000000000000, 0.000000000000000000, -0.000000000000000000 ) ) ;
#2132 = ORIENTED_EDGE ( 'NONE', *, *, #1179, .F. ) ;
#2133 = PLANE ( 'NONE',  #874 ) ;
#2134 = ADVANCED_FACE ( 'NONE', ( #665, #2180 ), #1990, .T. ) ;
#2135 = CARTESIAN_POINT ( 'NONE',  ( -5.500000000000000888, 0.000000000000000000, 7.975000000000004974 ) ) ;
#2136 = CARTESIAN_POINT ( 'NONE',  ( -18.64999999999999858, 0.000000000000000000, 8.500000000000003553 ) ) ;
#2137 = ADVANCED_FACE ( 'NONE', ( #647, #1938 ), #417, .T. ) ;
#2138 = VERTEX_POINT ( 'NONE', #1595 ) ;
#2139 = DIRECTION ( 'NONE',  ( 0.000000000000000000, 1.047444401652940007E-14, 1.000000000000000000 ) ) ;
#2140 = LINE ( 'NONE', #832, #260 ) ;
#2141 = CARTESIAN_POINT ( 'NONE',  ( -4.500000000000000888, 5.499999999999998224, -3.000000000000000000 ) ) ;
#2142 = UNCERTAINTY_MEASURE_WITH_UNIT (LENGTH_MEASURE( 1.000000000000000082E-05 ), #309, 'distance_accuracy_value', 'NONE');
#2143 = VERTEX_POINT ( 'NONE', #1975 ) ;
#2144 = VERTEX_POINT ( 'NONE', #1223 ) ;
#2145 = CARTESIAN_POINT ( 'NONE',  ( 4.999999999999999112, -4.999999999999999112, 1.000000000000000000 ) ) ;
#2146 = DIRECTION ( 'NONE',  ( -1.000000000000000000, 0.000000000000000000, 0.000000000000000000 ) ) ;
#2147 = VERTEX_POINT ( 'NONE', #69 ) ;
#2148 = ADVANCED_FACE ( 'NONE', ( #256 ), #1200, .F. ) ;
#2149 = LINE ( 'NONE', #63, #2053 ) ;
#2150 = CARTESIAN_POINT ( 'NONE',  ( 5.500000000000000888, 3.707314832876953403, 14.49205725438419101 ) ) ;
#2151 = VERTEX_POINT ( 'NONE', #1014 ) ;
#2152 = VERTEX_POINT ( 'NONE', #232 ) ;
#2153 = CARTESIAN_POINT ( 'NONE',  ( 0.000000000000000000, 0.000000000000000000, 1.000000000000000000 ) ) ;
#2154 = DIRECTION ( 'NONE',  ( -1.000000000000000000, -0.000000000000000000, -0.000000000000000000 ) ) ;
#2155 = VECTOR ( 'NONE', #375, 1000.000000000000000 ) ;
#2156 = CYLINDRICAL_SURFACE ( 'NONE', #1585, 0.4588604245875926857 ) ;
#2157 = DIRECTION ( 'NONE',  ( 0.000000000000000000, 0.000000000000000000, 1.000000000000000000 ) ) ;
#2158 = ORIENTED_EDGE ( 'NONE', *, *, #394, .F. ) ;
#2159 = AXIS2_PLACEMENT_3D ( 'NONE', #1056, #660, #1431 ) ;
#2160 = STYLED_ITEM ( 'NONE', ( #1853 ), #377 ) ;
#2161 = CARTESIAN_POINT ( 'NONE',  ( -18.64999999999999858, 4.898587196589412829E-16, 4.500000000000003553 ) ) ;
#2162 = FILL_AREA_STYLE_COLOUR ( '', #217 ) ;
#2163 = CIRCLE ( 'NONE', #1781, 1.500000000000001332 ) ;
#2164 = EDGE_CURVE ( 'NONE', #359, #490, #2343, .T. ) ;
#2165 = STYLED_ITEM ( 'NONE', ( #27 ), #796 ) ;
#2166 = CARTESIAN_POINT ( 'NONE',  ( -15.50000000000000000, 0.000000000000000000, 8.500000000000003553 ) ) ;
#2167 = VECTOR ( 'NONE', #486, 1000.000000000000000 ) ;
#2168 = CIRCLE ( 'NONE', #2381, 1.500000000000001332 ) ;
#2169 = PLANE ( 'NONE',  #215 ) ;
#2170 = EDGE_CURVE ( 'NONE', #1889, #2037, #1282, .T. ) ;
#2171 = ORIENTED_EDGE ( 'NONE', *, *, #666, .T. ) ;
#2172 = DIRECTION ( 'NONE',  ( 0.000000000000000000, 0.000000000000000000, -1.000000000000000000 ) ) ;
#2173 = VERTEX_POINT ( 'NONE', #2135 ) ;
#2174 = DIRECTION ( 'NONE',  ( -1.000000000000000000, 0.000000000000000000, -0.000000000000000000 ) ) ;
#2175 = CARTESIAN_POINT ( 'NONE',  ( -15.40000000000000036, 0.2956429178970244598, 12.98865028915408892 ) ) ;
#2176 = CARTESIAN_POINT ( 'NONE',  ( 0.000000000000000000, 0.000000000000000000, -3.000000000000000000 ) ) ;
#2177 = ORIENTED_EDGE ( 'NONE', *, *, #1107, .T. ) ;
#2178 = CARTESIAN_POINT ( 'NONE',  ( 4.499999999999999112, 4.499999999999998224, -3.000000000000000000 ) ) ;
#2179 = ORIENTED_EDGE ( 'NONE', *, *, #2375, .T. ) ;
#2180 = FACE_OUTER_BOUND ( 'NONE', #252, .T. ) ;
#2181 = EDGE_CURVE ( 'NONE', #1919, #523, #2301, .T. ) ;
#2182 = CARTESIAN_POINT ( 'NONE',  ( -15.40000000000000036, 0.4588604245876048426, 12.09450220902308004 ) ) ;
#2183 = CARTESIAN_POINT ( 'NONE',  ( 0.2930148828668953653, 0.000000000000000000, -3.000000000000000000 ) ) ;
#2184 = ORIENTED_EDGE ( 'NONE', *, *, #2253, .T. ) ;
#2185 = CARTESIAN_POINT ( 'NONE',  ( -15.50000000000000000, 4.592425496802565591E-17, 8.875000000000003553 ) ) ;
#2186 = EDGE_CURVE ( 'NONE', #2470, #1569, #1162, .T. ) ;
#2187 = ORIENTED_EDGE ( 'NONE', *, *, #2278, .T. ) ;
#2188 = SURFACE_STYLE_USAGE ( .BOTH. , #1442 ) ;
#2189 = ORIENTED_EDGE ( 'NONE', *, *, #1244, .T. ) ;
#2190 = PRESENTATION_STYLE_ASSIGNMENT (( #677 ) ) ;
#2191 = DIRECTION ( 'NONE',  ( -1.000000000000000000, -0.000000000000000000, -0.000000000000000000 ) ) ;
#2192 = B_SPLINE_CURVE_WITH_KNOTS ( 'NONE', 3,
 ( #1441, #1403, #1222, #1960, #1764, #282, #658, #1606 ),
 .UNSPECIFIED., .F., .F.,
 ( 4, 2, 2, 4 ),
 ( 0.01724777868524385999, 0.01860520581603041651, 0.01996263294681697303, 0.02267748720839008608 ),
 .UNSPECIFIED. ) ;
#2193 = DIRECTION ( 'NONE',  ( -1.000000000000000000, 0.000000000000000000, 0.000000000000000000 ) ) ;
#2194 = VERTEX_POINT ( 'NONE', #1001 ) ;
#2195 = DIRECTION ( 'NONE',  ( 0.000000000000000000, -1.000000000000000000, 0.000000000000000000 ) ) ;
#2196 = ORIENTED_EDGE ( 'NONE', *, *, #841, .T. ) ;
#2197 = CARTESIAN_POINT ( 'NONE',  ( -16.31216197791588840, 0.000000000000000000, 8.500000000000003553 ) ) ;
#2198 = CARTESIAN_POINT ( 'NONE',  ( -18.64999999999999858, 3.784701834075988991E-16, 5.409556423361379984 ) ) ;
#2199 = LINE ( 'NONE', #494, #1580 ) ;
#2200 = EDGE_CURVE ( 'NONE', #649, #1751, #1381, .T. ) ;
#2201 = DIRECTION ( 'NONE',  ( -1.000000000000000000, -0.000000000000000000, -0.000000000000000000 ) ) ;
#2202 = ORIENTED_EDGE ( 'NONE', *, *, #1202, .T. ) ;
#2203 = LINE ( 'NONE', #1663, #1391 ) ;
#2204 = CIRCLE ( 'NONE', #1508, 1.433361018914286023 ) ;
#2205 = AXIS2_PLACEMENT_3D ( 'NONE', #633, #1245, #425 ) ;
#2206 = STYLED_ITEM ( 'NONE', ( #479 ), #1632 ) ;
#2207 = MECHANICAL_DESIGN_GEOMETRIC_PRESENTATION_REPRESENTATION (  '', ( #1898 ), #1868 ) ;
#2208 = CARTESIAN_POINT ( 'NONE',  ( -15.40000000000000036, 0.4588604245875544940, 4.905497790976920847 ) ) ;
#2209 = CARTESIAN_POINT ( 'NONE',  ( -15.40000000000000036, -0.4588604245876308774, 4.905497790976931505 ) ) ;
#2210 = DIRECTION ( 'NONE',  ( 0.000000000000000000, -0.000000000000000000, -1.000000000000000000 ) ) ;
#2211 = STYLED_ITEM ( 'NONE', ( #20 ), #2137 ) ;
#2212 = AXIS2_PLACEMENT_3D ( 'NONE', #1037, #1791, #807 ) ;
#2213 = ORIENTED_EDGE ( 'NONE', *, *, #1862, .T. ) ;
#2214 = LINE ( 'NONE', #886, #617 ) ;
#2215 = CARTESIAN_POINT ( 'NONE',  ( -4.500000000000000888, -5.500000000000001776, -3.000000000000000000 ) ) ;
#2216 = CARTESIAN_POINT ( 'NONE',  ( -15.50000000000000000, 0.000000000000000000, 7.000000000000003553 ) ) ;
#2217 = EDGE_CURVE ( 'NONE', #2345, #715, #38, .T. ) ;
#2218 = FILL_AREA_STYLE ('',( #743 ) ) ;
#2219 = DIRECTION ( 'NONE',  ( 0.000000000000000000, 1.000000000000000000, -5.867630749677288163E-15 ) ) ;
#2220 = CARTESIAN_POINT ( 'NONE',  ( -5.500000000000000888, 0.000000000000000000, -3.000000000000000000 ) ) ;
#2221 = ORIENTED_EDGE ( 'NONE', *, *, #596, .T. ) ;
#2222 = EDGE_CURVE ( 'NONE', #523, #99, #1774, .T. ) ;
#2223 = ORIENTED_EDGE ( 'NONE', *, *, #1673, .T. ) ;
#2224 =( NAMED_UNIT ( * ) SI_UNIT ( $, .STERADIAN. ) SOLID_ANGLE_UNIT ( ) );
#2225 = EDGE_LOOP ( 'NONE', ( #431, #125, #71, #444 ) ) ;
#2226 = CARTESIAN_POINT ( 'NONE',  ( -18.64999999999999858, 0.000000000000000000, 12.50000000000000355 ) ) ;
#2227 = ORIENTED_EDGE ( 'NONE', *, *, #650, .T. ) ;
#2228 = DIRECTION ( 'NONE',  ( -0.000000000000000000, -0.000000000000000000, -1.000000000000000000 ) ) ;
#2229 = VERTEX_POINT ( 'NONE', #113 ) ;
#2230 = DIRECTION ( 'NONE',  ( 0.000000000000000000, -1.000000000000000000, 0.000000000000000000 ) ) ;
#2231 = APPLICATION_CONTEXT ( 'automotive_design' ) ;
#2232 = DIRECTION ( 'NONE',  ( 1.000000000000000000, 0.000000000000000000, 0.000000000000000000 ) ) ;
#2233 = CARTESIAN_POINT ( 'NONE',  ( -15.50000000000000000, 0.000000000000000000, 8.500000000000003553 ) ) ;
#2234 = DIRECTION ( 'NONE',  ( 0.000000000000000000, -1.000000000000000000, 1.134151072759814400E-14 ) ) ;
#2235 = DIRECTION ( 'NONE',  ( 0.000000000000000000, -1.224646799147352714E-16, 1.000000000000000000 ) ) ;
#2236 = EDGE_LOOP ( 'NONE', ( #1255, #300, #512, #151, #1542, #1614 ) ) ;
#2237 = ORIENTED_EDGE ( 'NONE', *, *, #553, .F. ) ;
#2238 = DIRECTION ( 'NONE',  ( 1.000000000000000000, 1.577021341797097560E-16, 0.000000000000000000 ) ) ;
#2239 = ADVANCED_FACE ( 'NONE', ( #869 ), #1838, .F. ) ;
#2240 = EDGE_LOOP ( 'NONE', ( #11, #1010 ) ) ;
#2241 = FILL_AREA_STYLE ('',( #1492 ) ) ;
#2242 = CARTESIAN_POINT ( 'NONE',  ( -5.500000000000001776, 0.000000000000000000, 11.59044357663862890 ) ) ;
#2243 = DIRECTION ( 'NONE',  ( 1.000000000000000000, -0.000000000000000000, -0.000000000000000000 ) ) ;
#2244 = ORIENTED_EDGE ( 'NONE', *, *, #118, .T. ) ;
#2245 = FACE_OUTER_BOUND ( 'NONE', #2445, .T. ) ;
#2246 = CYLINDRICAL_SURFACE ( 'NONE', #542, 1.500000000000000444 ) ;
#2247 = CARTESIAN_POINT ( 'NONE',  ( -9.544353064164811329, 0.000000000000000000, 8.500000000000003553 ) ) ;
#2248 = DIRECTION ( 'NONE',  ( -1.000000000000000000, -0.000000000000000000, -0.000000000000000000 ) ) ;
#2249 = DIRECTION ( 'NONE',  ( 0.000000000000000000, 1.000000000000000000, 0.000000000000000000 ) ) ;
#2250 = VERTEX_POINT ( 'NONE', #1483 ) ;
#2251 = ORIENTED_EDGE ( 'NONE', *, *, #1867, .F. ) ;
#2252 = AXIS2_PLACEMENT_3D ( 'NONE', #1885, #2418, #2437 ) ;
#2253 = EDGE_CURVE ( 'NONE', #254, #1303, #127, .T. ) ;
#2254 = CARTESIAN_POINT ( 'NONE',  ( -4.500000000000000888, 5.499999999999998224, 0.000000000000000000 ) ) ;
#2255 = VECTOR ( 'NONE', #1251, 1000.000000000000000 ) ;
#2256 = VECTOR ( 'NONE', #836, 1000.000000000000000 ) ;
#2257 = APPLICATION_PROTOCOL_DEFINITION ( 'draft international standard', 'automotive_design', 1998, #8 ) ;
#2258 = UNCERTAINTY_MEASURE_WITH_UNIT (LENGTH_MEASURE( 1.000000000000000082E-05 ), #180, 'distance_accuracy_value', 'NONE');
#2259 = ORIENTED_EDGE ( 'NONE', *, *, #352, .T. ) ;
#2260 = DIRECTION ( 'NONE',  ( -0.000000000000000000, -0.000000000000000000, 1.000000000000000000 ) ) ;
#2261 = CIRCLE ( 'NONE', #2296, 3.090443576638624013 ) ;
#2262 = ADVANCED_FACE ( 'NONE', ( #142 ), #1392, .T. ) ;
#2263 = DIRECTION ( 'NONE',  ( -0.000000000000000000, -0.000000000000000000, -1.000000000000000000 ) ) ;
#2264 = AXIS2_PLACEMENT_3D ( 'NONE', #334, #511, #935 ) ;
#2265 = CIRCLE ( 'NONE', #1194, 4.000000000000000000 ) ;
#2266 = DIRECTION ( 'NONE',  ( 0.000000000000000000, 0.000000000000000000, 1.000000000000000000 ) ) ;
#2267 = CIRCLE ( 'NONE', #827, 0.4588604245875926857 ) ;
#2268 = CIRCLE ( 'NONE', #952, 0.3749999999999986122 ) ;
#2269 = DIRECTION ( 'NONE',  ( 0.000000000000000000, -3.491481338843133355E-15, -1.000000000000000000 ) ) ;
#2270 = ORIENTED_EDGE ( 'NONE', *, *, #954, .T. ) ;
#2271 = DIRECTION ( 'NONE',  ( -1.000000000000000000, 0.000000000000000000, 0.000000000000000000 ) ) ;
#2272 = CARTESIAN_POINT ( 'NONE',  ( -4.500000000000000888, 5.499999999999998224, -3.000000000000000000 ) ) ;
#2273 = CARTESIAN_POINT ( 'NONE',  ( 0.8953208121848489354, -5.500000000000000888, 14.86654275651882706 ) ) ;
#2274 = ORIENTED_EDGE ( 'NONE', *, *, #1983, .T. ) ;
#2275 = ADVANCED_FACE ( 'NONE', ( #296 ), #195, .F. ) ;
#2276 = DIRECTION ( 'NONE',  ( -1.000000000000000000, 0.000000000000000000, -0.000000000000000000 ) ) ;
#2277 = DIRECTION ( 'NONE',  ( 0.000000000000000000, -0.000000000000000000, -1.000000000000000000 ) ) ;
#2278 = EDGE_CURVE ( 'NONE', #1347, #1184, #1069, .T. ) ;
#2279 = DIRECTION ( 'NONE',  ( -0.000000000000000000, -0.000000000000000000, 1.000000000000000000 ) ) ;
#2280 = FACE_OUTER_BOUND ( 'NONE', #1457, .T. ) ;
#2281 = ORIENTED_EDGE ( 'NONE', *, *, #806, .F. ) ;
#2282 = ORIENTED_EDGE ( 'NONE', *, *, #1654, .F. ) ;
#2283 = ORIENTED_EDGE ( 'NONE', *, *, #2200, .T. ) ;
#2284 = DIRECTION ( 'NONE',  ( -1.000000000000000000, 0.000000000000000000, 0.000000000000000000 ) ) ;
#2285 = EDGE_LOOP ( 'NONE', ( #517, #1161, #426, #1264 ) ) ;
#2286 = SURFACE_SIDE_STYLE ('',( #2447 ) ) ;
#2287 = DIRECTION ( 'NONE',  ( -0.000000000000000000, -0.000000000000000000, 1.000000000000000000 ) ) ;
#2288 = EDGE_CURVE ( 'NONE', #1759, #828, #324, .T. ) ;
#2289 = SURFACE_SIDE_STYLE ('',( #1538 ) ) ;
#2290 = CARTESIAN_POINT ( 'NONE',  ( -15.50000000000000000, 6.429395695523597497E-17, 9.025000000000003908 ) ) ;
#2291 = CARTESIAN_POINT ( 'NONE',  ( -1.914906152377007231, -5.500000000000002665, 14.78853153543511745 ) ) ;
#2292 = VERTEX_POINT ( 'NONE', #2175 ) ;
#2293 = MECHANICAL_DESIGN_GEOMETRIC_PRESENTATION_REPRESENTATION (  '', ( #745 ), #2335 ) ;
#2294 = DIRECTION ( 'NONE',  ( 0.000000000000000000, 1.000000000000000000, -3.780503575866047735E-15 ) ) ;
#2295 = DIRECTION ( 'NONE',  ( -0.000000000000000000, 0.000000000000000000, -1.000000000000000000 ) ) ;
#2296 = AXIS2_PLACEMENT_3D ( 'NONE', #1965, #247, #422 ) ;
#2297 = VECTOR ( 'NONE', #2279, 1000.000000000000000 ) ;
#2298 = AXIS2_PLACEMENT_3D ( 'NONE', #1562, #1955, #2112 ) ;
#2299 = VECTOR ( 'NONE', #1154, 1000.000000000000000 ) ;
#2300 = FACE_OUTER_BOUND ( 'NONE', #41, .T. ) ;
#2301 = CIRCLE ( 'NONE', #1634, 4.000000000000000000 ) ;
#2302 = EDGE_CURVE ( 'NONE', #558, #2250, #2414, .T. ) ;
#2303 = CIRCLE ( 'NONE', #504, 0.3749999999999986122 ) ;
#2304 = ORIENTED_EDGE ( 'NONE', *, *, #1155, .T. ) ;
#2305 = CARTESIAN_POINT ( 'NONE',  ( 0.000000000000000000, 4.499999999999998224, 0.000000000000000000 ) ) ;
#2306 = AXIS2_PLACEMENT_3D ( 'NONE', #1260, #2390, #1430 ) ;
#2307 =( NAMED_UNIT ( * ) PLANE_ANGLE_UNIT ( ) SI_UNIT ( $, .RADIAN. ) );
#2308 = ORIENTED_EDGE ( 'NONE', *, *, #1057, .F. ) ;
#2309 = ADVANCED_FACE ( 'NONE', ( #898 ), #912, .F. ) ;
#2310 = ORIENTED_EDGE ( 'NONE', *, *, #1760, .T. ) ;
#2311 =( LENGTH_UNIT ( ) NAMED_UNIT ( * ) SI_UNIT ( .MILLI., .METRE. ) );
#2312 = UNCERTAINTY_MEASURE_WITH_UNIT (LENGTH_MEASURE( 1.000000000000000082E-05 ), #2002, 'distance_accuracy_value', 'NONE');
#2313 = ORIENTED_EDGE ( 'NONE', *, *, #2107, .F. ) ;
#2314 = DIRECTION ( 'NONE',  ( -1.000000000000000000, -0.000000000000000000, -0.000000000000000000 ) ) ;
#2315 = LINE ( 'NONE', #1198, #983 ) ;
#2316 = DIRECTION ( 'NONE',  ( 0.000000000000000000, 0.000000000000000000, 1.000000000000000000 ) ) ;
#2317 = CARTESIAN_POINT ( 'NONE',  ( -15.40000000000000036, 1.214306433183764966E-14, 12.09450220902308182 ) ) ;
#2318 = CYLINDRICAL_SURFACE ( 'NONE', #1738, 4.000000000000000000 ) ;
#2319 = CARTESIAN_POINT ( 'NONE',  ( 0.000000000000000000, 0.000000000000000000, 15.00000000000000000 ) ) ;
#2320 = ORIENTED_EDGE ( 'NONE', *, *, #1571, .F. ) ;
#2321 = CYLINDRICAL_SURFACE ( 'NONE', #2430, 0.2956429178970088611 ) ;
#2322 = EDGE_CURVE ( 'NONE', #1479, #1247, #1453, .T. ) ;
#2323 = ORIENTED_EDGE ( 'NONE', *, *, #1435, .T. ) ;
#2324 = VERTEX_POINT ( 'NONE', #1468 ) ;
#2325 =( LENGTH_UNIT ( ) NAMED_UNIT ( * ) SI_UNIT ( .MILLI., .METRE. ) );
#2326 = LINE ( 'NONE', #70, #1518 ) ;
#2327 = EDGE_LOOP ( 'NONE', ( #1753, #2082, #1203, #684 ) ) ;
#2328 = CARTESIAN_POINT ( 'NONE',  ( 5.500000000000000000, -5.500000000000000000, 0.5000000000000000000 ) ) ;
#2329 = CARTESIAN_POINT ( 'NONE',  ( 4.500000000000000000, 0.000000000000000000, -3.000000000000000000 ) ) ;
#2330 = UNCERTAINTY_MEASURE_WITH_UNIT (LENGTH_MEASURE( 1.000000000000000082E-05 ), #1641, 'distance_accuracy_value', 'NONE');
#2331 = ORIENTED_EDGE ( 'NONE', *, *, #960, .F. ) ;
#2332 = EDGE_CURVE ( 'NONE', #241, #2152, #528, .T. ) ;
#2333 = DIRECTION ( 'NONE',  ( -1.000000000000000000, 0.000000000000000000, 0.000000000000000000 ) ) ;
#2334 = EDGE_CURVE ( 'NONE', #843, #1662, #1851, .T. ) ;
#2335 =( GEOMETRIC_REPRESENTATION_CONTEXT ( 3 ) GLOBAL_UNCERTAINTY_ASSIGNED_CONTEXT ( ( #738 ) ) GLOBAL_UNIT_ASSIGNED_CONTEXT ( ( #1513, #888, #730 ) ) REPRESENTATION_CONTEXT ( 'NONE', 'WORKASPACE' ) );
#2336 = DIRECTION ( 'NONE',  ( -1.000000000000000000, 0.000000000000000000, 0.000000000000000000 ) ) ;
#2337 = CIRCLE ( 'NONE', #1814, 4.000000000000000000 ) ;
#2338 = MECHANICAL_DESIGN_GEOMETRIC_PRESENTATION_REPRESENTATION (  '', ( #1626 ), #1351 ) ;
#2339 = FACE_OUTER_BOUND ( 'NONE', #1067, .T. ) ;
#2340 = AXIS2_PLACEMENT_3D ( 'NONE', #526, #1300, #157 ) ;
#2341 = VECTOR ( 'NONE', #2228, 1000.000000000000000 ) ;
#2342 = ORIENTED_EDGE ( 'NONE', *, *, #17, .T. ) ;
#2343 = CIRCLE ( 'NONE', #1033, 0.4749999999999999778 ) ;
#2344 = DIRECTION ( 'NONE',  ( -1.000000000000000000, 0.000000000000000000, 0.000000000000000000 ) ) ;
#2345 = VERTEX_POINT ( 'NONE', #1671 ) ;
#2346 = CARTESIAN_POINT ( 'NONE',  ( 0.000000000000000000, 0.000000000000000000, -3.000000000000000000 ) ) ;
#2347 = ADVANCED_FACE ( 'NONE', ( #1299 ), #1042, .T. ) ;
#2348 = CARTESIAN_POINT ( 'NONE',  ( -15.40000000000000036, 0.2956429178969620652, 4.011349710845915517 ) ) ;
#2349 = SURFACE_STYLE_FILL_AREA ( #1372 ) ;
#2350 = EDGE_CURVE ( 'NONE', #843, #26, #283, .T. ) ;
#2351 = DIRECTION ( 'NONE',  ( 1.000000000000000000, 0.000000000000000000, 0.000000000000000000 ) ) ;
#2352 = FACE_OUTER_BOUND ( 'NONE', #2236, .T. ) ;
#2353 = EDGE_LOOP ( 'NONE', ( #1803, #2034 ) ) ;
#2354 = CARTESIAN_POINT ( 'NONE',  ( -15.50000000000000000, 4.592425496802574219E-17, 8.875000000000003553 ) ) ;
#2355 = ORIENTED_EDGE ( 'NONE', *, *, #2170, .F. ) ;
#2356 = ORIENTED_EDGE ( 'NONE', *, *, #198, .T. ) ;
#2357 = CARTESIAN_POINT ( 'NONE',  ( 4.500000000000000000, -4.500000000000000000, -3.000000000000000000 ) ) ;
#2358 = DIRECTION ( 'NONE',  ( 0.000000000000000000, -3.491481338843133355E-15, -1.000000000000000000 ) ) ;
#2359 = ADVANCED_FACE ( 'NONE', ( #937 ), #1163, .F. ) ;
#2360 = CARTESIAN_POINT ( 'NONE',  ( -15.40000000000000036, -4.683753385137379155E-14, 4.011349710845918182 ) ) ;
#2361 = ORIENTED_EDGE ( 'NONE', *, *, #402, .F. ) ;
#2362 = EDGE_CURVE ( 'NONE', #436, #881, #4, .T. ) ;
#2363 =( NAMED_UNIT ( * ) PLANE_ANGLE_UNIT ( ) SI_UNIT ( $, .RADIAN. ) );
#2364 = CARTESIAN_POINT ( 'NONE',  ( -5.500000000000000888, 0.000000000000000000, 8.500000000000003553 ) ) ;
#2365 = SURFACE_STYLE_FILL_AREA ( #2129 ) ;
#2366 = ORIENTED_EDGE ( 'NONE', *, *, #2302, .T. ) ;
#2367 = DIRECTION ( 'NONE',  ( -1.000000000000000000, -0.000000000000000000, -0.000000000000000000 ) ) ;
#2368 = ORIENTED_EDGE ( 'NONE', *, *, #1988, .F. ) ;
#2369 = DIRECTION ( 'NONE',  ( -0.000000000000000000, -0.000000000000000000, 1.000000000000000000 ) ) ;
#2370 = CARTESIAN_POINT ( 'NONE',  ( -5.500000000000000888, 0.000000000000000000, 8.500000000000003553 ) ) ;
#2371 = AXIS2_PLACEMENT_3D ( 'NONE', #2233, #1110, #1290 ) ;
#2372 = VECTOR ( 'NONE', #1841, 1000.000000000000000 ) ;
#2373 = MECHANICAL_DESIGN_GEOMETRIC_PRESENTATION_REPRESENTATION (  '', ( #1066 ), #1816 ) ;
#2374 = DIRECTION ( 'NONE',  ( 0.000000000000000000, 1.000000000000000000, 0.000000000000000000 ) ) ;
#2375 = EDGE_CURVE ( 'NONE', #1440, #997, #2267, .T. ) ;
#2376 = ORIENTED_EDGE ( 'NONE', *, *, #2350, .T. ) ;
#2377 = CARTESIAN_POINT ( 'NONE',  ( -5.186921369030999429, -6.352146652012820703E-16, 15.00000000000000000 ) ) ;
#2378 = CIRCLE ( 'NONE', #2051, 4.000000000000000000 ) ;
#2379 = AXIS2_PLACEMENT_3D ( 'NONE', #1819, #2427, #319 ) ;
#2380 = CIRCLE ( 'NONE', #957, 1.433361018914286023 ) ;
#2381 = AXIS2_PLACEMENT_3D ( 'NONE', #1204, #442, #278 ) ;
#2382 = FACE_OUTER_BOUND ( 'NONE', #1129, .T. ) ;
#2383 = ADVANCED_FACE ( 'NONE', ( #1146 ), #774, .T. ) ;
#2384 = VERTEX_POINT ( 'NONE', #2076 ) ;
#2385 = AXIS2_PLACEMENT_3D ( 'NONE', #1971, #136, #906 ) ;
#2386 = AXIS2_PLACEMENT_3D ( 'NONE', #1020, #834, #228 ) ;
#2387 = CARTESIAN_POINT ( 'NONE',  ( 4.999999999999999112, -4.999999999999999112, 1.000000000000000000 ) ) ;
#2388 = ORIENTED_EDGE ( 'NONE', *, *, #791, .F. ) ;
#2389 = LINE ( 'NONE', #622, #1271 ) ;
#2390 = DIRECTION ( 'NONE',  ( 0.000000000000000000, 0.000000000000000000, 1.000000000000000000 ) ) ;
#2391 = CARTESIAN_POINT ( 'NONE',  ( 5.499999999999999112, 5.499999999999998224, 15.00000000000000000 ) ) ;
#2392 = LINE ( 'NONE', #337, #1812 ) ;
#2393 = VERTEX_POINT ( 'NONE', #537 ) ;
#2394 = SURFACE_SIDE_STYLE ('',( #879 ) ) ;
#2395 =( LENGTH_UNIT ( ) NAMED_UNIT ( * ) SI_UNIT ( .MILLI., .METRE. ) );
#2396 = EDGE_CURVE ( 'NONE', #74, #2324, #374, .T. ) ;
#2397 =( NAMED_UNIT ( * ) PLANE_ANGLE_UNIT ( ) SI_UNIT ( $, .RADIAN. ) );
#2398 = FACE_OUTER_BOUND ( 'NONE', #1115, .T. ) ;
#2399 = FACE_OUTER_BOUND ( 'NONE', #1218, .T. ) ;
#2400 = ORIENTED_EDGE ( 'NONE', *, *, #17, .F. ) ;
#2401 = LINE ( 'NONE', #322, #18 ) ;
#2402 = ORIENTED_EDGE ( 'NONE', *, *, #2288, .T. ) ;
#2403 = FACE_OUTER_BOUND ( 'NONE', #1095, .T. ) ;
#2404 = DIRECTION ( 'NONE',  ( 0.000000000000000000, -0.000000000000000000, -1.000000000000000000 ) ) ;
#2405 =( NAMED_UNIT ( * ) PLANE_ANGLE_UNIT ( ) SI_UNIT ( $, .RADIAN. ) );
#2406 = CARTESIAN_POINT ( 'NONE',  ( -8.459649443741692920, 0.000000000000000000, 8.500000000000003553 ) ) ;
#2407 = CARTESIAN_POINT ( 'NONE',  ( 8.673617379884037444E-16, -5.500000000000000888, -3.000000000000000000 ) ) ;
#2408 = ORIENTED_EDGE ( 'NONE', *, *, #101, .F. ) ;
#2409 = CARTESIAN_POINT ( 'NONE',  ( -5.500000000000000888, -5.500000000000001776, 1.000000000000000000 ) ) ;
#2410 = CARTESIAN_POINT ( 'NONE',  ( -0.4749999999999999778, 5.817072295949928412E-17, -3.000000000000000000 ) ) ;
#2411 =( NAMED_UNIT ( * ) PLANE_ANGLE_UNIT ( ) SI_UNIT ( $, .RADIAN. ) );
#2412 = ADVANCED_FACE ( 'NONE', ( #169 ), #1109, .F. ) ;
#2413 = VERTEX_POINT ( 'NONE', #2209 ) ;
#2414 = LINE ( 'NONE', #493, #307 ) ;
#2415 = CARTESIAN_POINT ( 'NONE',  ( 0.000000000000000000, 0.000000000000000000, 0.000000000000000000 ) ) ;
#2416 = FACE_OUTER_BOUND ( 'NONE', #2353, .T. ) ;
#2417 = EDGE_CURVE ( 'NONE', #410, #359, #1437, .T. ) ;
#2418 = DIRECTION ( 'NONE',  ( -1.000000000000000000, -0.000000000000000000, -0.000000000000000000 ) ) ;
#2419 = DIRECTION ( 'NONE',  ( -0.000000000000000000, 1.000000000000000000, 1.224646799147353207E-16 ) ) ;
#2420 = EDGE_LOOP ( 'NONE', ( #2011, #1660, #501, #904 ) ) ;
#2421 = VECTOR ( 'NONE', #1638, 1000.000000000000000 ) ;
#2422 = ORIENTED_EDGE ( 'NONE', *, *, #1140, .F. ) ;
#2423 = VECTOR ( 'NONE', #2374, 1000.000000000000000 ) ;
#2424 = ORIENTED_EDGE ( 'NONE', *, *, #318, .T. ) ;
#2425 =( GEOMETRIC_REPRESENTATION_CONTEXT ( 3 ) GLOBAL_UNCERTAINTY_ASSIGNED_CONTEXT ( ( #204 ) ) GLOBAL_UNIT_ASSIGNED_CONTEXT ( ( #1844, #2397, #1143 ) ) REPRESENTATION_CONTEXT ( 'NONE', 'WORKASPACE' ) );
#2426 =( GEOMETRIC_REPRESENTATION_CONTEXT ( 3 ) GLOBAL_UNCERTAINTY_ASSIGNED_CONTEXT ( ( #1169 ) ) GLOBAL_UNIT_ASSIGNED_CONTEXT ( ( #2395, #1445, #2224 ) ) REPRESENTATION_CONTEXT ( 'NONE', 'WORKASPACE' ) );
#2427 = DIRECTION ( 'NONE',  ( -0.000000000000000000, 1.000000000000000000, 1.224646799147353207E-16 ) ) ;
#2428 = EDGE_LOOP ( 'NONE', ( #534, #2223 ) ) ;
#2429 = DIRECTION ( 'NONE',  ( 0.000000000000000000, 1.047444401652940007E-14, 1.000000000000000000 ) ) ;
#2430 = AXIS2_PLACEMENT_3D ( 'NONE', #1407, #2139, #1747 ) ;
#2431 = AXIS2_PLACEMENT_3D ( 'NONE', #1696, #2065, #2193 ) ;
#2432 = ORIENTED_EDGE ( 'NONE', *, *, #418, .T. ) ;
#2433 =( NAMED_UNIT ( * ) SI_UNIT ( $, .STERADIAN. ) SOLID_ANGLE_UNIT ( ) );
#2434 = VECTOR ( 'NONE', #1135, 1000.000000000000000 ) ;
#2435 = CARTESIAN_POINT ( 'NONE',  ( -5.500000000000000888, -1.559582560326999731E-15, 14.88604869734249014 ) ) ;
#2436 = DIRECTION ( 'NONE',  ( -1.000000000000000000, 0.000000000000000000, 0.000000000000000000 ) ) ;
#2437 = DIRECTION ( 'NONE',  ( 0.000000000000000000, 0.000000000000000000, 1.000000000000000000 ) ) ;
#2438 = EDGE_CURVE ( 'NONE', #1727, #333, #692, .T. ) ;
#2439 = DIRECTION ( 'NONE',  ( 0.000000000000000000, 1.047444401652940007E-14, 1.000000000000000000 ) ) ;
#2440 = DIRECTION ( 'NONE',  ( -0.3420201433256663259, 4.188538737676962799E-17, 0.9396926207859093161 ) ) ;
#2441 = EDGE_LOOP ( 'NONE', ( #1027, #2039, #1101, #1502 ) ) ;
#2442 = FACE_BOUND ( 'NONE', #1211, .T. ) ;
#2443 = FACE_OUTER_BOUND ( 'NONE', #435, .T. ) ;
#2444 = SURFACE_STYLE_FILL_AREA ( #520 ) ;
#2445 = EDGE_LOOP ( 'NONE', ( #1628, #2282 ) ) ;
#2446 = DIRECTION ( 'NONE',  ( 0.000000000000000000, 1.047444401652940007E-14, 1.000000000000000000 ) ) ;
#2447 = SURFACE_STYLE_FILL_AREA ( #1506 ) ;
#2448 = CARTESIAN_POINT ( 'NONE',  ( -15.40000000000000036, 0.2956429178969707250, 4.905497790976922623 ) ) ;
#2449 = SURFACE_STYLE_FILL_AREA ( #949 ) ;
#2450 = VERTEX_POINT ( 'NONE', #2183 ) ;
#2451 = EDGE_CURVE ( 'NONE', #1842, #372, #2057, .T. ) ;
#2452 = DIRECTION ( 'NONE',  ( 1.000000000000000000, 0.000000000000000000, 0.000000000000000000 ) ) ;
#2453 = ORIENTED_EDGE ( 'NONE', *, *, #1500, .T. ) ;
#2454 = DIRECTION ( 'NONE',  ( 0.000000000000000000, 0.000000000000000000, 1.000000000000000000 ) ) ;
#2455 = CARTESIAN_POINT ( 'NONE',  ( -15.50000000000000000, 0.000000000000000000, 8.500000000000003553 ) ) ;
#2456 = ORIENTED_EDGE ( 'NONE', *, *, #1369, .T. ) ;
#2457 = FACE_BOUND ( 'NONE', #1581, .T. ) ;
#2458 = DIRECTION ( 'NONE',  ( 0.000000000000000000, -1.000000000000000000, 0.000000000000000000 ) ) ;
#2459 = CARTESIAN_POINT ( 'NONE',  ( 4.500000000000000000, 0.000000000000000000, -3.000000000000000000 ) ) ;
#2460 = DIRECTION ( 'NONE',  ( -1.000000000000000000, -0.000000000000000000, -0.000000000000000000 ) ) ;
#2461 = DIRECTION ( 'NONE',  ( -1.577021341797097560E-16, 1.000000000000000000, 0.000000000000000000 ) ) ;
#2462 = DIRECTION ( 'NONE',  ( 0.000000000000000000, -1.000000000000000000, 0.000000000000000000 ) ) ;
#2463 = EDGE_LOOP ( 'NONE', ( #1206, #488 ) ) ;
#2464 = EDGE_CURVE ( 'NONE', #372, #1842, #62, .T. ) ;
#2465 = ORIENTED_EDGE ( 'NONE', *, *, #1308, .F. ) ;
#2466 = AXIS2_PLACEMENT_3D ( 'NONE', #719, #1485, #2234 ) ;
#2467 = CIRCLE ( 'NONE', #1152, 0.2956429178970088611 ) ;
#2468 = ADVANCED_FACE ( 'NONE', ( #2399 ), #2009, .F. ) ;
#2469 = PRESENTATION_LAYER_ASSIGNMENT (  '', '', ( #1066 ) ) ;
#2470 = VERTEX_POINT ( 'NONE', #1461 ) ;
#2471 =( GEOMETRIC_REPRESENTATION_CONTEXT ( 3 ) GLOBAL_UNCERTAINTY_ASSIGNED_CONTEXT ( ( #1697 ) ) GLOBAL_UNIT_ASSIGNED_CONTEXT ( ( #1072, #2405, #2042 ) ) REPRESENTATION_CONTEXT ( 'NONE', 'WORKASPACE' ) );
#2472 = COLOUR_RGB ( '',0.8431372549019607865, 0.8431372549019607865, 0.8431372549019607865 ) ;
#2473 = CARTESIAN_POINT ( 'NONE',  ( -5.500000000000000888, -4.500000000000001776, -3.000000000000000000 ) ) ;
#2474 = AXIS2_PLACEMENT_3D ( 'NONE', #427, #671, #280 ) ;
#2475 = MECHANICAL_DESIGN_GEOMETRIC_PRESENTATION_REPRESENTATION (  '', ( #1361 ), #788 ) ;
#2476 = AXIS2_PLACEMENT_3D ( 'NONE', #419, #1201, #1756 ) ;
#2477 = ORIENTED_EDGE ( 'NONE', *, *, #1350, .F. ) ;
#2478 = DIRECTION ( 'NONE',  ( -0.000000000000000000, -0.000000000000000000, -1.000000000000000000 ) ) ;
#2479 = ORIENTED_EDGE ( 'NONE', *, *, #1729, .T. ) ;
#2480 = ORIENTED_EDGE ( 'NONE', *, *, #31, .T. ) ;
#2481 = EDGE_CURVE ( 'NONE', #815, #1034, #756, .T. ) ;
#2482 = B_SPLINE_CURVE_WITH_KNOTS ( 'NONE', 3,
 ( #1177, #944, #1370, #2291, #1541, #10, #2273, #1906, #1168, #968, #765, #2085 ),
 .UNSPECIFIED., .F., .F.,
 ( 4, 2, 2, 2, 2, 4 ),
 ( 0.01171176495886222003, 0.01445319552124418698, 0.01719462608362615219, 0.01856534136481713740, 0.01993605664600812261, 0.02267748720839008608 ),
 .UNSPECIFIED. ) ;
#2483 =( NAMED_UNIT ( * ) SI_UNIT ( $, .STERADIAN. ) SOLID_ANGLE_UNIT ( ) );
#2484 = CARTESIAN_POINT ( 'NONE',  ( -4.500000000000000888, -5.500000000000001776, -3.000000000000000000 ) ) ;
#2485 = FILL_AREA_STYLE_COLOUR ( '', #950 ) ;
ENDSEC;
END-ISO-10303-21;
