ISO-10303-21;
HEADER;
FILE_DESCRIPTION (( 'STEP AP214' ),
    '1' );
FILE_NAME ('Same_Sky_HSE19-361616P.step',
    '2025-07-30T21:48:45',
    ( '' ),
    ( '' ),
    'SwSTEP 2.0',
    'SolidWorks 2025',
    '' );
FILE_SCHEMA (( 'AUTOMOTIVE_DESIGN' ));
ENDSEC;

DATA;
#1 = DIRECTION ( 'NONE',  ( 0.000000000000000000, -1.000000000000000000, 0.000000000000000000 ) ) ;
#2 = CARTESIAN_POINT ( 'NONE',  ( -1.352549999999999031, 0.5183593749999980682, -5.039755446212264900 ) ) ;
#3 = ORIENTED_EDGE ( 'NONE', *, *, #3426, .T. ) ;
#4 = EDGE_CURVE ( 'NONE', #1202, #1722, #1559, .T. ) ;
#5 = LINE ( 'NONE', #3145, #3947 ) ;
#6 = CARTESIAN_POINT ( 'NONE',  ( 0.9563972768938659996, -7.766406247832120080, -4.643602723106139862 ) ) ;
#7 = FACE_OUTER_BOUND ( 'NONE', #1993, .T. ) ;
#8 = CARTESIAN_POINT ( 'NONE',  ( 0.7382030388933061849, -5.980468748916058175, -3.817820211718748968 ) ) ;
#9 = CARTESIAN_POINT ( 'NONE',  ( -1.782179788281249566, -6.278124998916056576, -6.338203038893300167 ) ) ;
#10 = CARTESIAN_POINT ( 'NONE',  ( 5.915000000000000036, -3.149999999999999911, 12.69999999999999929 ) ) ;
#11 = CARTESIAN_POINT ( 'NONE',  ( -1.782179788281249566, 1.064062501083937740, -4.861796961106697346 ) ) ;
#12 =( BOUNDED_CURVE ( )  B_SPLINE_CURVE ( 2, ( #2781, #2801, #633, #4068, #4045, #2767, #312, #2516, #2495 ),
 .UNSPECIFIED., .F., .F. ) 
 B_SPLINE_CURVE_WITH_KNOTS ( ( 3, 2, 2, 2, 3 ),
 ( 0.7187500000000000000, 0.7265625000000000000, 0.7343750000000000000, 0.7421875000000000000, 0.7500000000000000000 ),
 .UNSPECIFIED. ) 
 CURVE ( )  GEOMETRIC_REPRESENTATION_ITEM ( )  RATIONAL_B_SPLINE_CURVE ( ( 1.000000000000000000, 0.9238795325112859613, 1.000000000000000000, 0.9238795325112869605, 1.000000000000000000, 0.9238795325112869605, 1.000000000000000000, 0.9238795325112879597, 1.000000000000000000 ) ) 
 REPRESENTATION_ITEM ( '' )  );
#13 = ORIENTED_EDGE ( 'NONE', *, *, #1076, .T. ) ;
#14 = CARTESIAN_POINT ( 'NONE',  ( 6.767287489215109808, 7.470609992384459552, 12.69999999999999929 ) ) ;
#15 = CARTESIAN_POINT ( 'NONE',  ( 0.7382030388933061849, 1.163281251083938539, -3.817820211718748968 ) ) ;
#16 = ORIENTED_EDGE ( 'NONE', *, *, #450, .T. ) ;
#17 = CARTESIAN_POINT ( 'NONE',  ( -1.782179788281249566, 0.9648437510839378284, -6.338203038893299279 ) ) ;
#18 = CARTESIAN_POINT ( 'NONE',  ( -1.782179788281249566, -4.492187498916058175, -4.861796961106697346 ) ) ;
#19 = CARTESIAN_POINT ( 'NONE',  ( -1.352550000000004582, -3.351171872832119814, -6.160244553787726396 ) ) ;
#20 = CARTESIAN_POINT ( 'NONE',  ( 1.352550000000000141, 0.8656249999999999778, -5.599999999999999645 ) ) ;
#21 = ORIENTED_EDGE ( 'NONE', *, *, #2410, .F. ) ;
#22 = CARTESIAN_POINT ( 'NONE',  ( -1.352549999998380992, -7.419140624999795541, -5.039755446210661738 ) ) ;
#23 = CARTESIAN_POINT ( 'NONE',  ( -1.599999999999770495, -3.150000000000001243, -6.125485424248281241 ) ) ;
#24 = CARTESIAN_POINT ( 'NONE',  ( 1.352550000000001473, -7.716796872832119902, -5.039755446212264900 ) ) ;
#25 = EDGE_CURVE ( 'NONE', #4017, #3013, #1247, .T. ) ;
#26 = CARTESIAN_POINT ( 'NONE',  ( -0.8262770268648395033, -3.149999999999999467, -7.183365745855547324 ) ) ;
#27 = CARTESIAN_POINT ( 'NONE',  ( 1.260191413587278042, 1.510546876083940004, -6.860191413587279463 ) ) ;
#28 = ORIENTED_EDGE ( 'NONE', *, *, #1408, .T. ) ;
#29 = DIRECTION ( 'NONE',  ( 0.000000000000000000, -1.000000000000000000, 0.000000000000000000 ) ) ;
#30 = CARTESIAN_POINT ( 'NONE',  ( -1.054476604884388546, -8.149999999999945288, -6.447036358281918567 ) ) ;
#31 = ORIENTED_EDGE ( 'NONE', *, *, #2959, .F. ) ;
#32 = DIRECTION ( 'NONE',  ( 1.000000000000000000, 0.000000000000000000, 0.000000000000000000 ) ) ;
#33 = CARTESIAN_POINT ( 'NONE',  ( -1.782179788281250010, 2.502734376083940226, -5.599999999999999645 ) ) ;
#34 = ORIENTED_EDGE ( 'NONE', *, *, #3035, .T. ) ;
#35 = VECTOR ( 'NONE', #2491, 1000.000000000000000 ) ;
#36 = CARTESIAN_POINT ( 'NONE',  ( 1.782179788281250010, 0.6175781260839379172, -5.599999999999999645 ) ) ;
#37 = CARTESIAN_POINT ( 'NONE',  ( -1.352550000000000141, -8.064062497832120258, -5.599999999999999645 ) ) ;
#38 = VECTOR ( 'NONE', #3954, 1000.000000000000000 ) ;
#39 = DIRECTION ( 'NONE',  ( 1.000000000000000000, 0.000000000000000000, 0.000000000000000000 ) ) ;
#40 = CARTESIAN_POINT ( 'NONE',  ( -1.782179788281233135, -3.797656248916052579, -6.338203038893288621 ) ) ;
#41 = AXIS2_PLACEMENT_3D ( 'NONE', #433, #2323, #1386 ) ;
#42 = DIRECTION ( 'NONE',  ( 1.000000000000000000, 0.000000000000000000, 0.000000000000000000 ) ) ;
#43 = CARTESIAN_POINT ( 'NONE',  ( -1.352550000000000141, -6.675000000000000711, -5.600000000000339817 ) ) ;
#44 = CARTESIAN_POINT ( 'NONE',  ( 1.444254622496737639, -8.131165100196900752, -6.676128204677818978 ) ) ;
#45 = FACE_OUTER_BOUND ( 'NONE', #2175, .T. ) ;
#46 = CIRCLE ( 'NONE', #377, 1.199999999999999734 ) ;
#47 = ADVANCED_FACE ( 'NONE', ( #1213 ), #2109, .F. ) ;
#48 = CARTESIAN_POINT ( 'NONE',  ( -1.352549999999999031, -2.458203122832120169, -5.039755446212264900 ) ) ;
#49 = CARTESIAN_POINT ( 'NONE',  ( 9.218066990811460706E-17, 2.006640626083939782, -3.817820211718750301 ) ) ;
#50 = ORIENTED_EDGE ( 'NONE', *, *, #2563, .T. ) ;
#51 = DIRECTION ( 'NONE',  ( -4.243104671853940479E-15, -1.000000000000000000, 0.000000000000000000 ) ) ;
#52 = EDGE_LOOP ( 'NONE', ( #2649, #797, #28, #13 ) ) ;
#53 = CARTESIAN_POINT ( 'NONE',  ( 1.782179788281250010, 0.5183593760839391162, -5.599999999999999645 ) ) ;
#54 = VERTEX_POINT ( 'NONE', #2779 ) ;
#55 = CARTESIAN_POINT ( 'NONE',  ( -0.5703797565526596003, -9.207071598012154467, -6.979260665524175344 ) ) ;
#56 = CARTESIAN_POINT ( 'NONE',  ( 1.782179788281249566, -4.889062498916055155, -6.338203038893299279 ) ) ;
#57 = CARTESIAN_POINT ( 'NONE',  ( 0.9563972768938648894, -3.599218747832119814, -6.556397276893870085 ) ) ;
#58 = VECTOR ( 'NONE', #352, 1000.000000000000000 ) ;
#59 = DIRECTION ( 'NONE',  ( 0.000000000000000000, 0.000000000000000000, 1.000000000000000000 ) ) ;
#60 = DIRECTION ( 'NONE',  ( 0.000000000000000000, 0.000000000000000000, -1.000000000000000000 ) ) ;
#61 = CARTESIAN_POINT ( 'NONE',  ( -1.619175468571252496, -3.150000000000018563, -6.023107362780907970 ) ) ;
#62 = DIRECTION ( 'NONE',  ( 0.000000000000000000, 0.000000000000000000, -1.000000000000000000 ) ) ;
#63 = CARTESIAN_POINT ( 'NONE',  ( -0.4911259381930438983, -3.149999999999999911, -4.339767158286217175 ) ) ;
#64 = CARTESIAN_POINT ( 'NONE',  ( 1.567983131771049976, -8.150000000000011013, -6.447109022640921339 ) ) ;
#65 = DIRECTION ( 'NONE',  ( 0.000000000000000000, 0.000000000000000000, -1.000000000000000000 ) ) ;
#66 = CARTESIAN_POINT ( 'NONE',  ( -0.5602445537877306370, 0.02226562716787801322, -4.247449999999998838 ) ) ;
#67 = CARTESIAN_POINT ( 'NONE',  ( -0.5602445537877294157, -1.862890622832120924, -6.952550000000002228 ) ) ;
#68 = CARTESIAN_POINT ( 'NONE',  ( 1.260191413587276044, 2.304296876083939960, -6.860191413587279463 ) ) ;
#69 = ADVANCED_FACE ( 'NONE', ( #3742 ), #2166, .F. ) ;
#70 = CARTESIAN_POINT ( 'NONE',  ( -1.782179788281250010, -8.609765623916059596, -5.599999999999999645 ) ) ;
#71 = DIRECTION ( 'NONE',  ( 0.000000000000000000, 0.000000000000000000, -1.000000000000000000 ) ) ;
#72 = EDGE_CURVE ( 'NONE', #1294, #138, #2184, .T. ) ;
#73 = CARTESIAN_POINT ( 'NONE',  ( 1.782179788281249566, -1.813281248916063459, -6.338203038893299279 ) ) ;
#74 = CYLINDRICAL_SURFACE ( 'NONE', #2167, 0.2500000000000002220 ) ;
#75 = CARTESIAN_POINT ( 'NONE',  ( -1.782179788281249566, 0.9648437510839378284, -4.861796961106697346 ) ) ;
#76 = ORIENTED_EDGE ( 'NONE', *, *, #2330, .F. ) ;
#77 = CARTESIAN_POINT ( 'NONE',  ( -0.5602445537877586146, -6.030078125000045475, -6.952550000000077723 ) ) ;
#78 = CARTESIAN_POINT ( 'NONE',  ( -0.9087235241280764431, -8.149999999999996803, -6.662157398446455936 ) ) ;
#79 = CARTESIAN_POINT ( 'NONE',  ( -1.782179788281249566, -6.972656248916058175, -4.861796961106696457 ) ) ;
#80 = FACE_OUTER_BOUND ( 'NONE', #4053, .T. ) ;
#81 = CARTESIAN_POINT ( 'NONE',  ( -0.5602445537877294157, -3.450390622832122833, -6.952550000000002228 ) ) ;
#82 = CARTESIAN_POINT ( 'NONE',  ( -0.7382030388933050746, -0.7218749989160617719, -7.382179788281247212 ) ) ;
#83 = CARTESIAN_POINT ( 'NONE',  ( -1.260191413587276044, -9.304296873916058530, -4.339808586412725155 ) ) ;
#84 = CARTESIAN_POINT ( 'NONE',  ( 1.352550000000000141, -7.667187497832120613, -5.599999999999999645 ) ) ;
#85 = CARTESIAN_POINT ( 'NONE',  ( 1.782179788281249566, -7.468749998916055510, -4.861796961106697346 ) ) ;
#86 = CARTESIAN_POINT ( 'NONE',  ( -1.260191413587276044, -5.434765623916060662, -6.860191413587279463 ) ) ;
#87 = VERTEX_POINT ( 'NONE', #2224 ) ;
#88 = DIRECTION ( 'NONE',  ( 1.000000000000000000, 0.000000000000000000, 0.000000000000000000 ) ) ;
#89 = CARTESIAN_POINT ( 'NONE',  ( -0.7382030388933050746, -1.317187498916061239, -3.817820211718748968 ) ) ;
#90 = EDGE_CURVE ( 'NONE', #1357, #341, #2204, .T. ) ;
#91 = CARTESIAN_POINT ( 'NONE',  ( -1.260191413587278042, 1.708984376083940049, -6.860191413587279463 ) ) ;
#92 = CARTESIAN_POINT ( 'NONE',  ( -0.7382030388933039644, -4.690624998916059774, -7.382179788281247212 ) ) ;
#93 = CARTESIAN_POINT ( 'NONE',  ( -6.365000000000000213, -4.700000000000000178, 16.69999999999999929 ) ) ;
#94 = CARTESIAN_POINT ( 'NONE',  ( 1.352549999999999031, -1.565234374999999734, -5.039755446212264900 ) ) ;
#95 = CARTESIAN_POINT ( 'NONE',  ( -5.915000000000000036, -3.763250300240245316, -12.69999999999999929 ) ) ;
#96 = ORIENTED_EDGE ( 'NONE', *, *, #72, .F. ) ;
#97 = DIRECTION ( 'NONE',  ( 0.000000000000000000, 0.000000000000000000, 1.000000000000000000 ) ) ;
#98 = CARTESIAN_POINT ( 'NONE',  ( 8.912887325928530354E-16, -5.484374997832119902, -4.247449999999999726 ) ) ;
#99 = CIRCLE ( 'NONE', #3595, 0.2500000000000000000 ) ;
#100 = CARTESIAN_POINT ( 'NONE',  ( 0.5602445537877306370, -4.343359372832120258, -6.952550000000002228 ) ) ;
#101 = CARTESIAN_POINT ( 'NONE',  ( 0.5602445537880671456, -7.716796875000466294, -6.952550000000814023 ) ) ;
#102 = CARTESIAN_POINT ( 'NONE',  ( -0.8470363399125259152, -8.149999999999989697, -4.545523380359911769 ) ) ;
#103 = CIRCLE ( 'NONE', #1426, 1.199999999999999734 ) ;
#104 = CARTESIAN_POINT ( 'NONE',  ( 0.9563972768938648894, -2.011718747832119902, -6.556397276893870085 ) ) ;
#105 = VECTOR ( 'NONE', #1865, 1000.000000000000000 ) ;
#106 = CARTESIAN_POINT ( 'NONE',  ( 0.7382030388933061849, -7.270312498916064570, -7.382179788281247212 ) ) ;
#107 = CARTESIAN_POINT ( 'NONE',  ( 1.260191413587278042, -4.839453123916060306, -6.860191413587279463 ) ) ;
#108 = ORIENTED_EDGE ( 'NONE', *, *, #839, .F. ) ;
#109 = CARTESIAN_POINT ( 'NONE',  ( -1.782179788281249566, -1.416406248916061150, -4.861796961106697346 ) ) ;
#110 = CARTESIAN_POINT ( 'NONE',  ( -1.260191413587264053, -7.617578123916049826, -4.339808586412740254 ) ) ;
#111 = CARTESIAN_POINT ( 'NONE',  ( -0.7382030388933050746, 0.07187500108393836407, -7.382179788281247212 ) ) ;
#112 = ORIENTED_EDGE ( 'NONE', *, *, #246, .T. ) ;
#113 = CARTESIAN_POINT ( 'NONE',  ( 0.7382030388933050746, -1.714062498916062882, -7.382179788281247212 ) ) ;
#114 = EDGE_CURVE ( 'NONE', #1030, #1502, #3843, .T. ) ;
#115 = ORIENTED_EDGE ( 'NONE', *, *, #1049, .T. ) ;
#116 = CARTESIAN_POINT ( 'NONE',  ( -0.4911259381930438983, -3.149999999999999911, -4.339767158286217175 ) ) ;
#117 = STYLED_ITEM ( 'NONE', ( #4000 ), #2754 ) ;
#118 = CARTESIAN_POINT ( 'NONE',  ( 1.352550000000001473, -4.740234375000002665, -5.039755446212264900 ) ) ;
#119 = FACE_OUTER_BOUND ( 'NONE', #515, .T. ) ;
#120 = DIRECTION ( 'NONE',  ( 0.000000000000000000, 0.000000000000000000, 1.000000000000000000 ) ) ;
#121 = CARTESIAN_POINT ( 'NONE',  ( -1.260191413587276044, -5.236328123916059951, -4.339808586412725155 ) ) ;
#122 = EDGE_CURVE ( 'NONE', #932, #2030, #1486, .T. ) ;
#123 = CIRCLE ( 'NONE', #574, 0.2500000000000000000 ) ;
#124 = CARTESIAN_POINT ( 'NONE',  ( -0.07192302703182928969, -8.150000000000003908, -4.104362985502286065 ) ) ;
#125 = AXIS2_PLACEMENT_3D ( 'NONE', #182, #1061, #2018 ) ;
#126 = CARTESIAN_POINT ( 'NONE',  ( 4.831005568447190187E-17, -1.118749997832121812, -6.952550000000000452 ) ) ;
#127 = CARTESIAN_POINT ( 'NONE',  ( 1.782179788281250010, -0.9699218739160619940, -5.599999999999999645 ) ) ;
#128 = EDGE_LOOP ( 'NONE', ( #882, #2718, #4079, #1659 ) ) ;
#129 = CARTESIAN_POINT ( 'NONE',  ( -0.7382030388933039644, -7.964843748916065280, -7.382179788281247212 ) ) ;
#130 = CARTESIAN_POINT ( 'NONE',  ( -1.260191413587276044, -5.236328123916059951, -4.339808586412725155 ) ) ;
#131 = ORIENTED_EDGE ( 'NONE', *, *, #90, .T. ) ;
#132 = CARTESIAN_POINT ( 'NONE',  ( 5.689915408652110259E-16, -2.061328123916060129, -3.817820211718750301 ) ) ;
#133 = CARTESIAN_POINT ( 'NONE',  ( 1.260191413587268050, -7.419140623916050004, -4.339808586412740254 ) ) ;
#134 = CARTESIAN_POINT ( 'NONE',  ( 0.7382030388933050746, -0.8210937489160615721, -7.382179788281247212 ) ) ;
#135 = VERTEX_POINT ( 'NONE', #43 ) ;
#136 =( BOUNDED_CURVE ( )  B_SPLINE_CURVE ( 2, ( #2443, #3462, #1898, #1815, #3738, #1509, #854, #3777, #3056 ),
 .UNSPECIFIED., .F., .F. ) 
 B_SPLINE_CURVE_WITH_KNOTS ( ( 3, 2, 2, 2, 3 ),
 ( 0.1019404112819787961, 0.1030023751681097971, 0.1040643390542410063, 0.1051263029403719934, 0.1061882668265029944 ),
 .UNSPECIFIED. ) 
 CURVE ( )  GEOMETRIC_REPRESENTATION_ITEM ( )  RATIONAL_B_SPLINE_CURVE ( ( 0.9999999999998500089, 0.9238795325114369517, 1.000000000000000000, 0.9238795325112869605, 1.000000000000000000, 0.9238795325112869605, 1.000000000000000000, 0.9238795325114939061, 0.9999999999997930544 ) ) 
 REPRESENTATION_ITEM ( '' )  );
#137 = CARTESIAN_POINT ( 'NONE',  ( 1.260191413587278042, -0.3746093739160605285, -4.339808586412725155 ) ) ;
#138 = VERTEX_POINT ( 'NONE', #1260 ) ;
#139 = CARTESIAN_POINT ( 'NONE',  ( -1.782179788281233135, -4.492187498916047517, -4.861796961106700898 ) ) ;
#140 = CARTESIAN_POINT ( 'NONE',  ( 6.297867278374699835E-16, -6.079687500000000355, -6.952550000000000452 ) ) ;
#141 = EDGE_CURVE ( 'NONE', #1545, #2294, #655, .T. ) ;
#142 = DIRECTION ( 'NONE',  ( 0.000000000000000000, -1.000000000000000000, 0.000000000000000000 ) ) ;
#143 = PLANE ( 'NONE',  #2920 ) ;
#144 = CARTESIAN_POINT ( 'NONE',  ( 1.208615879953999802E-15, -7.518359373916060129, -3.817820211718750301 ) ) ;
#145 = DIRECTION ( 'NONE',  ( 0.000000000000000000, -1.000000000000000000, 0.000000000000000000 ) ) ;
#146 = EDGE_CURVE ( 'NONE', #1565, #1135, #3572, .T. ) ;
#147 = CARTESIAN_POINT ( 'NONE',  ( 0.9563972768938659996, -5.186718747832120613, -6.556397276893870085 ) ) ;
#148 = CARTESIAN_POINT ( 'NONE',  ( -1.782179788281249566, -2.210156248916061106, -6.338203038893299279 ) ) ;
#149 = CARTESIAN_POINT ( 'NONE',  ( -1.352550000000000141, 2.254687502167880275, -5.599999999999999645 ) ) ;
#150 = DIRECTION ( 'NONE',  ( -1.414368223951314019E-15, 1.000000000000000000, 0.000000000000000000 ) ) ;
#151 = CARTESIAN_POINT ( 'NONE',  ( 0.7382030388933050746, -6.377343748916063149, -7.382179788281247212 ) ) ;
#152 = LINE ( 'NONE', #2713, #3604 ) ;
#153 = CARTESIAN_POINT ( 'NONE',  ( 1.782179788281249566, -8.262499998916062793, -4.861796961106697346 ) ) ;
#154 = CARTESIAN_POINT ( 'NONE',  ( 1.790015199723750251E-16, -2.458203123916060218, -7.382179788281249877 ) ) ;
#155 = CARTESIAN_POINT ( 'NONE',  ( 1.782179788281235133, -7.319921873916049648, -5.599999999999999645 ) ) ;
#156 = CARTESIAN_POINT ( 'NONE',  ( 0.7382030388933050746, -1.614843748916060751, -7.382179788281247212 ) ) ;
#157 = ORIENTED_EDGE ( 'NONE', *, *, #3607, .T. ) ;
#158 = CARTESIAN_POINT ( 'NONE',  ( 1.782179788281249566, -0.3249999989160607394, -4.861796961106697346 ) ) ;
#159 = EDGE_LOOP ( 'NONE', ( #3795, #3110, #1849, #850 ) ) ;
#160 = CARTESIAN_POINT ( 'NONE',  ( 8.215115322190840005E-16, -4.889062500000000533, -4.247449999999999726 ) ) ;
#161 = PLANE ( 'NONE',  #974 ) ;
#162 = DIRECTION ( 'NONE',  ( 1.000000000000000000, 0.000000000000000000, 0.000000000000000000 ) ) ;
#163 = DIRECTION ( 'NONE',  ( 1.414368223951314019E-15, 1.000000000000000000, 0.000000000000000000 ) ) ;
#164 = CARTESIAN_POINT ( 'NONE',  ( 6.325533240535150091E-16, -6.327734373916060306, -7.382179788281249877 ) ) ;
#165 = DIRECTION ( 'NONE',  ( -1.000000000000000000, 0.000000000000000000, 0.000000000000000000 ) ) ;
#166 = CARTESIAN_POINT ( 'NONE',  ( -0.5602445537877294157, -3.946484372832121945, -4.247449999999998838 ) ) ;
#167 = CARTESIAN_POINT ( 'NONE',  ( 4.643257399234089735E-16, -1.168359373916061816, -3.817820211718750301 ) ) ;
#168 = CARTESIAN_POINT ( 'NONE',  ( -1.260191413587276044, -3.748046873916060395, -4.339808586412725155 ) ) ;
#169 = LINE ( 'NONE', #10, #1562 ) ;
#170 = EDGE_CURVE ( 'NONE', #1234, #3532, #2263, .T. ) ;
#171 = VECTOR ( 'NONE', #1474, 1000.000000000000000 ) ;
#172 = CARTESIAN_POINT ( 'NONE',  ( -0.7382030388933039644, -5.484374998916059951, -7.382179788281247212 ) ) ;
#173 = AXIS2_PLACEMENT_3D ( 'NONE', #3510, #2288, #1942 ) ;
#174 = ORIENTED_EDGE ( 'NONE', *, *, #2254, .T. ) ;
#175 = DIRECTION ( 'NONE',  ( 0.000000000000000000, -1.000000000000000000, 0.000000000000000000 ) ) ;
#176 = CARTESIAN_POINT ( 'NONE',  ( 7.550640758728589549E-16, -3.648828123916060484, -3.817820211718750301 ) ) ;
#177 = ADVANCED_FACE ( 'NONE', ( #2853 ), #1576, .T. ) ;
#178 = AXIS2_PLACEMENT_3D ( 'NONE', #2498, #1266, #3066 ) ;
#179 = CARTESIAN_POINT ( 'NONE',  ( -1.352550000000000141, -8.064062497832120258, -5.599999999999999645 ) ) ;
#180 = CARTESIAN_POINT ( 'NONE',  ( -0.7382030388933050746, -0.7218749989160617719, -7.382179788281247212 ) ) ;
#181 = ORIENTED_EDGE ( 'NONE', *, *, #1564, .F. ) ;
#182 = CARTESIAN_POINT ( 'NONE',  ( 4.165000000000000036, -3.399999999999999911, 12.69999999999999929 ) ) ;
#183 = CARTESIAN_POINT ( 'NONE',  ( 1.782179788281249566, -1.019531248916059951, -6.338203038893299279 ) ) ;
#184 = ORIENTED_EDGE ( 'NONE', *, *, #2363, .F. ) ;
#185 = CARTESIAN_POINT ( 'NONE',  ( 0.5602445537877306370, -4.541796875000001066, -6.952550000000002228 ) ) ;
#186 = FACE_OUTER_BOUND ( 'NONE', #4047, .T. ) ;
#187 = DIRECTION ( 'NONE',  ( 0.000000000000000000, 0.000000000000000000, 1.000000000000000000 ) ) ;
#188 = CARTESIAN_POINT ( 'NONE',  ( 1.260191413587278042, -5.633203123916060484, -6.860191413587279463 ) ) ;
#189 = CARTESIAN_POINT ( 'NONE',  ( -1.600000000000000089, -3.149999999999999911, -12.69999999999999929 ) ) ;
#190 = AXIS2_PLACEMENT_3D ( 'NONE', #1958, #3859, #3796 ) ;
#191 = CARTESIAN_POINT ( 'NONE',  ( 0.5602445537877316362, -6.228515622832123455, -4.247449999999998838 ) ) ;
#192 = VERTEX_POINT ( 'NONE', #630 ) ;
#193 = CARTESIAN_POINT ( 'NONE',  ( -1.782179788281250010, -9.403515623916060662, -5.599999999999999645 ) ) ;
#194 = AXIS2_PLACEMENT_3D ( 'NONE', #1362, #3524, #984 ) ;
#195 = CARTESIAN_POINT ( 'NONE',  ( -1.782179788281250010, -5.434765623916060662, -5.599999999999999645 ) ) ;
#196 = CARTESIAN_POINT ( 'NONE',  ( -5.165000000000000036, -4.700000000000000178, 12.69999999999999929 ) ) ;
#197 = CARTESIAN_POINT ( 'NONE',  ( 1.260191413587280040, -8.808203123916060306, -6.860191413587279463 ) ) ;
#198 = ORIENTED_EDGE ( 'NONE', *, *, #122, .T. ) ;
#199 = CARTESIAN_POINT ( 'NONE',  ( -1.850000000000000089, 7.521408487456800351, 12.69999999999999929 ) ) ;
#200 = CARTESIAN_POINT ( 'NONE',  ( 3.712894724195855021E-16, -0.3746093739160619718, -3.817820211718750301 ) ) ;
#201 = EDGE_CURVE ( 'NONE', #1397, #2929, #353, .T. ) ;
#202 = ORIENTED_EDGE ( 'NONE', *, *, #2785, .F. ) ;
#203 = CARTESIAN_POINT ( 'NONE',  ( -1.782179788281250010, 0.9152343760839379838, -5.599999999999999645 ) ) ;
#204 = ORIENTED_EDGE ( 'NONE', *, *, #1516, .F. ) ;
#205 = CARTESIAN_POINT ( 'NONE',  ( 1.352550000000000141, -6.278125000000000178, -5.599999999999999645 ) ) ;
#206 = DIRECTION ( 'NONE',  ( 1.000000000000000000, 0.000000000000000000, 0.000000000000000000 ) ) ;
#207 = DIRECTION ( 'NONE',  ( 0.000000000000000000, 0.000000000000000000, 1.000000000000000000 ) ) ;
#208 = CARTESIAN_POINT ( 'NONE',  ( 0.7382030388933061849, -5.881249998916064925, -3.817820211718748968 ) ) ;
#209 = CARTESIAN_POINT ( 'NONE',  ( 4.415000000000000036, -3.149999999999999911, 12.69999999999999929 ) ) ;
#210 = CARTESIAN_POINT ( 'NONE',  ( 4.165000000000000036, -3.399999999999999911, -12.69999999999999929 ) ) ;
#211 = CARTESIAN_POINT ( 'NONE',  ( 1.352550000000000141, -3.698437497832119725, -5.599999999999999645 ) ) ;
#212 = ORIENTED_EDGE ( 'NONE', *, *, #2410, .T. ) ;
#213 = CARTESIAN_POINT ( 'NONE',  ( -2.307987468269989500E-16, 1.262500002167878055, -6.952550000000000452 ) ) ;
#214 = CARTESIAN_POINT ( 'NONE',  ( 1.260191413587280040, -4.343359373916060306, -4.339808586412725155 ) ) ;
#215 = CARTESIAN_POINT ( 'NONE',  ( 6.165000000000000036, -3.149999999999999911, 12.69999999999999929 ) ) ;
#216 = CARTESIAN_POINT ( 'NONE',  ( -1.313566053384690679, -9.398284142213142900, -6.804453826908102521 ) ) ;
#217 = ORIENTED_EDGE ( 'NONE', *, *, #2930, .F. ) ;
#218 = CARTESIAN_POINT ( 'NONE',  ( 1.352550000000001473, -2.358984374999999467, -5.039755446212264900 ) ) ;
#219 = CARTESIAN_POINT ( 'NONE',  ( -6.336954265394150632, -3.149999999999999911, 12.69999999999999929 ) ) ;
#220 = CARTESIAN_POINT ( 'NONE',  ( 1.782179788281250010, -5.037890623916060129, -5.599999999999999645 ) ) ;
#221 = VERTEX_POINT ( 'NONE', #2531 ) ;
#222 = CARTESIAN_POINT ( 'NONE',  ( 1.782179788281249566, -3.499999998916060839, -4.861796961106697346 ) ) ;
#223 = ORIENTED_EDGE ( 'NONE', *, *, #3030, .T. ) ;
#224 = EDGE_CURVE ( 'NONE', #977, #1397, #3759, .T. ) ;
#225 = CARTESIAN_POINT ( 'NONE',  ( -0.9563972768938640012, -8.361718749999999645, -6.556397276893870085 ) ) ;
#226 = CARTESIAN_POINT ( 'NONE',  ( -0.9563972768939109637, -5.782031250000040146, -4.643602723106099006 ) ) ;
#227 = CARTESIAN_POINT ( 'NONE',  ( -0.7382030388933039644, -8.659374998916064214, -7.382179788281247212 ) ) ;
#228 = CARTESIAN_POINT ( 'NONE',  ( 5.165000000000000036, -4.700000000000000178, 12.69999999999999929 ) ) ;
#229 = ADVANCED_FACE ( 'NONE', ( #608 ), #3122, .F. ) ;
#230 = LINE ( 'NONE', #1488, #3482 ) ;
#231 = CARTESIAN_POINT ( 'NONE',  ( 1.352550000000001473, -6.030078122832120968, -6.160244553787730837 ) ) ;
#232 = ORIENTED_EDGE ( 'NONE', *, *, #4080, .F. ) ;
#233 = CARTESIAN_POINT ( 'NONE',  ( -0.5602445537877306370, 2.105859377167879298, -6.952550000000002228 ) ) ;
#234 = CARTESIAN_POINT ( 'NONE',  ( -1.260191413587276044, -3.946484373916060662, -6.860191413587279463 ) ) ;
#235 = CARTESIAN_POINT ( 'NONE',  ( -0.5602445537877294157, -5.831640622832121146, -6.952550000000002228 ) ) ;
#236 = CLOSED_SHELL ( 'NONE', ( #2487, #3657, #2983, #3400 ) ) ;
#237 = DIRECTION ( 'NONE',  ( -4.445560573694990261E-16, 1.000000000000000000, 0.000000000000000000 ) ) ;
#238 = CARTESIAN_POINT ( 'NONE',  ( -0.5602445537877294157, -3.648828124999999201, -6.952550000000002228 ) ) ;
#239 = CARTESIAN_POINT ( 'NONE',  ( 0.9108691475838431861, -3.150000000000000799, -7.000366146896106478 ) ) ;
#240 = AXIS2_PLACEMENT_3D ( 'NONE', #2371, #2665, #2709 ) ;
#241 = ORIENTED_EDGE ( 'NONE', *, *, #714, .T. ) ;
#242 = CARTESIAN_POINT ( 'NONE',  ( 1.782179788281249566, -2.607031248916059418, -6.338203038893299279 ) ) ;
#243 = DIRECTION ( 'NONE',  ( 0.000000000000000000, 0.000000000000000000, 1.000000000000000000 ) ) ;
#244 = CARTESIAN_POINT ( 'NONE',  ( 0.5602445537877316362, -8.014453124999997513, -4.247449999999998838 ) ) ;
#245 = LINE ( 'NONE', #1872, #4015 ) ;
#246 = EDGE_CURVE ( 'NONE', #1033, #3962, #3799, .T. ) ;
#247 = CYLINDRICAL_SURFACE ( 'NONE', #615, 0.2500000000000002220 ) ;
#248 = CARTESIAN_POINT ( 'NONE',  ( 1.260191413587278042, 2.006640626083939782, -4.339808586412725155 ) ) ;
#249 = SURFACE_STYLE_FILL_AREA ( #306 ) ;
#250 = CARTESIAN_POINT ( 'NONE',  ( -1.352550000000000141, -6.476562497832119902, -5.599999999999999645 ) ) ;
#251 = CARTESIAN_POINT ( 'NONE',  ( -1.352549999999999031, -7.220703122832122567, -5.039755446212264900 ) ) ;
#252 = CARTESIAN_POINT ( 'NONE',  ( 0.7382030388933050746, -2.408593748916063149, -7.382179788281247212 ) ) ;
#253 = ADVANCED_FACE ( 'NONE', ( #310, #7 ), #937, .F. ) ;
#254 = ORIENTED_EDGE ( 'NONE', *, *, #4001, .F. ) ;
#255 = CARTESIAN_POINT ( 'NONE',  ( -5.165000000000000036, -4.700000000000000178, 16.69999999999999929 ) ) ;
#256 = CARTESIAN_POINT ( 'NONE',  ( -0.7382030388933039644, -7.567968748916062083, -3.817820211718748968 ) ) ;
#257 = CARTESIAN_POINT ( 'NONE',  ( 5.165000000000000036, -4.700000000000000178, 6.700000000000000178 ) ) ;
#258 = CARTESIAN_POINT ( 'NONE',  ( 0.7382030388933050746, -4.095312498916060306, -7.382179788281247212 ) ) ;
#259 = AXIS2_PLACEMENT_3D ( 'NONE', #270, #59, #4067 ) ;
#260 = ORIENTED_EDGE ( 'NONE', *, *, #2404, .F. ) ;
#261 = CARTESIAN_POINT ( 'NONE',  ( -1.782179788281249566, -4.591406248916058530, -4.861796961106697346 ) ) ;
#262 = DIRECTION ( 'NONE',  ( -1.000000000000000000, 0.000000000000000000, 0.000000000000000000 ) ) ;
#263 = CARTESIAN_POINT ( 'NONE',  ( -7.900000000000000355, -8.149999999999998579, -12.69999999999999929 ) ) ;
#264 = VERTEX_POINT ( 'NONE', #2833 ) ;
#265 = SURFACE_STYLE_USAGE ( .BOTH. , #2794 ) ;
#266 = CARTESIAN_POINT ( 'NONE',  ( 1.352550000000000141, -9.254687497832120968, -5.599999999999999645 ) ) ;
#267 = ORIENTED_EDGE ( 'NONE', *, *, #1311, .T. ) ;
#268 = B_SPLINE_CURVE_WITH_KNOTS ( 'NONE', 3,
 ( #2641, #1673, #3551, #2916, #3845, #713, #1617, #3186, #3904, #1306, #1987, #395, #124, #2556, #1655, #1005, #3824, #102 ),
 .UNSPECIFIED., .F., .F.,
 ( 4, 2, 2, 2, 2, 2, 2, 2, 4 ),
 ( 1.092849624499093792E-12, 0.0003849184391146264861, 0.0007698368771364034200, 0.001154755315158180083, 0.001539673753179957505, 0.001924592191201734493, 0.002309510629223511698, 0.002694429067245288686, 0.003079347505267065674 ),
 .UNSPECIFIED. ) ;
#269 = CARTESIAN_POINT ( 'NONE',  ( 0.7382030388933050746, -6.476562498916058175, -7.382179788281247212 ) ) ;
#270 = CARTESIAN_POINT ( 'NONE',  ( -5.165000000000000036, -4.700000000000000178, 6.700000000000000178 ) ) ;
#271 = CARTESIAN_POINT ( 'NONE',  ( 3.747354264323064843, -3.149999999999999911, -12.69999999999999929 ) ) ;
#272 = EDGE_CURVE ( 'NONE', #2030, #1969, #1282, .T. ) ;
#273 = CARTESIAN_POINT ( 'NONE',  ( 1.782179788281249566, -8.064062498916060306, -6.338203038893299279 ) ) ;
#274 = CARTESIAN_POINT ( 'NONE',  ( 0.9563972768944379865, -7.964843750000470735, -4.643602723105569652 ) ) ;
#275 = DIRECTION ( 'NONE',  ( 0.000000000000000000, 0.000000000000000000, 1.000000000000000000 ) ) ;
#276 = CARTESIAN_POINT ( 'NONE',  ( 9.411366108805059963E-16, -5.236328123916059951, -3.817820211718750301 ) ) ;
#277 = CARTESIAN_POINT ( 'NONE',  ( -1.782179788281249566, -3.797656248916063237, -6.338203038893299279 ) ) ;
#278 = VERTEX_POINT ( 'NONE', #2639 ) ;
#279 = FACE_OUTER_BOUND ( 'NONE', #289, .T. ) ;
#280 = CARTESIAN_POINT ( 'NONE',  ( -0.5602445537877294157, -0.4738281250000014877, -6.952550000000002228 ) ) ;
#281 = VERTEX_POINT ( 'NONE', #2620 ) ;
#282 = DIRECTION ( 'NONE',  ( -1.000000000000000000, 3.897404079615515347E-15, 0.000000000000000000 ) ) ;
#283 = DIRECTION ( 'NONE',  ( 1.000000000000000000, 0.000000000000000000, 0.000000000000000000 ) ) ;
#284 = CARTESIAN_POINT ( 'NONE',  ( -1.352549999999999031, -8.907421872832120613, -6.160244553787730837 ) ) ;
#285 = CARTESIAN_POINT ( 'NONE',  ( 1.782179788281250010, -5.831640623916060306, -5.599999999999999645 ) ) ;
#286 = DIRECTION ( 'NONE',  ( 0.000000000000000000, 0.000000000000000000, 1.000000000000000000 ) ) ;
#287 = DIRECTION ( 'NONE',  ( 0.000000000000000000, 0.000000000000000000, 1.000000000000000000 ) ) ;
#288 = CARTESIAN_POINT ( 'NONE',  ( -2.047730834808979840E-16, 0.8160156260839379616, -7.382179788281249877 ) ) ;
#289 = EDGE_LOOP ( 'NONE', ( #1258, #1104, #400, #826 ) ) ;
#290 = CARTESIAN_POINT ( 'NONE',  ( -1.352549999999999031, -2.755859375000003109, -6.160244553787730837 ) ) ;
#291 = FACE_OUTER_BOUND ( 'NONE', #1644, .T. ) ;
#292 = ADVANCED_FACE ( 'NONE', ( #730 ), #3615, .F. ) ;
#293 = CARTESIAN_POINT ( 'NONE',  ( -1.260191413587276044, -6.129296873916060484, -4.339808586412725155 ) ) ;
#294 = CARTESIAN_POINT ( 'NONE',  ( 1.260191413587278042, -3.251953123916060395, -6.860191413587279463 ) ) ;
#295 = VERTEX_POINT ( 'NONE', #1733 ) ;
#296 = EDGE_CURVE ( 'NONE', #4035, #1186, #2043, .T. ) ;
#297 = CARTESIAN_POINT ( 'NONE',  ( 1.782179788281249566, -4.988281248916062616, -6.338203038893299279 ) ) ;
#298 = EDGE_LOOP ( 'NONE', ( #2822, #2478, #1491, #2825 ) ) ;
#299 = VECTOR ( 'NONE', #237, 1000.000000000000000 ) ;
#300 = CARTESIAN_POINT ( 'NONE',  ( 1.260191413587265830, -5.037890623916049471, -4.339808586412740254 ) ) ;
#301 = CARTESIAN_POINT ( 'NONE',  ( 1.100620334730556140E-15, -7.270312500000000178, -4.247449999999999726 ) ) ;
#302 = CARTESIAN_POINT ( 'NONE',  ( 6.767287489215109808, 7.470609992384459552, -12.69999999999999929 ) ) ;
#303 = PRESENTATION_LAYER_ASSIGNMENT (  '', '', ( #2540 ) ) ;
#304 = CARTESIAN_POINT ( 'NONE',  ( -0.5602445537877306370, 0.6175781249999989786, -4.247449999999998838 ) ) ;
#305 = ORIENTED_EDGE ( 'NONE', *, *, #1991, .F. ) ;
#306 = FILL_AREA_STYLE ('',( #891 ) ) ;
#307 = AXIS2_PLACEMENT_3D ( 'NONE', #3349, #1479, #3993 ) ;
#308 = DIRECTION ( 'NONE',  ( 0.000000000000000000, 0.000000000000000000, 1.000000000000000000 ) ) ;
#309 = CARTESIAN_POINT ( 'NONE',  ( 1.077361267600500077E-15, -7.071874997832120258, -4.247449999999999726 ) ) ;
#310 = FACE_BOUND ( 'NONE', #2504, .T. ) ;
#311 = CARTESIAN_POINT ( 'NONE',  ( 0.7382030388933050746, -5.682812498916062438, -7.382179788281247212 ) ) ;
#312 = CARTESIAN_POINT ( 'NONE',  ( -0.9563972768938640012, -7.171093747832120613, -4.643602723106139862 ) ) ;
#313 = CARTESIAN_POINT ( 'NONE',  ( -2.978093509847214801E-16, 1.609765626083940138, -7.382179788281249877 ) ) ;
#314 = LINE ( 'NONE', #1289, #1344 ) ;
#315 = CARTESIAN_POINT ( 'NONE',  ( -1.782179788281249566, -6.178906248916060662, -4.861796961106697346 ) ) ;
#316 =( GEOMETRIC_REPRESENTATION_CONTEXT ( 3 ) GLOBAL_UNCERTAINTY_ASSIGNED_CONTEXT ( ( #3786 ) ) GLOBAL_UNIT_ASSIGNED_CONTEXT ( ( #606, #3681, #2403 ) ) REPRESENTATION_CONTEXT ( 'NONE', 'WORKASPACE' ) );
#317 = EDGE_CURVE ( 'NONE', #910, #1234, #1669, .T. ) ;
#318 = CARTESIAN_POINT ( 'NONE',  ( -0.7382030388933050746, -4.392968748916064037, -3.817820211718748968 ) ) ;
#319 = DIRECTION ( 'NONE',  ( 0.9998489111276409602, -0.01738260385761315058, 0.000000000000000000 ) ) ;
#320 = AXIS2_PLACEMENT_3D ( 'NONE', #470, #2364, #2638 ) ;
#321 = CARTESIAN_POINT ( 'NONE',  ( 9.116621265649859658E-16, -8.708984373916059951, -7.382179788281249877 ) ) ;
#322 = VERTEX_POINT ( 'NONE', #711 ) ;
#323 = CARTESIAN_POINT ( 'NONE',  ( 5.395170565496919814E-16, -5.533984373916049471, -7.382179788281230337 ) ) ;
#324 = EDGE_CURVE ( 'NONE', #2217, #2236, #2272, .T. ) ;
#325 = PRODUCT_DEFINITION_FORMATION_WITH_SPECIFIED_SOURCE ( 'ANY', '', #3969, .NOT_KNOWN. ) ;
#326 = CARTESIAN_POINT ( 'NONE',  ( -1.782179788281250010, 1.014453126083938006, -5.599999999999999645 ) ) ;
#327 = CARTESIAN_POINT ( 'NONE',  ( -0.7382030388933050746, -2.805468748916060573, -3.817820211718748968 ) ) ;
#328 = DIRECTION ( 'NONE',  ( -1.000000000000000000, 1.414368223951314019E-15, 0.000000000000000000 ) ) ;
#329 = CARTESIAN_POINT ( 'NONE',  ( 0.5602445537877294157, -0.5730468750000012879, -6.952550000000002228 ) ) ;
#330 = CARTESIAN_POINT ( 'NONE',  ( -0.9563972768939139613, -5.980468750000039968, -6.556397276893920711 ) ) ;
#331 = CARTESIAN_POINT ( 'NONE',  ( -0.5602445537877294157, -4.144921875000003197, -4.247449999999998838 ) ) ;
#332 = CARTESIAN_POINT ( 'NONE',  ( 0.5602445537877316362, -7.022265622832119192, -4.247449999999998838 ) ) ;
#333 = DIRECTION ( 'NONE',  ( -0.000000000000000000, 1.000000000000000000, 0.000000000000000000 ) ) ;
#334 = CARTESIAN_POINT ( 'NONE',  ( -0.7382030388933050746, -6.079687498916065636, -3.817820211718748968 ) ) ;
#335 = CARTESIAN_POINT ( 'NONE',  ( -1.352550000000000141, -4.293750000000000178, -5.599999999999999645 ) ) ;
#336 = CARTESIAN_POINT ( 'NONE',  ( -1.260191413587276044, 1.113671876083938139, -4.339808586412725155 ) ) ;
#337 = ORIENTED_EDGE ( 'NONE', *, *, #2666, .F. ) ;
#338 = DIRECTION ( 'NONE',  ( -1.000000000000000000, -3.897404079615515347E-15, 0.000000000000000000 ) ) ;
#339 = LINE ( 'NONE', #879, #2660 ) ;
#340 = CARTESIAN_POINT ( 'NONE',  ( 1.034172878384329714E-15, -6.030078123916060129, -3.817820211718750301 ) ) ;
#341 = VERTEX_POINT ( 'NONE', #2303 ) ;
#342 = PLANE ( 'NONE',  #767 ) ;
#343 = CARTESIAN_POINT ( 'NONE',  ( -1.782179788281249566, 1.659375001083938095, -6.338203038893299279 ) ) ;
#344 = ORIENTED_EDGE ( 'NONE', *, *, #3574, .F. ) ;
#345 = CARTESIAN_POINT ( 'NONE',  ( -0.7382030388933050746, 1.659375001083938095, -7.382179788281247212 ) ) ;
#346 = CARTESIAN_POINT ( 'NONE',  ( 3.274188581959430126E-16, -3.499999997832119902, -6.952550000000000452 ) ) ;
#347 = LINE ( 'NONE', #2847, #2340 ) ;
#348 = CARTESIAN_POINT ( 'NONE',  ( -0.9563972768938648894, -0.2257812500000014877, -4.643602723106139862 ) ) ;
#349 = EDGE_CURVE ( 'NONE', #2527, #2011, #99, .T. ) ;
#350 = ORIENTED_EDGE ( 'NONE', *, *, #1543, .F. ) ;
#351 = CARTESIAN_POINT ( 'NONE',  ( -1.782179788281233135, -3.698437498916051336, -4.861796961106700898 ) ) ;
#352 = DIRECTION ( 'NONE',  ( -1.000000000000000000, -3.897404079615515347E-15, 0.000000000000000000 ) ) ;
#353 = LINE ( 'NONE', #590, #35 ) ;
#354 = ADVANCED_FACE ( 'NONE', ( #3205 ), #1086, .F. ) ;
#355 = DIRECTION ( 'NONE',  ( 0.000000000000000000, 0.000000000000000000, -1.000000000000000000 ) ) ;
#356 = CARTESIAN_POINT ( 'NONE',  ( 0.5602445537877306370, -2.755859372832123455, -6.952550000000002228 ) ) ;
#357 = CARTESIAN_POINT ( 'NONE',  ( -3.908456184885454939E-16, 2.403515626083939871, -7.382179788281249877 ) ) ;
#358 = AXIS2_PLACEMENT_3D ( 'NONE', #257, #3433, #4050 ) ;
#359 = ORIENTED_EDGE ( 'NONE', *, *, #3078, .T. ) ;
#360 = CARTESIAN_POINT ( 'NONE',  ( 1.782179788281249566, -9.056249998916056754, -4.861796961106697346 ) ) ;
#361 = CARTESIAN_POINT ( 'NONE',  ( -1.313558022712302487, -9.398284954328486762, -6.804462585025517818 ) ) ;
#362 = ORIENTED_EDGE ( 'NONE', *, *, #3346, .F. ) ;
#363 = CARTESIAN_POINT ( 'NONE',  ( 0.7382030388933061849, 0.4687500010839380504, -3.817820211718748968 ) ) ;
#364 = DIRECTION ( 'NONE',  ( 0.000000000000000000, 0.000000000000000000, 1.000000000000000000 ) ) ;
#365 = CARTESIAN_POINT ( 'NONE',  ( 1.352549999999999031, -0.6722656250000009770, -6.160244553787730837 ) ) ;
#366 = CARTESIAN_POINT ( 'NONE',  ( 1.260191413587278042, 2.006640626083939782, -4.339808586412725155 ) ) ;
#367 = VECTOR ( 'NONE', #2954, 1000.000000000000000 ) ;
#368 = ORIENTED_EDGE ( 'NONE', *, *, #1643, .F. ) ;
#369 = CARTESIAN_POINT ( 'NONE',  ( -0.5602445537880996751, -3.648828125000513456, -6.952550000000890407 ) ) ;
#370 = CARTESIAN_POINT ( 'NONE',  ( -0.04049772396375603267, -3.150000000003222222, -7.381719599744007709 ) ) ;
#371 = CARTESIAN_POINT ( 'NONE',  ( -1.352549999999999031, -4.244140624999998224, -5.039755446212264900 ) ) ;
#372 = EDGE_CURVE ( 'NONE', #1206, #2969, #472, .T. ) ;
#373 = CARTESIAN_POINT ( 'NONE',  ( 0.5602445537877316362, -5.434765622832117948, -4.247449999999998838 ) ) ;
#374 = CARTESIAN_POINT ( 'NONE',  ( -1.122442506535667350, -3.150000000000001688, -4.654132630071149634 ) ) ;
#375 = CARTESIAN_POINT ( 'NONE',  ( -1.782179788281249566, -7.766406248916063682, -4.861796961106696457 ) ) ;
#376 = CARTESIAN_POINT ( 'NONE',  ( -0.4911259381930438983, -3.149999999999999911, -4.339767158286217175 ) ) ;
#377 = AXIS2_PLACEMENT_3D ( 'NONE', #3668, #3344, #2353 ) ;
#378 = EDGE_CURVE ( 'NONE', #1272, #1294, #1653, .T. ) ;
#379 = CARTESIAN_POINT ( 'NONE',  ( 0.5602445537877306370, -1.168359372832120435, -6.952550000000002228 ) ) ;
#380 = CARTESIAN_POINT ( 'NONE',  ( -1.260191413587278042, 0.1214843760839380005, -6.860191413587279463 ) ) ;
#381 = CARTESIAN_POINT ( 'NONE',  ( 0.7382030388933061849, -8.857812498916056043, -7.382179788281247212 ) ) ;
#382 = EDGE_LOOP ( 'NONE', ( #1626, #241, #3872, #3764 ) ) ;
#383 = LINE ( 'NONE', #3873, #2804 ) ;
#384 = CARTESIAN_POINT ( 'NONE',  ( -7.071015035272609561E-18, -0.8707031239160608616, -7.382179788281249877 ) ) ;
#385 = CARTESIAN_POINT ( 'NONE',  ( -1.782179788281235133, -5.335546873916049648, -5.599999999999999645 ) ) ;
#386 = CARTESIAN_POINT ( 'NONE',  ( 0.9563972768944999370, -3.202343750000519851, -4.643602723105509256 ) ) ;
#387 = AXIS2_PLACEMENT_3D ( 'NONE', #1557, #286, #2593 ) ;
#388 = FACE_OUTER_BOUND ( 'NONE', #2510, .T. ) ;
#389 = ORIENTED_EDGE ( 'NONE', *, *, #1435, .T. ) ;
#390 = AXIS2_PLACEMENT_3D ( 'NONE', #3261, #2335, #3939 ) ;
#391 = CARTESIAN_POINT ( 'NONE',  ( -1.850000000000000089, -2.899999999999999911, -12.69999999999999929 ) ) ;
#392 = CARTESIAN_POINT ( 'NONE',  ( 5.134913932035909908E-16, -5.087499997832120258, -6.952550000000000452 ) ) ;
#393 = CARTESIAN_POINT ( 'NONE',  ( -1.352550000000000585, 2.850000000000000089, -5.599999999999999645 ) ) ;
#394 = LINE ( 'NONE', #1047, #1036 ) ;
#395 = CARTESIAN_POINT ( 'NONE',  ( 0.05708686603953057326, -8.149999999999961275, -4.086497079388217379 ) ) ;
#396 = CARTESIAN_POINT ( 'NONE',  ( 0.9563972768938648894, -2.805468747832119636, -6.556397276893870085 ) ) ;
#397 = CARTESIAN_POINT ( 'NONE',  ( 0.7382030388933050746, -0.8210937489160615721, -7.382179788281247212 ) ) ;
#398 = CARTESIAN_POINT ( 'NONE',  ( -1.260191413587276044, -7.915234373916059774, -6.860191413587279463 ) ) ;
#399 = ADVANCED_FACE ( 'NONE', ( #431 ), #143, .F. ) ;
#400 = ORIENTED_EDGE ( 'NONE', *, *, #2616, .T. ) ;
#401 = CARTESIAN_POINT ( 'NONE',  ( 1.782179788281250010, -0.2753906239160605063, -5.599999999999999645 ) ) ;
#402 = CARTESIAN_POINT ( 'NONE',  ( 7.255895915573390229E-16, -7.121484373916049826, -7.382179788281230337 ) ) ;
#403 = CARTESIAN_POINT ( 'NONE',  ( -0.9563972768938640012, -8.957031250000000000, -4.643602723106139862 ) ) ;
#404 = CARTESIAN_POINT ( 'NONE',  ( -1.260191413587276044, -3.847265623916060306, -6.860191413587279463 ) ) ;
#405 = CARTESIAN_POINT ( 'NONE',  ( 4.493664622037899176E-16, -1.714062500000000044, -4.247449999999999726 ) ) ;
#406 = DIRECTION ( 'NONE',  ( -1.000000000000000000, 0.000000000000000000, 0.000000000000000000 ) ) ;
#407 = ORIENTED_EDGE ( 'NONE', *, *, #3714, .F. ) ;
#408 = CARTESIAN_POINT ( 'NONE',  ( 5.165000000000000036, -4.700000000000000178, 6.700000000000000178 ) ) ;
#409 = CARTESIAN_POINT ( 'NONE',  ( 1.782179788281233135, -4.194531248916055333, -4.861796961106700898 ) ) ;
#410 = CARTESIAN_POINT ( 'NONE',  ( -1.054476604884388546, -8.149999999999945288, -6.447036358281918567 ) ) ;
#411 = DIRECTION ( 'NONE',  ( -4.445560573694990261E-16, 1.000000000000000000, 0.000000000000000000 ) ) ;
#412 = CARTESIAN_POINT ( 'NONE',  ( 1.260191413587280040, -7.518359373916060129, -4.339808586412725155 ) ) ;
#413 = LINE ( 'NONE', #1923, #2337 ) ;
#414 = CARTESIAN_POINT ( 'NONE',  ( -1.352549999999999031, -0.1761718728321217120, -6.160244553787730837 ) ) ;
#415 = CARTESIAN_POINT ( 'NONE',  ( 1.352550000000001473, -1.267578122832120568, -6.160244553787730837 ) ) ;
#416 = CARTESIAN_POINT ( 'NONE',  ( -1.352550000000000141, -5.682812497832120613, -5.599999999999999645 ) ) ;
#417 = CARTESIAN_POINT ( 'NONE',  ( -1.782179788281250010, -9.403515623916060662, -5.599999999999999645 ) ) ;
#418 = CARTESIAN_POINT ( 'NONE',  ( 1.260191413587278042, -6.426953123916060662, -6.860191413587279463 ) ) ;
#419 = EDGE_CURVE ( 'NONE', #1160, #138, #1694, .T. ) ;
#420 = ORIENTED_EDGE ( 'NONE', *, *, #3890, .T. ) ;
#421 = CARTESIAN_POINT ( 'NONE',  ( -0.7382030388933050746, 0.2703125010839386722, -3.817820211718748968 ) ) ;
#422 = CARTESIAN_POINT ( 'NONE',  ( 0.7382030388933007448, -7.468749998916056398, -3.817820211718765400 ) ) ;
#423 = CARTESIAN_POINT ( 'NONE',  ( 1.782179788281249566, -0.9203124989160613723, -6.338203038893299279 ) ) ;
#424 = FACE_OUTER_BOUND ( 'NONE', #4074, .T. ) ;
#425 =( BOUNDED_CURVE ( )  B_SPLINE_CURVE ( 2, ( #669, #2511, #330, #77, #2596, #2283, #3182, #1574, #2831 ),
 .UNSPECIFIED., .F., .T. ) 
 B_SPLINE_CURVE_WITH_KNOTS ( ( 3, 2, 2, 2, 3 ),
 ( 0.09344534225074750677, 0.09450711107282050438, 0.09556887989489350199, 0.09663064871696659675, 0.09769241753903960823 ),
 .UNSPECIFIED. ) 
 CURVE ( )  GEOMETRIC_REPRESENTATION_ITEM ( )  RATIONAL_B_SPLINE_CURVE ( ( 0.9999999999994719779, 0.9238795325118149826, 1.000000000000000000, 0.9238795325112869605, 1.000000000000000000, 0.9238795325112869605, 1.000000000000000000, 0.9238795325124419255, 0.9999999999988450350 ) ) 
 REPRESENTATION_ITEM ( '' )  );
#426 = CARTESIAN_POINT ( 'NONE',  ( 0.7382030388933061849, 0.3695312510839384723, -3.817820211718748968 ) ) ;
#427 = ORIENTED_EDGE ( 'NONE', *, *, #1709, .T. ) ;
#428 = DIRECTION ( 'NONE',  ( 0.000000000000000000, 0.000000000000000000, -1.000000000000000000 ) ) ;
#429 = DIRECTION ( 'NONE',  ( 1.000000000000000000, 0.000000000000000000, 0.000000000000000000 ) ) ;
#430 = AXIS2_PLACEMENT_3D ( 'NONE', #3292, #1363, #3268 ) ;
#431 = FACE_OUTER_BOUND ( 'NONE', #2048, .T. ) ;
#432 = CARTESIAN_POINT ( 'NONE',  ( 1.260191413587278042, -7.319921873916060306, -6.860191413587279463 ) ) ;
#433 = CARTESIAN_POINT ( 'NONE',  ( -5.165000000000000036, -4.700000000000000178, 12.69999999999999929 ) ) ;
#434 = AXIS2_PLACEMENT_3D ( 'NONE', #408, #1668, #2913 ) ;
#435 = CARTESIAN_POINT ( 'NONE',  ( -1.352549999999999031, -1.664453122832119547, -5.039755446212264900 ) ) ;
#436 = CARTESIAN_POINT ( 'NONE',  ( -1.782179788281249566, -2.110937498916060306, -4.861796961106697346 ) ) ;
#437 = EDGE_LOOP ( 'NONE', ( #362, #1514, #2943, #2476 ) ) ;
#438 = VECTOR ( 'NONE', #2174, 1000.000000000000000 ) ;
#439 = CARTESIAN_POINT ( 'NONE',  ( 0.7382030388933072951, -9.155468748916064214, -3.817820211718748968 ) ) ;
#440 = CARTESIAN_POINT ( 'NONE',  ( -1.260191413587276044, -4.641015623916060484, -6.860191413587279463 ) ) ;
#441 = CARTESIAN_POINT ( 'NONE',  ( -1.782179788281249566, -7.865624998916059596, -6.338203038893299279 ) ) ;
#442 = CARTESIAN_POINT ( 'NONE',  ( 1.782179788281249566, -1.912499998916058708, -4.861796961106697346 ) ) ;
#443 = CARTESIAN_POINT ( 'NONE',  ( -0.7382030388932976361, -6.278124998916045918, -7.382179788281236554 ) ) ;
#444 = CARTESIAN_POINT ( 'NONE',  ( -1.352549999999999031, 0.6175781271678776330, -6.160244553787730837 ) ) ;
#445 = CARTESIAN_POINT ( 'NONE',  ( -1.782179788281249566, 0.1710937510839384279, -6.338203038893299279 ) ) ;
#446 = VERTEX_POINT ( 'NONE', #3922 ) ;
#447 =( LENGTH_UNIT ( ) NAMED_UNIT ( * ) SI_UNIT ( .MILLI., .METRE. ) );
#448 = CARTESIAN_POINT ( 'NONE',  ( 1.782179788281250010, 0.5183593760839391162, -5.599999999999999645 ) ) ;
#449 = VERTEX_POINT ( 'NONE', #1108 ) ;
#450 = EDGE_CURVE ( 'NONE', #341, #1294, #1423, .T. ) ;
#451 = CIRCLE ( 'NONE', #3413, 1.199999999999999734 ) ;
#452 = CARTESIAN_POINT ( 'NONE',  ( 0.5602445537877306370, -5.335546875000002132, -6.952550000000002228 ) ) ;
#453 = LINE ( 'NONE', #2341, #457 ) ;
#454 = CARTESIAN_POINT ( 'NONE',  ( 1.600000000000000089, -2.899999999999999911, 12.69999999999999929 ) ) ;
#455 = ORIENTED_EDGE ( 'NONE', *, *, #1435, .F. ) ;
#456 = CARTESIAN_POINT ( 'NONE',  ( -1.260191413587276044, -7.022265623916060129, -6.860191413587279463 ) ) ;
#457 = VECTOR ( 'NONE', #2997, 1000.000000000000000 ) ;
#458 = CARTESIAN_POINT ( 'NONE',  ( 0.5602445537877316362, -4.641015622832121323, -4.247449999999998838 ) ) ;
#459 = CARTESIAN_POINT ( 'NONE',  ( 1.782179788281250010, -1.763671873916059951, -5.599999999999999645 ) ) ;
#460 = CARTESIAN_POINT ( 'NONE',  ( -1.260191413587276044, -7.121484373916060484, -6.860191413587279463 ) ) ;
#461 = CARTESIAN_POINT ( 'NONE',  ( 1.782179788281249566, -4.988281248916062616, -4.861796961106697346 ) ) ;
#462 = VERTEX_POINT ( 'NONE', #691 ) ;
#463 = CARTESIAN_POINT ( 'NONE',  ( -3.340514801712094942E-16, 2.850000000000000089, -5.599999999999999645 ) ) ;
#464 = CARTESIAN_POINT ( 'NONE',  ( 0.7382030388933050746, -0.9203124989160613723, -7.382179788281247212 ) ) ;
#465 = CARTESIAN_POINT ( 'NONE',  ( -1.260191413587276044, -2.855078123916060306, -4.339808586412725155 ) ) ;
#466 = ORIENTED_EDGE ( 'NONE', *, *, #1516, .T. ) ;
#467 = CARTESIAN_POINT ( 'NONE',  ( -1.352549999999999031, -0.07695312283212187021, -5.039755446212264900 ) ) ;
#468 = CARTESIAN_POINT ( 'NONE',  ( -1.260191413587276044, -2.160546873916060484, -4.339808586412725155 ) ) ;
#469 = VERTEX_POINT ( 'NONE', #1671 ) ;
#470 = CARTESIAN_POINT ( 'NONE',  ( -3.340514801712094942E-16, 2.850000000000000089, -5.599999999999999645 ) ) ;
#471 = ADVANCED_FACE ( 'NONE', ( #2598 ), #1024, .F. ) ;
#472 = LINE ( 'NONE', #3945, #3187 ) ;
#473 = CARTESIAN_POINT ( 'NONE',  ( -0.7382030388933039644, -7.567968748916062083, -3.817820211718748968 ) ) ;
#474 = DIRECTION ( 'NONE',  ( -1.000000000000000000, 0.000000000000000000, 0.000000000000000000 ) ) ;
#475 = CARTESIAN_POINT ( 'NONE',  ( 0.9563972768938648894, -3.599218747832119814, -6.556397276893870085 ) ) ;
#476 = ADVANCED_FACE ( 'NONE', ( #1836 ), #4039, .F. ) ;
#477 = CARTESIAN_POINT ( 'NONE',  ( 0.7382030388933061849, -4.392968748916063149, -3.817820211718748968 ) ) ;
#478 = EDGE_LOOP ( 'NONE', ( #204, #96, #3274, #3215 ) ) ;
#479 = FACE_OUTER_BOUND ( 'NONE', #3031, .T. ) ;
#480 = CARTESIAN_POINT ( 'NONE',  ( 1.260191413587278042, -7.220703123916059951, -6.860191413587279463 ) ) ;
#481 = EDGE_LOOP ( 'NONE', ( #919, #777, #746, #1113 ) ) ;
#482 = CARTESIAN_POINT ( 'NONE',  ( 1.850000000000000089, 7.521408487456800351, -12.69999999999999929 ) ) ;
#483 = CARTESIAN_POINT ( 'NONE',  ( 1.782179788281249566, -4.293749998916062793, -4.861796961106697346 ) ) ;
#484 = CARTESIAN_POINT ( 'NONE',  ( 1.115579612450169970E-15, -6.724609373916049293, -3.817820211718764956 ) ) ;
#485 = CARTESIAN_POINT ( 'NONE',  ( -1.782179788281250010, -1.366796873916061861, -5.599999999999999645 ) ) ;
#486 = ORIENTED_EDGE ( 'NONE', *, *, #1991, .T. ) ;
#487 = CARTESIAN_POINT ( 'NONE',  ( -7.071015035272609561E-18, -0.8707031239160608616, -7.382179788281249877 ) ) ;
#488 = VERTEX_POINT ( 'NONE', #2739 ) ;
#489 = CARTESIAN_POINT ( 'NONE',  ( 1.352550000000000141, -5.484375000000000000, -5.599999999999999645 ) ) ;
#490 = CARTESIAN_POINT ( 'NONE',  ( 1.567983131771049976, -8.150000000000011013, -6.447109022640921339 ) ) ;
#491 = CARTESIAN_POINT ( 'NONE',  ( -1.260191413587276044, -6.030078123916060129, -4.339808586412725155 ) ) ;
#492 = EDGE_CURVE ( 'NONE', #3389, #3096, #2606, .T. ) ;
#493 = CARTESIAN_POINT ( 'NONE',  ( 0.9563972768938659996, -5.385156247832120435, -4.643602723106139862 ) ) ;
#494 = CARTESIAN_POINT ( 'NONE',  ( 1.352549999999999031, 1.113671877167877522, -6.160244553787730837 ) ) ;
#495 = AXIS2_PLACEMENT_3D ( 'NONE', #4009, #1179, #2559 ) ;
#496 = ADVANCED_FACE ( 'NONE', ( #2142 ), #247, .T. ) ;
#497 = CARTESIAN_POINT ( 'NONE',  ( -1.782179788281250676, -9.350894554342099596, -6.293388080294880282 ) ) ;
#498 = AXIS2_PLACEMENT_3D ( 'NONE', #2994, #243, #2421 ) ;
#499 = ORIENTED_EDGE ( 'NONE', *, *, #3527, .F. ) ;
#500 = CARTESIAN_POINT ( 'NONE',  ( 0.5602445537877283055, -4.541796874999996625, -6.952549999999991570 ) ) ;
#501 = CARTESIAN_POINT ( 'NONE',  ( 1.782179788281249566, -3.499999998916060839, -4.861796961106697346 ) ) ;
#502 = VECTOR ( 'NONE', #2418, 1000.000000000000000 ) ;
#503 = CARTESIAN_POINT ( 'NONE',  ( 1.260191413587278042, -1.862890623916059862, -4.339808586412725155 ) ) ;
#504 = ORIENTED_EDGE ( 'NONE', *, *, #866, .T. ) ;
#505 = CARTESIAN_POINT ( 'NONE',  ( 0.9563972768938648894, 0.1710937521678779771, -4.643602723106139862 ) ) ;
#506 = CARTESIAN_POINT ( 'NONE',  ( 1.352550000000000141, -3.896875000000000089, -5.600000000000130207 ) ) ;
#507 = CARTESIAN_POINT ( 'NONE',  ( 0.7382030388933050746, -0.1265624989160608893, -7.382179788281247212 ) ) ;
#508 = ORIENTED_EDGE ( 'NONE', *, *, #4001, .T. ) ;
#509 = CARTESIAN_POINT ( 'NONE',  ( 3.106058958645210311, 7.558983661755359407, 12.69999999999999929 ) ) ;
#510 = CARTESIAN_POINT ( 'NONE',  ( 1.352549999999999031, 2.502734374999996625, -6.160244553787730837 ) ) ;
#511 = CARTESIAN_POINT ( 'NONE',  ( -0.7382030388933039644, -7.071874998916062971, -7.382179788281247212 ) ) ;
#512 = CYLINDRICAL_SURFACE ( 'NONE', #2802, 1.352550000000000141 ) ;
#513 = CARTESIAN_POINT ( 'NONE',  ( -0.9563972768938640012, -5.782031247832120080, -6.556397276893870085 ) ) ;
#514 = CARTESIAN_POINT ( 'NONE',  ( 0.7382030388933061849, -2.706249998916060218, -3.817820211718748968 ) ) ;
#515 = EDGE_LOOP ( 'NONE', ( #1601, #3949, #1164, #3898 ) ) ;
#516 = AXIS2_PLACEMENT_3D ( 'NONE', #1084, #1382, #3312 ) ;
#517 = CARTESIAN_POINT ( 'NONE',  ( 1.352550000000000141, -3.698437497832119725, -5.599999999999999645 ) ) ;
#518 = CARTESIAN_POINT ( 'NONE',  ( 1.260191413587280040, -7.419140623916060662, -4.339808586412725155 ) ) ;
#519 = FACE_OUTER_BOUND ( 'NONE', #2269, .T. ) ;
#520 = ADVANCED_FACE ( 'NONE', ( #2084 ), #1517, .T. ) ;
#521 = CARTESIAN_POINT ( 'NONE',  ( 1.260191413587280040, -4.343359373916060306, -4.339808586412725155 ) ) ;
#522 = EDGE_CURVE ( 'NONE', #281, #686, #3410, .T. ) ;
#523 = CARTESIAN_POINT ( 'NONE',  ( -1.260191413587276044, -3.748046873916060395, -4.339808586412725155 ) ) ;
#524 = CARTESIAN_POINT ( 'NONE',  ( -1.352550000000000141, -8.262500000000001066, -5.599999999999999645 ) ) ;
#525 = DIRECTION ( 'NONE',  ( -1.000000000000000000, 0.000000000000000000, 0.000000000000000000 ) ) ;
#526 = CARTESIAN_POINT ( 'NONE',  ( 0.7382030388933061849, -7.964843748916065280, -7.382179788281247212 ) ) ;
#527 = CYLINDRICAL_SURFACE ( 'NONE', #1157, 1.352550000000000141 ) ;
#528 = CARTESIAN_POINT ( 'NONE',  ( -0.5602445537877294157, -4.740234372832123455, -4.247449999999998838 ) ) ;
#529 = CARTESIAN_POINT ( 'NONE',  ( 1.260191413587278042, -3.450390623916060218, -4.339808586412725155 ) ) ;
#530 = ORIENTED_EDGE ( 'NONE', *, *, #1913, .F. ) ;
#531 = CARTESIAN_POINT ( 'NONE',  ( 1.260191413587280040, -5.137109373916060484, -4.339808586412725155 ) ) ;
#532 = CARTESIAN_POINT ( 'NONE',  ( 1.782179788281249566, -8.857812498916056043, -6.338203038893299279 ) ) ;
#533 = CARTESIAN_POINT ( 'NONE',  ( -0.9563972768938648894, -3.599218749999999911, -6.556397276893870085 ) ) ;
#534 = DIRECTION ( 'NONE',  ( -1.000000000000000000, 0.000000000000000000, 0.000000000000000000 ) ) ;
#535 = CARTESIAN_POINT ( 'NONE',  ( -1.260191413587276044, -3.946484373916060662, -6.860191413587279463 ) ) ;
#536 = DIRECTION ( 'NONE',  ( 1.000000000000000000, 0.000000000000000000, 0.000000000000000000 ) ) ;
#537 = EDGE_CURVE ( 'NONE', #3200, #2079, #1139, .T. ) ;
#538 = ORIENTED_EDGE ( 'NONE', *, *, #2132, .T. ) ;
#539 = CARTESIAN_POINT ( 'NONE',  ( 0.5602445537877306370, 0.1214843771678780077, -4.247449999999998838 ) ) ;
#540 = LINE ( 'NONE', #2098, #502 ) ;
#541 = ORIENTED_EDGE ( 'NONE', *, *, #1682, .F. ) ;
#542 = CARTESIAN_POINT ( 'NONE',  ( -1.352550000000000585, 2.850000000000000089, -5.599999999999999645 ) ) ;
#543 = EDGE_CURVE ( 'NONE', #977, #2440, #2112, .T. ) ;
#544 = CARTESIAN_POINT ( 'NONE',  ( -3.340514801712094942E-16, 2.850000000000000089, -5.599999999999999645 ) ) ;
#545 = CARTESIAN_POINT ( 'NONE',  ( 1.260191413587280040, -9.006640623916061017, -4.339808586412725155 ) ) ;
#546 = LINE ( 'NONE', #1278, #1688 ) ;
#547 = CARTESIAN_POINT ( 'NONE',  ( 7.926001957150619474E-16, -7.468749997832119902, -6.952550000000000452 ) ) ;
#548 = CARTESIAN_POINT ( 'NONE',  ( 6.503982749310570010E-16, -2.755859373916060395, -3.817820211718750301 ) ) ;
#549 = ORIENTED_EDGE ( 'NONE', *, *, #3597, .T. ) ;
#550 = CARTESIAN_POINT ( 'NONE',  ( -1.782179788281249566, -6.278124998916055688, -6.338203038893299279 ) ) ;
#551 =( BOUNDED_CURVE ( )  B_SPLINE_CURVE ( 2, ( #517, #2071, #1786, #1177, #1822, #2727, #1407, #1740, #775 ),
 .UNSPECIFIED., .F., .T. ) 
 B_SPLINE_CURVE_WITH_KNOTS ( ( 3, 2, 2, 2, 3 ),
 ( 0.4687500000000000000, 0.4765625000000000000, 0.4843750000000000000, 0.4921875000000000000, 0.5000000000000000000 ),
 .UNSPECIFIED. ) 
 CURVE ( )  GEOMETRIC_REPRESENTATION_ITEM ( )  RATIONAL_B_SPLINE_CURVE ( ( 1.000000000000000000, 0.9238795325112849621, 1.000000000000000000, 0.9238795325112869605, 1.000000000000000000, 0.9238795325112869605, 1.000000000000000000, 0.9238795325112879597, 1.000000000000000000 ) ) 
 REPRESENTATION_ITEM ( '' )  );
#552 = CARTESIAN_POINT ( 'NONE',  ( -6.365000000000000213, -4.700000000000000178, -12.69999999999999929 ) ) ;
#553 = AXIS2_PLACEMENT_3D ( 'NONE', #1237, #2798, #4065 ) ;
#554 = CARTESIAN_POINT ( 'NONE',  ( -0.7382030388933039644, -9.155468748916064214, -3.817820211718748968 ) ) ;
#555 = ORIENTED_EDGE ( 'NONE', *, *, #272, .F. ) ;
#556 = CARTESIAN_POINT ( 'NONE',  ( 1.352550000000001473, -3.847265625000001243, -6.160244553787730837 ) ) ;
#557 = CARTESIAN_POINT ( 'NONE',  ( -1.782179788281250010, -3.847265623916060306, -5.599999999999999645 ) ) ;
#558 = CARTESIAN_POINT ( 'NONE',  ( -1.352549999999984820, -8.014453122832120968, -5.039755446212253354 ) ) ;
#559 = CARTESIAN_POINT ( 'NONE',  ( 7.434345424348811134E-16, -3.549609373916060129, -3.817820211718750301 ) ) ;
#560 = ORIENTED_EDGE ( 'NONE', *, *, #3055, .T. ) ;
#561 = CARTESIAN_POINT ( 'NONE',  ( -0.7382030388933050746, -4.492187498916058175, -3.817820211718748968 ) ) ;
#562 = CIRCLE ( 'NONE', #2680, 0.2500000000000002220 ) ;
#563 = CARTESIAN_POINT ( 'NONE',  ( 0.7382030388932985243, -4.789843748916050359, -7.382179788281236554 ) ) ;
#564 = CARTESIAN_POINT ( 'NONE',  ( 1.352550000000000141, -8.659375000000000711, -5.599999999999999645 ) ) ;
#565 = CARTESIAN_POINT ( 'NONE',  ( -0.5602445537877263071, -4.938671874999998934, -4.247450000000004167 ) ) ;
#566 = CARTESIAN_POINT ( 'NONE',  ( 3.982831157154790080, -2.899999999999999911, 12.69999999999999929 ) ) ;
#567 = EDGE_CURVE ( 'NONE', #3839, #3308, #3666, .T. ) ;
#568 = CARTESIAN_POINT ( 'NONE',  ( -1.352550000000000141, -8.857812497832121323, -5.599999999999999645 ) ) ;
#569 = CARTESIAN_POINT ( 'NONE',  ( -1.260191413587276044, -3.648828123916060484, -4.339808586412725155 ) ) ;
#570 = ORIENTED_EDGE ( 'NONE', *, *, #3471, .T. ) ;
#571 = CARTESIAN_POINT ( 'NONE',  ( -1.782179788281249566, -6.178906248916060662, -4.861796961106697346 ) ) ;
#572 = CARTESIAN_POINT ( 'NONE',  ( 1.260191413587276044, 2.205078126083940049, -6.860191413587279463 ) ) ;
#573 = DIRECTION ( 'NONE',  ( -4.243104671853940479E-15, -1.000000000000000000, 0.000000000000000000 ) ) ;
#574 = AXIS2_PLACEMENT_3D ( 'NONE', #2284, #3486, #2575 ) ;
#575 = CARTESIAN_POINT ( 'NONE',  ( 0.5602445537877294157, -2.160546875000003642, -6.952550000000002228 ) ) ;
#576 = DIRECTION ( 'NONE',  ( 0.000000000000000000, 0.000000000000000000, -1.000000000000000000 ) ) ;
#577 = CARTESIAN_POINT ( 'NONE',  ( -0.7382030388933050746, -5.285937498916058352, -3.817820211718748968 ) ) ;
#578 = VECTOR ( 'NONE', #3438, 1000.000000000000000 ) ;
#579 = CARTESIAN_POINT ( 'NONE',  ( -1.260191413587276044, -3.648828123916060484, -4.339808586412725155 ) ) ;
#580 = ORIENTED_EDGE ( 'NONE', *, *, #3005, .T. ) ;
#581 = CARTESIAN_POINT ( 'NONE',  ( 4.581103224838460064E-16, -4.839453123916060306, -7.382179788281249877 ) ) ;
#582 = ORIENTED_EDGE ( 'NONE', *, *, #170, .T. ) ;
#583 = CARTESIAN_POINT ( 'NONE',  ( 1.850000000000000089, -2.899999999999999911, -12.69999999999999929 ) ) ;
#584 = CARTESIAN_POINT ( 'NONE',  ( 3.563301946999660024E-16, -0.9203124999999999778, -4.247449999999999726 ) ) ;
#585 = ORIENTED_EDGE ( 'NONE', *, *, #349, .F. ) ;
#586 = FACE_OUTER_BOUND ( 'NONE', #52, .T. ) ;
#587 = SURFACE_STYLE_FILL_AREA ( #3058 ) ;
#588 = ADVANCED_FACE ( 'NONE', ( #2411 ), #3342, .F. ) ;
#589 = CARTESIAN_POINT ( 'NONE',  ( -1.352549999999999031, -8.808203122832122034, -5.039755446212264900 ) ) ;
#590 = CARTESIAN_POINT ( 'NONE',  ( 8.149999999999998579, -8.149999999999998579, -12.69999999999999929 ) ) ;
#591 = CARTESIAN_POINT ( 'NONE',  ( 1.260191413587280040, -6.724609373916059951, -4.339808586412725155 ) ) ;
#592 = CARTESIAN_POINT ( 'NONE',  ( -6.165000000000000036, -3.149999999999999911, 12.69999999999999929 ) ) ;
#593 = LINE ( 'NONE', #1861, #3990 ) ;
#594 = CARTESIAN_POINT ( 'NONE',  ( 1.193656602234582004E-15, -8.064062500000469313, -4.247449999999189707 ) ) ;
#595 = CARTESIAN_POINT ( 'NONE',  ( 0.9563972768938648894, -3.003906250000000000, -6.556397276893870085 ) ) ;
#596 = CYLINDRICAL_SURFACE ( 'NONE', #358, 1.199999999999999734 ) ;
#597 = ORIENTED_EDGE ( 'NONE', *, *, #349, .T. ) ;
#598 = CARTESIAN_POINT ( 'NONE',  ( 0.9563972768939159597, -6.377343750000040501, -4.643602723106090124 ) ) ;
#599 = CARTESIAN_POINT ( 'NONE',  ( 0.7382030388933061849, -2.805468748916060573, -3.817820211718748968 ) ) ;
#600 = VERTEX_POINT ( 'NONE', #2749 ) ;
#601 = CARTESIAN_POINT ( 'NONE',  ( 1.782179788281233135, -5.782031248916046806, -4.861796961106700898 ) ) ;
#602 = CARTESIAN_POINT ( 'NONE',  ( 0.9563972768938659996, -6.972656250000000000, -6.556397276893870085 ) ) ;
#603 = CARTESIAN_POINT ( 'NONE',  ( -1.352550000000000141, -5.881250000001309708, -5.600000000014810020 ) ) ;
#604 = CARTESIAN_POINT ( 'NONE',  ( -0.5602445537877294157, 0.3199218749999985234, -6.952550000000002228 ) ) ;
#605 = ORIENTED_EDGE ( 'NONE', *, *, #324, .F. ) ;
#606 =( LENGTH_UNIT ( ) NAMED_UNIT ( * ) SI_UNIT ( .MILLI., .METRE. ) );
#607 = CARTESIAN_POINT ( 'NONE',  ( 1.352550000000000141, -7.667187497832120613, -5.599999999999999645 ) ) ;
#608 = FACE_OUTER_BOUND ( 'NONE', #3713, .T. ) ;
#609 = CARTESIAN_POINT ( 'NONE',  ( -1.260191413587278042, 2.403515626083939871, -6.860191413587279463 ) ) ;
#610 = DIRECTION ( 'NONE',  ( -1.000000000000000000, -1.172110456741085828E-16, 0.000000000000000000 ) ) ;
#611 = CARTESIAN_POINT ( 'NONE',  ( -1.260191413587278042, 0.9152343760839379838, -6.860191413587279463 ) ) ;
#612 = ORIENTED_EDGE ( 'NONE', *, *, #3734, .F. ) ;
#613 = CARTESIAN_POINT ( 'NONE',  ( -6.165000000000000036, -3.399999999999999911, -12.69999999999999929 ) ) ;
#614 = EDGE_CURVE ( 'NONE', #2412, #3839, #1153, .T. ) ;
#615 = AXIS2_PLACEMENT_3D ( 'NONE', #3637, #4020, #1169 ) ;
#616 = ORIENTED_EDGE ( 'NONE', *, *, #839, .T. ) ;
#617 = DIRECTION ( 'NONE',  ( 0.000000000000000000, -1.000000000000000000, 0.000000000000000000 ) ) ;
#618 = LINE ( 'NONE', #4076, #3550 ) ;
#619 = CARTESIAN_POINT ( 'NONE',  ( 0.7382030388933072951, -9.056249998916056754, -3.817820211718748968 ) ) ;
#620 = ORIENTED_EDGE ( 'NONE', *, *, #887, .F. ) ;
#621 = CIRCLE ( 'NONE', #1295, 1.199999999999999734 ) ;
#622 = CARTESIAN_POINT ( 'NONE',  ( -1.782179788281235133, -6.129296873916049826, -5.599999999999999645 ) ) ;
#623 = CARTESIAN_POINT ( 'NONE',  ( -3.965000000000000746, -4.700000000000000178, 12.69999999999999929 ) ) ;
#624 = VECTOR ( 'NONE', #2986, 1000.000000000000000 ) ;
#625 = CARTESIAN_POINT ( 'NONE',  ( -0.9563972768938648894, -0.4242187500000015321, -6.556397276893870085 ) ) ;
#626 = ORIENTED_EDGE ( 'NONE', *, *, #740, .T. ) ;
#627 = DIRECTION ( 'NONE',  ( -1.000000000000000000, 3.897404079615515347E-15, 0.000000000000000000 ) ) ;
#628 = CARTESIAN_POINT ( 'NONE',  ( 7.434345424348770705E-16, -3.549609373916049915, -3.817820211718764956 ) ) ;
#629 = CARTESIAN_POINT ( 'NONE',  ( 1.352550000000001473, -8.411328122832120613, -6.160244553787730837 ) ) ;
#630 = CARTESIAN_POINT ( 'NONE',  ( 6.165000000000000036, -3.149999999999999911, -12.69999999999999929 ) ) ;
#631 = CARTESIAN_POINT ( 'NONE',  ( -0.7382030388933050746, -5.285937498916058352, -3.817820211718748968 ) ) ;
#632 = CARTESIAN_POINT ( 'NONE',  ( -0.7382030388933050746, -6.873437498916061372, -3.817820211718748968 ) ) ;
#633 = CARTESIAN_POINT ( 'NONE',  ( 0.9563972768938659996, -6.972656247832119902, -4.643602723106139862 ) ) ;
#634 = CARTESIAN_POINT ( 'NONE',  ( -1.782179788281250010, 1.808203126083939960, -5.599999999999999645 ) ) ;
#635 = ORIENTED_EDGE ( 'NONE', *, *, #3729, .F. ) ;
#636 = DIRECTION ( 'NONE',  ( 0.000000000000000000, 0.000000000000000000, 1.000000000000000000 ) ) ;
#637 = CARTESIAN_POINT ( 'NONE',  ( 1.260191413587278042, -6.526171873916060129, -6.860191413587279463 ) ) ;
#638 = AXIS2_PLACEMENT_3D ( 'NONE', #1191, #2743, #894 ) ;
#639 = ADVANCED_FACE ( 'NONE', ( #1619 ), #3625, .T. ) ;
#640 = ORIENTED_EDGE ( 'NONE', *, *, #272, .T. ) ;
#641 = FACE_OUTER_BOUND ( 'NONE', #959, .T. ) ;
#642 = DIRECTION ( 'NONE',  ( 0.000000000000000000, 0.000000000000000000, 1.000000000000000000 ) ) ;
#643 = CIRCLE ( 'NONE', #2292, 0.2500000000000002220 ) ;
#644 = CARTESIAN_POINT ( 'NONE',  ( -3.792160850505675045E-16, 2.304296876083939960, -7.382179788281249877 ) ) ;
#645 = EDGE_LOOP ( 'NONE', ( #847, #1925, #389, #992 ) ) ;
#646 = AXIS2_PLACEMENT_3D ( 'NONE', #3672, #1749, #1125 ) ;
#647 = CARTESIAN_POINT ( 'NONE',  ( -0.7382030388933050746, 0.8656250010839381392, -7.382179788281247212 ) ) ;
#648 = EDGE_CURVE ( 'NONE', #322, #1300, #2919, .T. ) ;
#649 = CARTESIAN_POINT ( 'NONE',  ( -1.054476604884388546, -8.149999999999945288, -6.447036358281918567 ) ) ;
#650 = CARTESIAN_POINT ( 'NONE',  ( 1.352549999999999031, 0.9152343749999979350, -6.160244553787730837 ) ) ;
#651 = ORIENTED_EDGE ( 'NONE', *, *, #2285, .F. ) ;
#652 = CARTESIAN_POINT ( 'NONE',  ( 0.9563972768944959402, -3.797656250000514877, -6.556397276894499804 ) ) ;
#653 = DIRECTION ( 'NONE',  ( 1.000000000000000000, 0.000000000000000000, 0.000000000000000000 ) ) ;
#654 = CARTESIAN_POINT ( 'NONE',  ( 6.365000000000000213, -4.700000000000000178, -12.69999999999999929 ) ) ;
#655 = LINE ( 'NONE', #1003, #3792 ) ;
#656 = CARTESIAN_POINT ( 'NONE',  ( -1.782179788281249566, -7.865624998916058708, -6.338203038893300167 ) ) ;
#657 = DIRECTION ( 'NONE',  ( 1.000000000000000000, 0.000000000000000000, 0.000000000000000000 ) ) ;
#658 = CARTESIAN_POINT ( 'NONE',  ( -1.782179788281250010, 1.014453126083938006, -5.599999999999999645 ) ) ;
#659 = CARTESIAN_POINT ( 'NONE',  ( 1.782179788281250010, -6.625390623916060484, -5.599999999999999645 ) ) ;
#660 = CARTESIAN_POINT ( 'NONE',  ( 1.782179788281250010, -4.144921873916060484, -5.599999999999999645 ) ) ;
#661 = EDGE_LOOP ( 'NONE', ( #2573, #2117, #157, #2773 ) ) ;
#662 = DIRECTION ( 'NONE',  ( -1.000000000000000000, 0.000000000000000000, 0.000000000000000000 ) ) ;
#663 = CARTESIAN_POINT ( 'NONE',  ( 1.260191413587278042, 1.212890626083940049, -4.339808586412725155 ) ) ;
#664 = ORIENTED_EDGE ( 'NONE', *, *, #522, .T. ) ;
#665 = EDGE_CURVE ( 'NONE', #3200, #278, #2083, .T. ) ;
#666 = CARTESIAN_POINT ( 'NONE',  ( -1.260191413587276044, -4.641015623916060484, -6.860191413587279463 ) ) ;
#667 = DIRECTION ( 'NONE',  ( 1.000000000000000000, 0.000000000000000000, 0.000000000000000000 ) ) ;
#668 = ADVANCED_FACE ( 'NONE', ( #479 ), #2128, .T. ) ;
#669 = CARTESIAN_POINT ( 'NONE',  ( -1.352550000000000141, -5.881250000001309708, -5.600000000014810020 ) ) ;
#670 = DIRECTION ( 'NONE',  ( 1.000000000000000000, 0.000000000000000000, 0.000000000000000000 ) ) ;
#671 = CARTESIAN_POINT ( 'NONE',  ( 3.965000000000000746, -4.700000000000000178, 12.69999999999999929 ) ) ;
#672 = CARTESIAN_POINT ( 'NONE',  ( -1.260191413587276044, -7.716796873916059951, -4.339808586412725155 ) ) ;
#673 = CARTESIAN_POINT ( 'NONE',  ( -1.850000000000000089, 7.521408487456800351, 12.69999999999999929 ) ) ;
#674 = CARTESIAN_POINT ( 'NONE',  ( -0.5602445537877294157, -1.069140622832121856, -6.952550000000002228 ) ) ;
#675 = CARTESIAN_POINT ( 'NONE',  ( -1.782179788281249566, 0.2703125010839380615, -4.861796961106697346 ) ) ;
#676 = VECTOR ( 'NONE', #2581, 1000.000000000000000 ) ;
#677 = CARTESIAN_POINT ( 'NONE',  ( 1.260191413587278042, -7.319921873916060306, -6.860191413587279463 ) ) ;
#678 = VERTEX_POINT ( 'NONE', #3644 ) ;
#679 = CARTESIAN_POINT ( 'NONE',  ( -1.352550000000000141, -7.270312497832120080, -5.599999999999999645 ) ) ;
#680 = CARTESIAN_POINT ( 'NONE',  ( -1.260191413587278042, -0.7714843739160620606, -6.860191413587279463 ) ) ;
#681 = CARTESIAN_POINT ( 'NONE',  ( -1.352549999999998143, -9.102847680426041421, -6.126233129883776662 ) ) ;
#682 = CARTESIAN_POINT ( 'NONE',  ( 1.782179788281250010, -4.144921873916060484, -5.599999999999999645 ) ) ;
#683 = CARTESIAN_POINT ( 'NONE',  ( -1.599999999999770495, -3.150000000000001243, -6.125485424248281241 ) ) ;
#684 = CARTESIAN_POINT ( 'NONE',  ( -1.352550000000000585, 2.850000000000000089, -5.599999999999999645 ) ) ;
#685 = CIRCLE ( 'NONE', #2989, 1.199999999999999734 ) ;
#686 = VERTEX_POINT ( 'NONE', #1494 ) ;
#687 = CARTESIAN_POINT ( 'NONE',  ( 5.165000000000000036, -4.700000000000000178, -12.69999999999999929 ) ) ;
#688 = VECTOR ( 'NONE', #3757, 1000.000000000000000 ) ;
#689 = CARTESIAN_POINT ( 'NONE',  ( -1.352550000000004582, -4.938671872832124166, -6.160244553787726396 ) ) ;
#690 = EDGE_CURVE ( 'NONE', #2805, #1144, #2398, .T. ) ;
#691 = CARTESIAN_POINT ( 'NONE',  ( -6.767287489215109808, 7.470609992384450670, 12.69999999999999929 ) ) ;
#692 = CARTESIAN_POINT ( 'NONE',  ( 1.785196089245038031, -8.150000000000030553, -5.548074290033320644 ) ) ;
#693 = VECTOR ( 'NONE', #338, 1000.000000000000000 ) ;
#694 = CARTESIAN_POINT ( 'NONE',  ( -1.352550000000000141, -3.301562497832119636, -5.599999999999999645 ) ) ;
#695 = CARTESIAN_POINT ( 'NONE',  ( 1.260191413587278042, -1.664453123916059818, -6.860191413587279463 ) ) ;
#696 = VERTEX_POINT ( 'NONE', #552 ) ;
#697 = CARTESIAN_POINT ( 'NONE',  ( 1.352550000000012576, -4.541796872832120080, -5.039755446212275558 ) ) ;
#698 = CARTESIAN_POINT ( 'NONE',  ( -1.260191413587276044, -2.160546873916060484, -4.339808586412725155 ) ) ;
#699 = PRESENTATION_LAYER_ASSIGNMENT (  '', '', ( #117 ) ) ;
#700 = CARTESIAN_POINT ( 'NONE',  ( 1.782179788281250010, 1.411328126083938095, -5.599999999999999645 ) ) ;
#701 = CARTESIAN_POINT ( 'NONE',  ( 1.260191413587280040, -5.037890623916060129, -4.339808586412725155 ) ) ;
#702 = CARTESIAN_POINT ( 'NONE',  ( -1.288502226421477381, -3.150000000000069189, -6.831229795880974009 ) ) ;
#703 = AXIS2_PLACEMENT_3D ( 'NONE', #2841, #3810, #2234 ) ;
#704 = CARTESIAN_POINT ( 'NONE',  ( 0.5602445537877294157, -1.366796875000002576, -6.952550000000002228 ) ) ;
#705 = CARTESIAN_POINT ( 'NONE',  ( 7.372191249953170616E-16, -7.220703123916059951, -7.382179788281249877 ) ) ;
#706 = CYLINDRICAL_SURFACE ( 'NONE', #3619, 0.2500000000000002220 ) ;
#707 = ORIENTED_EDGE ( 'NONE', *, *, #2010, .T. ) ;
#708 = CARTESIAN_POINT ( 'NONE',  ( -1.599999999999997646, -3.149999999999999467, -5.506048046920089867 ) ) ;
#709 = CARTESIAN_POINT ( 'NONE',  ( -0.9563972768938640012, -4.194531250000000711, -4.643602723106139862 ) ) ;
#710 = CARTESIAN_POINT ( 'NONE',  ( -1.599999999999770495, -3.150000000000001243, -6.125485424248281241 ) ) ;
#711 = CARTESIAN_POINT ( 'NONE',  ( 1.600000000000000089, -3.149999999999999911, -12.69999999999999929 ) ) ;
#712 = CARTESIAN_POINT ( 'NONE',  ( -1.352550000000000141, -7.468750000000000000, -5.600000000000119549 ) ) ;
#713 = CARTESIAN_POINT ( 'NONE',  ( 1.154324130663507919, -8.149999999999973710, -4.388948283887610380 ) ) ;
#714 = EDGE_CURVE ( 'NONE', #264, #1392, #3707, .T. ) ;
#715 = CARTESIAN_POINT ( 'NONE',  ( 1.352550000000001473, -2.160546872832123544, -5.039755446212264900 ) ) ;
#716 = CARTESIAN_POINT ( 'NONE',  ( -1.260191413587276044, -2.061328123916060129, -4.339808586412725155 ) ) ;
#717 = CARTESIAN_POINT ( 'NONE',  ( 0.7382030388933072951, -9.155468748916064214, -3.817820211718748968 ) ) ;
#718 = CARTESIAN_POINT ( 'NONE',  ( -0.7382030388933039644, -8.758593748916061017, -7.382179788281247212 ) ) ;
#719 = EDGE_CURVE ( 'NONE', #2440, #2929, #3023, .T. ) ;
#720 = CARTESIAN_POINT ( 'NONE',  ( -1.260191413587276044, -6.030078123916060129, -4.339808586412725155 ) ) ;
#721 = ORIENTED_EDGE ( 'NONE', *, *, #2210, .F. ) ;
#722 = CARTESIAN_POINT ( 'NONE',  ( 0.5602445537877306370, -7.518359372832118304, -6.952550000000002228 ) ) ;
#723 = CARTESIAN_POINT ( 'NONE',  ( -1.001072825390962027E-16, -0.07695312391606129454, -7.382179788281249877 ) ) ;
#724 = CARTESIAN_POINT ( 'NONE',  ( -1.782179788281235133, -7.716796873916049293, -5.599999999999999645 ) ) ;
#725 = CARTESIAN_POINT ( 'NONE',  ( -1.260191413587276044, -2.259765623916060395, -6.860191413587279463 ) ) ;
#726 = CARTESIAN_POINT ( 'NONE',  ( -0.7382030388933050746, -1.317187498916061239, -3.817820211718748968 ) ) ;
#727 = ORIENTED_EDGE ( 'NONE', *, *, #1100, .F. ) ;
#728 = CARTESIAN_POINT ( 'NONE',  ( 1.782179788281233135, -4.095312498916049648, -6.338203038893288621 ) ) ;
#729 = CARTESIAN_POINT ( 'NONE',  ( -1.352550000000000585, 2.850000000000000089, -5.599999999999999645 ) ) ;
#730 = FACE_OUTER_BOUND ( 'NONE', #3812, .T. ) ;
#731 = DIRECTION ( 'NONE',  ( 0.000000000000000000, 0.000000000000000000, -1.000000000000000000 ) ) ;
#732 = CARTESIAN_POINT ( 'NONE',  ( -6.365000000000000213, -4.700000000000000178, 6.700000000000000178 ) ) ;
#733 = CARTESIAN_POINT ( 'NONE',  ( -1.352549999999999031, -0.9699218728321223892, -6.160244553787730837 ) ) ;
#734 = CARTESIAN_POINT ( 'NONE',  ( 1.782179788281249566, -1.714062498916062882, -6.338203038893299279 ) ) ;
#735 = ORIENTED_EDGE ( 'NONE', *, *, #2163, .T. ) ;
#736 = CARTESIAN_POINT ( 'NONE',  ( 9.232916600029639059E-16, -8.808203123916060306, -7.382179788281249877 ) ) ;
#737 = CARTESIAN_POINT ( 'NONE',  ( -1.782179788281249566, -8.659374998916064214, -6.338203038893299279 ) ) ;
#738 = CARTESIAN_POINT ( 'NONE',  ( 1.022543344946352169E-15, -5.930859373916060662, -3.817820211718750301 ) ) ;
#739 = VERTEX_POINT ( 'NONE', #2431 ) ;
#740 = EDGE_CURVE ( 'NONE', #2645, #2669, #1764, .T. ) ;
#741 = CARTESIAN_POINT ( 'NONE',  ( -1.260191413587276044, -7.716796873916059951, -4.339808586412725155 ) ) ;
#742 = CARTESIAN_POINT ( 'NONE',  ( 0.7382030388933061849, -0.4242187489160610947, -3.817820211718748968 ) ) ;
#743 = CARTESIAN_POINT ( 'NONE',  ( 1.782179788281250010, -2.557421873916060129, -5.599999999999999645 ) ) ;
#744 = ORIENTED_EDGE ( 'NONE', *, *, #2068, .T. ) ;
#745 = CARTESIAN_POINT ( 'NONE',  ( 1.260191413587278042, -0.1761718739160609837, -6.860191413587279463 ) ) ;
#746 = ORIENTED_EDGE ( 'NONE', *, *, #1862, .F. ) ;
#747 = DIRECTION ( 'NONE',  ( 0.000000000000000000, 0.000000000000000000, 1.000000000000000000 ) ) ;
#748 = DIRECTION ( 'NONE',  ( -1.625580613857864815E-16, 1.000000000000000000, 0.000000000000000000 ) ) ;
#749 = CARTESIAN_POINT ( 'NONE',  ( 0.7382030388933050746, -6.377343748916063149, -7.382179788281247212 ) ) ;
#750 = CIRCLE ( 'NONE', #2679, 0.6914084874568007244 ) ;
#751 = CARTESIAN_POINT ( 'NONE',  ( -0.9563972768938640012, -6.377343747832120435, -4.643602723106139862 ) ) ;
#752 = CARTESIAN_POINT ( 'NONE',  ( 0.5602445537877294157, 1.212890627167877433, -6.952550000000002228 ) ) ;
#753 = CARTESIAN_POINT ( 'NONE',  ( 1.260191413587278042, -3.351171873916060306, -6.860191413587279463 ) ) ;
#754 = CARTESIAN_POINT ( 'NONE',  ( 7.372191249953170616E-16, -7.220703123916059951, -7.382179788281249877 ) ) ;
#755 = CARTESIAN_POINT ( 'NONE',  ( 1.782179788281249566, -7.270312498916064570, -6.338203038893299279 ) ) ;
#756 = EDGE_LOOP ( 'NONE', ( #3497, #2417, #1410, #3473, #3642, #1124, #3358, #2963, #3995, #1889 ) ) ;
#757 = CARTESIAN_POINT ( 'NONE',  ( 7.982524650890290216E-16, -4.690624997832120613, -4.247449999999999726 ) ) ;
#758 = CARTESIAN_POINT ( 'NONE',  ( 1.260191413587280040, -8.113671873916059596, -6.860191413587279463 ) ) ;
#759 = CARTESIAN_POINT ( 'NONE',  ( 1.782179788281249566, -1.118749998916059640, -4.861796961106697346 ) ) ;
#760 = CARTESIAN_POINT ( 'NONE',  ( -1.260191413587264053, -7.816015623916049648, -6.860191413587270581 ) ) ;
#761 = EDGE_CURVE ( 'NONE', #686, #1020, #1454, .T. ) ;
#762 = CARTESIAN_POINT ( 'NONE',  ( 1.260191413587278042, -2.656640623916060484, -4.339808586412725155 ) ) ;
#763 = ORIENTED_EDGE ( 'NONE', *, *, #2910, .T. ) ;
#764 = CARTESIAN_POINT ( 'NONE',  ( 0.7382030388933061849, -2.011718748916059063, -3.817820211718748968 ) ) ;
#765 = CARTESIAN_POINT ( 'NONE',  ( -0.7382030388932976361, -4.690624998916049115, -7.382179788281236554 ) ) ;
#766 = EDGE_CURVE ( 'NONE', #1685, #686, #1818, .T. ) ;
#767 = AXIS2_PLACEMENT_3D ( 'NONE', #2823, #3788, #2522 ) ;
#768 = CYLINDRICAL_SURFACE ( 'NONE', #1110, 1.352550000000000141 ) ;
#769 = CARTESIAN_POINT ( 'NONE',  ( -1.850000000000000089, 7.521408487456800351, 12.69999999999999929 ) ) ;
#770 = CARTESIAN_POINT ( 'NONE',  ( 1.782179788281249566, -6.575781248916064747, -4.861796961106697346 ) ) ;
#771 = FACE_OUTER_BOUND ( 'NONE', #2791, .T. ) ;
#772 = CARTESIAN_POINT ( 'NONE',  ( 8.912887325928530354E-16, -5.484374997832119902, -4.247449999999999726 ) ) ;
#773 = CARTESIAN_POINT ( 'NONE',  ( -1.260191413587276044, -0.4738281239160619385, -4.339808586412725155 ) ) ;
#774 = CARTESIAN_POINT ( 'NONE',  ( -1.782179788281249566, -3.896874998916059152, -6.338203038893300167 ) ) ;
#775 = CARTESIAN_POINT ( 'NONE',  ( -1.352550000000000141, -4.095312497832120258, -5.599999999999999645 ) ) ;
#776 = CARTESIAN_POINT ( 'NONE',  ( -0.7382030388933039644, -6.774218748916065458, -3.817820211718748968 ) ) ;
#777 = ORIENTED_EDGE ( 'NONE', *, *, #1076, .F. ) ;
#778 = DIRECTION ( 'NONE',  ( 1.000000000000000000, 0.000000000000000000, 0.000000000000000000 ) ) ;
#779 = DIRECTION ( 'NONE',  ( 0.000000000000000000, 0.000000000000000000, -1.000000000000000000 ) ) ;
#780 = CARTESIAN_POINT ( 'NONE',  ( 1.260191413587280040, -8.312109373916058530, -4.339808586412725155 ) ) ;
#781 = CARTESIAN_POINT ( 'NONE',  ( -1.782179788281249566, -3.003906248916061728, -4.861796961106697346 ) ) ;
#782 = CARTESIAN_POINT ( 'NONE',  ( 0.7382030388933050746, -0.02734374891606154712, -7.382179788281247212 ) ) ;
#783 = EDGE_LOOP ( 'NONE', ( #612, #2653, #1265, #3327 ) ) ;
#784 = CARTESIAN_POINT ( 'NONE',  ( -0.7382030388933050746, -0.02734374891606110997, -7.382179788281247212 ) ) ;
#785 = EDGE_CURVE ( 'NONE', #1370, #2236, #2388, .T. ) ;
#786 = EDGE_LOOP ( 'NONE', ( #1249, #763, #2176, #530, #3369, #3224, #455, #1771, #3896, #3771, #2233, #2056, #3938, #3414, #3646, #3434 ) ) ;
#787 = CARTESIAN_POINT ( 'NONE',  ( 5.915000000000000036, -3.149999999999999911, 12.69999999999999929 ) ) ;
#788 = CARTESIAN_POINT ( 'NONE',  ( -6.586916493176059539, -2.904345650964405223, 12.69999999999999929 ) ) ;
#789 = PLANE ( 'NONE',  #1159 ) ;
#790 = CARTESIAN_POINT ( 'NONE',  ( -1.352550000000000141, 2.056249999999999911, -5.599999999999999645 ) ) ;
#791 = CARTESIAN_POINT ( 'NONE',  ( 1.782179788281249566, -8.163281248916065991, -4.861796961106697346 ) ) ;
#792 = ADVANCED_FACE ( 'NONE', ( #3686 ), #3664, .F. ) ;
#793 = CARTESIAN_POINT ( 'NONE',  ( 3.747354264323064843, -3.149999999999999911, 12.69999999999999929 ) ) ;
#794 = CARTESIAN_POINT ( 'NONE',  ( 0.5602445537877316362, -3.847265622832121146, -4.247449999999998838 ) ) ;
#795 = CARTESIAN_POINT ( 'NONE',  ( 1.782179788281250010, -2.557421873916060129, -5.599999999999999645 ) ) ;
#796 = ORIENTED_EDGE ( 'NONE', *, *, #378, .T. ) ;
#797 = ORIENTED_EDGE ( 'NONE', *, *, #2232, .T. ) ;
#798 = DIRECTION ( 'NONE',  ( 1.000000000000000000, 1.414368223951314019E-15, 0.000000000000000000 ) ) ;
#799 = CARTESIAN_POINT ( 'NONE',  ( 1.782179788281249566, -6.575781248916064747, -4.861796961106697346 ) ) ;
#800 = CARTESIAN_POINT ( 'NONE',  ( -1.352550000001057295, -4.343359374999860023, -6.160244553786653476 ) ) ;
#801 = LINE ( 'NONE', #1743, #624 ) ;
#802 = CARTESIAN_POINT ( 'NONE',  ( -1.782179788281249566, -4.591406248916058530, -4.861796961106697346 ) ) ;
#803 = CARTESIAN_POINT ( 'NONE',  ( 1.782179788281249566, -1.813281248916063459, -4.861796961106697346 ) ) ;
#804 = ORIENTED_EDGE ( 'NONE', *, *, #492, .T. ) ;
#805 = CARTESIAN_POINT ( 'NONE',  ( -1.352550000000000141, -3.301562497832119636, -5.599999999999999645 ) ) ;
#806 = CARTESIAN_POINT ( 'NONE',  ( 1.352550000000000141, -5.285937497832120080, -5.599999999999999645 ) ) ;
#807 = CARTESIAN_POINT ( 'NONE',  ( -1.260191413587276044, -0.5730468739160620162, -4.339808586412725155 ) ) ;
#808 = ORIENTED_EDGE ( 'NONE', *, *, #3471, .F. ) ;
#809 = CARTESIAN_POINT ( 'NONE',  ( 0.5602445537877306370, -6.129296874999997868, -6.952550000000002228 ) ) ;
#810 = CARTESIAN_POINT ( 'NONE',  ( 4.415000000000000036, -3.399999999999999911, 12.69999999999999929 ) ) ;
#811 = CARTESIAN_POINT ( 'NONE',  ( 0.7382030388933072951, -8.262499998916062793, -3.817820211718748968 ) ) ;
#812 = AXIS2_PLACEMENT_3D ( 'NONE', #857, #3983, #2466 ) ;
#813 = EDGE_CURVE ( 'NONE', #1313, #910, #551, .T. ) ;
#814 = AXIS2_PLACEMENT_3D ( 'NONE', #196, #3300, #1116 ) ;
#815 = CARTESIAN_POINT ( 'NONE',  ( 1.352550000000001473, -3.748046872832120791, -5.039755446212264900 ) ) ;
#816 = EDGE_LOOP ( 'NONE', ( #541, #3576, #1572, #3514 ) ) ;
#817 = CARTESIAN_POINT ( 'NONE',  ( 0.7382030388933061849, -3.599218748916061639, -3.817820211718748968 ) ) ;
#818 = CARTESIAN_POINT ( 'NONE',  ( -4.415000000000000036, -3.149999999999999911, 12.69999999999999929 ) ) ;
#819 = VECTOR ( 'NONE', #2389, 1000.000000000000000 ) ;
#820 = CARTESIAN_POINT ( 'NONE',  ( 6.365000000000000213, -4.700000000000000178, 12.69999999999999929 ) ) ;
#821 = AXIS2_PLACEMENT_3D ( 'NONE', #3207, #2246, #2879 ) ;
#822 = CARTESIAN_POINT ( 'NONE',  ( 1.352549999999792529, -4.641015624999972999, -6.160244553787923572 ) ) ;
#823 = CARTESIAN_POINT ( 'NONE',  ( -0.5602445537877294157, -2.061328125000002842, -6.952550000000002228 ) ) ;
#824 = CIRCLE ( 'NONE', #2925, 0.6914084874568007244 ) ;
#825 = DIRECTION ( 'NONE',  ( -1.625580613857864815E-16, 1.000000000000000000, 0.000000000000000000 ) ) ;
#826 = ORIENTED_EDGE ( 'NONE', *, *, #2091, .T. ) ;
#827 = CARTESIAN_POINT ( 'NONE',  ( 1.260191413587278042, -3.549609373916060129, -4.339808586412725155 ) ) ;
#828 = ORIENTED_EDGE ( 'NONE', *, *, #2761, .F. ) ;
#829 = CARTESIAN_POINT ( 'NONE',  ( 0.5602445537877316362, -5.633203124999999645, -4.247449999999998838 ) ) ;
#830 = CARTESIAN_POINT ( 'NONE',  ( 0.7644349386766610133, -8.150000000000000355, -7.087584786768066358 ) ) ;
#831 = CARTESIAN_POINT ( 'NONE',  ( -1.782179788281250010, -5.335546873916060306, -5.599999999999999645 ) ) ;
#832 = FACE_OUTER_BOUND ( 'NONE', #2377, .T. ) ;
#833 = CARTESIAN_POINT ( 'NONE',  ( -0.5602445537877294157, -5.037890622832125409, -6.952550000000002228 ) ) ;
#834 = EDGE_LOOP ( 'NONE', ( #3732, #3748, #582, #420 ) ) ;
#835 = CARTESIAN_POINT ( 'NONE',  ( -1.352549999999999031, 0.7167968771678775441, -5.039755446212264900 ) ) ;
#836 = CIRCLE ( 'NONE', #259, 1.199999999999999734 ) ;
#837 =( BOUNDED_CURVE ( )  B_SPLINE_CURVE ( 2, ( #116, #2528, #1919, #3162, #1775 ),
 .UNSPECIFIED., .F., .T. ) 
 B_SPLINE_CURVE_WITH_KNOTS ( ( 3, 2, 3 ),
 ( 0.4255741165679765015, 0.4296875000000000000, 0.4375000000000000000 ),
 .UNSPECIFIED. ) 
 CURVE ( )  GEOMETRIC_REPRESENTATION_ITEM ( )  RATIONAL_B_SPLINE_CURVE ( ( 0.9620467830121239849, 0.9599215782648390372, 1.000000000000000000, 0.9238795325112879597, 1.000000000000000000 ) ) 
 REPRESENTATION_ITEM ( '' )  );
#838 = CARTESIAN_POINT ( 'NONE',  ( -0.9563972768938640012, -5.782031247832120080, -6.556397276893870085 ) ) ;
#839 = EDGE_CURVE ( 'NONE', #192, #1502, #2049, .T. ) ;
#840 = CARTESIAN_POINT ( 'NONE',  ( 0.7382030388933050746, -7.964843748916065280, -7.382179788281247212 ) ) ;
#841 = DIRECTION ( 'NONE',  ( 0.000000000000000000, 0.000000000000000000, -1.000000000000000000 ) ) ;
#842 = CARTESIAN_POINT ( 'NONE',  ( -1.352550000000000141, -3.500000000000000000, -5.599999999999999645 ) ) ;
#843 = DIRECTION ( 'NONE',  ( 0.000000000000000000, 0.000000000000000000, 1.000000000000000000 ) ) ;
#844 = CARTESIAN_POINT ( 'NONE',  ( -1.260191413587276044, -3.152734373916060484, -6.860191413587279463 ) ) ;
#845 = EDGE_CURVE ( 'NONE', #2655, #4017, #2507, .T. ) ;
#846 = PLANE ( 'NONE',  #3693 ) ;
#847 = ORIENTED_EDGE ( 'NONE', *, *, #2745, .F. ) ;
#848 = DIRECTION ( 'NONE',  ( -0.01738260385761379936, 0.9998489111276409602, 0.000000000000000000 ) ) ;
#849 = CARTESIAN_POINT ( 'NONE',  ( -0.7382030388933050746, -2.408593748916063149, -7.382179788281247212 ) ) ;
#850 = ORIENTED_EDGE ( 'NONE', *, *, #537, .F. ) ;
#851 = CARTESIAN_POINT ( 'NONE',  ( 0.5602445537877316362, -7.220703125000000888, -4.247449999999998838 ) ) ;
#852 = CARTESIAN_POINT ( 'NONE',  ( 0.9563972768939129621, -5.385156250000040501, -6.556397276893920711 ) ) ;
#853 = CARTESIAN_POINT ( 'NONE',  ( 1.301652147457822139E-15, -8.312109373916058530, -3.817820211718750301 ) ) ;
#854 = CARTESIAN_POINT ( 'NONE',  ( 0.9563972768938620028, -6.972656250000000000, -6.556397276893870085 ) ) ;
#855 = CARTESIAN_POINT ( 'NONE',  ( 1.352550000000000141, -6.873437497832120435, -5.599999999999999645 ) ) ;
#856 = CARTESIAN_POINT ( 'NONE',  ( -0.5602445537877283055, -9.006640622832115639, -6.952550000000002228 ) ) ;
#857 = CARTESIAN_POINT ( 'NONE',  ( -5.165000000000000036, -4.700000000000000178, 12.69999999999999929 ) ) ;
#858 = CARTESIAN_POINT ( 'NONE',  ( 9.411366108805059963E-16, -5.236328123916059951, -3.817820211718750301 ) ) ;
#859 = CARTESIAN_POINT ( 'NONE',  ( 1.782179788281249566, -6.575781248916064747, -6.338203038893300167 ) ) ;
#860 = DIRECTION ( 'NONE',  ( 0.000000000000000000, -1.000000000000000000, 0.000000000000000000 ) ) ;
#861 = CARTESIAN_POINT ( 'NONE',  ( -1.260191413587276044, -8.411328123916060662, -4.339808586412725155 ) ) ;
#862 = CARTESIAN_POINT ( 'NONE',  ( 1.352549999999999031, -2.259765624999999112, -6.160244553787730837 ) ) ;
#863 = CARTESIAN_POINT ( 'NONE',  ( 3.965000000000000746, -4.700000000000000178, 6.700000000000000178 ) ) ;
#864 = CARTESIAN_POINT ( 'NONE',  ( 0.7382030388933061849, -2.805468748916060573, -3.817820211718748968 ) ) ;
#865 = CARTESIAN_POINT ( 'NONE',  ( 0.9563972768938659996, -7.766406247832120080, -4.643602723106139862 ) ) ;
#866 = EDGE_CURVE ( 'NONE', #264, #2412, #169, .T. ) ;
#867 = VERTEX_POINT ( 'NONE', #335 ) ;
#868 = CARTESIAN_POINT ( 'NONE',  ( 1.782179788281249566, -4.293749998916062793, -4.861796961106697346 ) ) ;
#869 = VECTOR ( 'NONE', #3412, 1000.000000000000000 ) ;
#870 = CARTESIAN_POINT ( 'NONE',  ( 8.215115322190820283E-16, -4.889062500000000533, -4.247449999999999726 ) ) ;
#871 = CARTESIAN_POINT ( 'NONE',  ( 1.352550000001156771, -7.121484374999847766, -5.039755446213438184 ) ) ;
#872 = CARTESIAN_POINT ( 'NONE',  ( 0.9563972768938659996, -6.972656247832119902, -4.643602723106139862 ) ) ;
#873 = CARTESIAN_POINT ( 'NONE',  ( -3.792160850505675045E-16, 2.304296876083939960, -7.382179788281249877 ) ) ;
#874 = CARTESIAN_POINT ( 'NONE',  ( 1.260191413587280040, -5.930859373916060662, -4.339808586412725155 ) ) ;
#875 = FACE_OUTER_BOUND ( 'NONE', #904, .T. ) ;
#876 = CARTESIAN_POINT ( 'NONE',  ( 1.394688414961646054E-15, -9.105859373916059596, -3.817820211718750301 ) ) ;
#877 = DIRECTION ( 'NONE',  ( 0.9982117696170592636, -0.05977677641006572118, 0.000000000000000000 ) ) ;
#878 = CARTESIAN_POINT ( 'NONE',  ( -1.352549999999999031, -2.656640625000001865, -5.039755446212264900 ) ) ;
#879 = CARTESIAN_POINT ( 'NONE',  ( -5.915000000000000036, -3.399999999999999911, 12.69999999999999929 ) ) ;
#880 = VECTOR ( 'NONE', #2286, 1000.000000000000000 ) ;
#881 = AXIS2_PLACEMENT_3D ( 'NONE', #1207, #886, #3418 ) ;
#882 = ORIENTED_EDGE ( 'NONE', *, *, #3129, .F. ) ;
#883 = CARTESIAN_POINT ( 'NONE',  ( 1.352550000006577990, -6.327734374999229416, -5.039755446218738832 ) ) ;
#884 = CARTESIAN_POINT ( 'NONE',  ( 1.260191413587280040, -4.343359373916060306, -4.339808586412725155 ) ) ;
#885 = ORIENTED_EDGE ( 'NONE', *, *, #2672, .T. ) ;
#886 = DIRECTION ( 'NONE',  ( 1.000000000000000000, 3.657556381180200085E-16, 0.000000000000000000 ) ) ;
#887 = EDGE_CURVE ( 'NONE', #462, #2221, #593, .T. ) ;
#888 = CARTESIAN_POINT ( 'NONE',  ( 1.352550000000000141, -7.071875000000000355, -5.599999999999999645 ) ) ;
#889 = CARTESIAN_POINT ( 'NONE',  ( -0.5602445537877565052, -5.732421875000048850, -4.247449999999934001 ) ) ;
#890 = CARTESIAN_POINT ( 'NONE',  ( 0.5602445537877294157, 1.014453124999997735, -6.952550000000002228 ) ) ;
#891 = FILL_AREA_STYLE_COLOUR ( '', #1022 ) ;
#892 = EDGE_CURVE ( 'NONE', #1565, #3211, #4026, .T. ) ;
#893 = ADVANCED_BREP_SHAPE_REPRESENTATION ( 'Same_Sky_HSE19-361616P', ( #1450, #2754, #2774, #646 ), #2492 ) ;
#894 = DIRECTION ( 'NONE',  ( 1.000000000000000000, 0.000000000000000000, 0.000000000000000000 ) ) ;
#895 = CARTESIAN_POINT ( 'NONE',  ( 1.356470070111972020E-15, -9.453124997832121679, -4.247449999999999726 ) ) ;
#896 = DIRECTION ( 'NONE',  ( 1.000000000000000000, 0.000000000000000000, 0.000000000000000000 ) ) ;
#897 = CARTESIAN_POINT ( 'NONE',  ( -1.260191413587276044, -5.533984373916060129, -6.860191413587279463 ) ) ;
#898 = CARTESIAN_POINT ( 'NONE',  ( 0.7382030388933050746, 1.460937501083937606, -7.382179788281247212 ) ) ;
#899 = CARTESIAN_POINT ( 'NONE',  ( 1.782179788281250010, -5.831640623916060306, -5.599999999999999645 ) ) ;
#900 = CARTESIAN_POINT ( 'NONE',  ( -5.165000000000000036, -4.700000000000000178, -12.69999999999999929 ) ) ;
#901 = CARTESIAN_POINT ( 'NONE',  ( 1.260191413587280040, -8.212890623916059951, -4.339808586412725155 ) ) ;
#902 = CARTESIAN_POINT ( 'NONE',  ( -0.5602445537877294157, -2.855078124999998135, -6.952550000000002228 ) ) ;
#903 = CIRCLE ( 'NONE', #1975, 0.2500000000000002220 ) ;
#904 = EDGE_LOOP ( 'NONE', ( #3768, #1807, #1620, #3113 ) ) ;
#905 = CARTESIAN_POINT ( 'NONE',  ( -1.260191413587276044, -3.946484373916060662, -6.860191413587279463 ) ) ;
#906 = EDGE_LOOP ( 'NONE', ( #1679, #3971, #626, #3025, #1287 ) ) ;
#907 = CARTESIAN_POINT ( 'NONE',  ( 1.352550000000001473, -7.121484374999996092, -5.039755446212264900 ) ) ;
#908 = CARTESIAN_POINT ( 'NONE',  ( -4.415000000000000036, -3.399999999999999911, 12.69999999999999929 ) ) ;
#909 = CARTESIAN_POINT ( 'NONE',  ( 1.352549999999999031, 0.1214843749999981876, -6.160244553787730837 ) ) ;
#910 = VERTEX_POINT ( 'NONE', #3725 ) ;
#911 = CARTESIAN_POINT ( 'NONE',  ( 6.165000000000000036, -3.149999999999999911, 12.69999999999999929 ) ) ;
#912 = CARTESIAN_POINT ( 'NONE',  ( -8.149999999999998579, 7.458591512543200075, -12.69999999999999929 ) ) ;
#913 = CARTESIAN_POINT ( 'NONE',  ( -1.352550000000000141, -9.651562497832120613, -5.599999999999999645 ) ) ;
#914 = EDGE_CURVE ( 'NONE', #2017, #3919, #685, .T. ) ;
#915 = CARTESIAN_POINT ( 'NONE',  ( -1.782179788281250010, -7.022265623916060129, -5.599999999999999645 ) ) ;
#916 = LINE ( 'NONE', #2800, #1444 ) ;
#917 = CARTESIAN_POINT ( 'NONE',  ( -0.2756731330132754509, -3.150000000000000355, -7.376374163352704016 ) ) ;
#918 = CARTESIAN_POINT ( 'NONE',  ( -1.260191413587276044, 0.3199218760839385167, -4.339808586412725155 ) ) ;
#919 = ORIENTED_EDGE ( 'NONE', *, *, #2830, .F. ) ;
#920 = DIRECTION ( 'NONE',  ( 1.000000000000000000, 0.000000000000000000, 0.000000000000000000 ) ) ;
#921 = DIRECTION ( 'NONE',  ( 1.000000000000000000, 0.000000000000000000, 0.000000000000000000 ) ) ;
#922 = CARTESIAN_POINT ( 'NONE',  ( 0.7382030388933050746, -6.476562498916058175, -7.382179788281247212 ) ) ;
#923 = EDGE_LOOP ( 'NONE', ( #2971, #3277, #1080, #2905 ) ) ;
#924 = FACE_OUTER_BOUND ( 'NONE', #2121, .T. ) ;
#925 = CARTESIAN_POINT ( 'NONE',  ( -1.352550000000000141, -7.270312497832120080, -5.599999999999999645 ) ) ;
#926 = CARTESIAN_POINT ( 'NONE',  ( 0.7382030388933061849, -8.758593748916061017, -7.382179788281247212 ) ) ;
#927 = ORIENTED_EDGE ( 'NONE', *, *, #4, .F. ) ;
#928 = CARTESIAN_POINT ( 'NONE',  ( 1.782179788281233135, -5.682812498916051780, -6.338203038893288621 ) ) ;
#929 = CARTESIAN_POINT ( 'NONE',  ( -0.1438546120465469536, -9.263905927727238421, -7.444424989985220620 ) ) ;
#930 = CARTESIAN_POINT ( 'NONE',  ( -3.982831157154784751, -3.149999999999999911, 12.69999999999999929 ) ) ;
#931 = CARTESIAN_POINT ( 'NONE',  ( 0.5602445537877306370, -0.07695312500000148215, -4.247449999999998838 ) ) ;
#932 = VERTEX_POINT ( 'NONE', #1904 ) ;
#933 = DIRECTION ( 'NONE',  ( 1.000000000000000000, 0.000000000000000000, 0.000000000000000000 ) ) ;
#934 = CARTESIAN_POINT ( 'NONE',  ( 2.604082540382205318E-16, -3.152734373916050270, -7.382179788281230337 ) ) ;
#935 = CIRCLE ( 'NONE', #3105, 0.2500000000000002220 ) ;
#936 = CARTESIAN_POINT ( 'NONE',  ( -0.9968988063304345948, -9.745550578245721240, -6.514102987872237627 ) ) ;
#937 = PLANE ( 'NONE',  #1622 ) ;
#938 = LINE ( 'NONE', #271, #3794 ) ;
#939 = EDGE_CURVE ( 'NONE', #2583, #696, #1220, .T. ) ;
#940 = CARTESIAN_POINT ( 'NONE',  ( -1.260191413587278042, 1.708984376083940049, -6.860191413587279463 ) ) ;
#941 = ORIENTED_EDGE ( 'NONE', *, *, #2119, .F. ) ;
#942 = DIRECTION ( 'NONE',  ( 0.000000000000000000, -1.000000000000000000, 0.000000000000000000 ) ) ;
#943 = CARTESIAN_POINT ( 'NONE',  ( -4.165000000000000036, -3.149999999999999911, 12.69999999999999929 ) ) ;
#944 = CARTESIAN_POINT ( 'NONE',  ( 1.260191413587280040, -5.930859373916060662, -4.339808586412725155 ) ) ;
#945 = ADVANCED_FACE ( 'NONE', ( #2534 ), #1558, .F. ) ;
#946 =( BOUNDED_CURVE ( )  B_SPLINE_CURVE ( 2, ( #1203, #697, #3234, #2650, #757, #1055, #3913, #3194, #1073 ),
 .UNSPECIFIED., .F., .T. ) 
 B_SPLINE_CURVE_WITH_KNOTS ( ( 3, 2, 2, 2, 3 ),
 ( 0.5312500000000000000, 0.5390625000000000000, 0.5468750000000000000, 0.5546875000000000000, 0.5625000000000000000 ),
 .UNSPECIFIED. ) 
 CURVE ( )  GEOMETRIC_REPRESENTATION_ITEM ( )  RATIONAL_B_SPLINE_CURVE ( ( 1.000000000000000000, 0.9238795325112849621, 1.000000000000000000, 0.9238795325112869605, 1.000000000000000000, 0.9238795325112869605, 1.000000000000000000, 0.9238795325112879597, 1.000000000000000000 ) ) 
 REPRESENTATION_ITEM ( '' )  );
#947 = CARTESIAN_POINT ( 'NONE',  ( -0.7382030388933039644, -3.896874998916064481, -7.382179788281247212 ) ) ;
#948 = AXIS2_PLACEMENT_3D ( 'NONE', #566, #207, #3374 ) ;
#949 = ORIENTED_EDGE ( 'NONE', *, *, #813, .T. ) ;
#950 = CARTESIAN_POINT ( 'NONE',  ( -3.340514801712094942E-16, 2.850000000000000089, -5.599999999999999645 ) ) ;
#951 = CARTESIAN_POINT ( 'NONE',  ( 3.692147938734420518E-16, -3.149999999999999911, -5.599999999999999645 ) ) ;
#952 = CARTESIAN_POINT ( 'NONE',  ( 0.7382030388933050746, 1.460937501083937606, -7.382179788281247212 ) ) ;
#953 = ORIENTED_EDGE ( 'NONE', *, *, #3734, .T. ) ;
#954 = AXIS2_PLACEMENT_3D ( 'NONE', #2124, #4021, #933 ) ;
#955 = CARTESIAN_POINT ( 'NONE',  ( 0.7382030388933061849, 1.262500001083938228, -3.817820211718748968 ) ) ;
#956 = CARTESIAN_POINT ( 'NONE',  ( -0.9563972768938648894, -3.400781247832119991, -6.556397276893870085 ) ) ;
#957 = VECTOR ( 'NONE', #51, 1000.000000000000000 ) ;
#958 = CARTESIAN_POINT ( 'NONE',  ( 1.352549999999999031, 1.609765624999998090, -5.039755446212264900 ) ) ;
#959 = EDGE_LOOP ( 'NONE', ( #2374, #3264 ) ) ;
#960 = DIRECTION ( 'NONE',  ( 0.000000000000000000, -1.000000000000000000, 0.000000000000000000 ) ) ;
#961 = DIRECTION ( 'NONE',  ( 0.000000000000000000, 0.000000000000000000, -1.000000000000000000 ) ) ;
#962 = CYLINDRICAL_SURFACE ( 'NONE', #2878, 1.199999999999999734 ) ;
#963 = CARTESIAN_POINT ( 'NONE',  ( -1.572908602317078186, -3.149999999999998135, -5.365361676265877122 ) ) ;
#964 = CARTESIAN_POINT ( 'NONE',  ( 1.352550000000000141, -7.865624999999999645, -5.599999999999900169 ) ) ;
#965 = DIRECTION ( 'NONE',  ( 1.000000000000000000, 0.000000000000000000, 0.000000000000000000 ) ) ;
#966 = CARTESIAN_POINT ( 'NONE',  ( -0.7382030388933050746, 2.453125001083939161, -7.382179788281247212 ) ) ;
#967 = DIRECTION ( 'NONE',  ( 0.000000000000000000, 0.000000000000000000, 1.000000000000000000 ) ) ;
#968 = EDGE_CURVE ( 'NONE', #2524, #3200, #3430, .T. ) ;
#969 = CARTESIAN_POINT ( 'NONE',  ( 0.7382030388933061849, -5.980468748916058175, -3.817820211718748968 ) ) ;
#970 = CIRCLE ( 'NONE', #190, 0.2500000000000002220 ) ;
#971 = DIRECTION ( 'NONE',  ( 0.000000000000000000, 0.000000000000000000, 1.000000000000000000 ) ) ;
#972 = EDGE_CURVE ( 'NONE', #446, #3087, #12, .T. ) ;
#973 = DIRECTION ( 'NONE',  ( 1.000000000000000000, 0.000000000000000000, -6.412788717521744019E-16 ) ) ;
#974 = AXIS2_PLACEMENT_3D ( 'NONE', #2973, #1422, #206 ) ;
#975 = CARTESIAN_POINT ( 'NONE',  ( -1.260191413587276044, -9.205078123916059951, -4.339808586412725155 ) ) ;
#976 =( BOUNDED_CURVE ( )  B_SPLINE_CURVE ( 2, ( #2519, #1540, #274, #4048, #594, #2172, #3746 ),
 .UNSPECIFIED., .F., .F. ) 
 B_SPLINE_CURVE_WITH_KNOTS ( ( 3, 2, 2, 3 ),
 ( 0.1146825883309119942, 0.1157454314161737996, 0.1168082745014353968, 0.1177216888952214019 ),
 .UNSPECIFIED. ) 
 CURVE ( )  GEOMETRIC_REPRESENTATION_ITEM ( )  RATIONAL_B_SPLINE_CURVE ( ( 1.000000000000000000, 0.9238795325112839629, 1.000000000000000000, 0.9238795325112869605, 1.000000000000000000, 0.9345815655856659632, 0.9816052036495940269 ) ) 
 REPRESENTATION_ITEM ( '' )  );
#977 = VERTEX_POINT ( 'NONE', #2836 ) ;
#978 = CARTESIAN_POINT ( 'NONE',  ( -1.782179788281233135, -5.385156248916055155, -6.338203038893288621 ) ) ;
#979 = CARTESIAN_POINT ( 'NONE',  ( 2.782532049157620306E-16, 0.4191406260839385389, -3.817820211718750301 ) ) ;
#980 = CARTESIAN_POINT ( 'NONE',  ( 3.534445215420440032E-16, -3.946484373916060662, -7.382179788281249877 ) ) ;
#981 = CARTESIAN_POINT ( 'NONE',  ( -0.9563972768943469482, -4.194531250000395062, -4.643602723105659358 ) ) ;
#982 = CARTESIAN_POINT ( 'NONE',  ( -0.9563972768938648894, 0.5679687499999990230, -4.643602723106139862 ) ) ;
#983 = CARTESIAN_POINT ( 'NONE',  ( 3.534445215420445455E-16, -3.946484373916050004, -7.382179788281230337 ) ) ;
#984 = DIRECTION ( 'NONE',  ( 1.000000000000000000, 0.000000000000000000, 0.000000000000000000 ) ) ;
#985 = DIRECTION ( 'NONE',  ( 0.000000000000000000, 0.000000000000000000, 1.000000000000000000 ) ) ;
#986 = CARTESIAN_POINT ( 'NONE',  ( 8.158592628451220539E-16, -7.667187500000470557, -6.952550000000810471 ) ) ;
#987 = CARTESIAN_POINT ( 'NONE',  ( -4.165000000000000036, -3.149999999999999911, 12.69999999999999929 ) ) ;
#988 = CARTESIAN_POINT ( 'NONE',  ( -0.9563972768938640012, -2.408593747832119991, -4.643602723106139862 ) ) ;
#989 = CARTESIAN_POINT ( 'NONE',  ( 1.852169374119385099E-16, 1.212890626083938050, -3.817820211718750301 ) ) ;
#990 = CARTESIAN_POINT ( 'NONE',  ( -1.260191413587276044, -7.716796873916059951, -4.339808586412725155 ) ) ;
#991 = ADVANCED_FACE ( 'NONE', ( #875 ), #3490, .F. ) ;
#992 = ORIENTED_EDGE ( 'NONE', *, *, #2016, .F. ) ;
#993 = CARTESIAN_POINT ( 'NONE',  ( 1.782179788281250010, 1.312109376083939960, -5.599999999999999645 ) ) ;
#994 = EDGE_CURVE ( 'NONE', #1224, #3919, #3783, .T. ) ;
#995 = CARTESIAN_POINT ( 'NONE',  ( -1.782179788281249566, -3.797656248916063237, -6.338203038893299279 ) ) ;
#996 = CARTESIAN_POINT ( 'NONE',  ( -0.5602445537877294157, -3.450390622832122833, -6.952550000000002228 ) ) ;
#997 = CARTESIAN_POINT ( 'NONE',  ( -1.352549999999999031, -1.862890625000001243, -5.039755446212264900 ) ) ;
#998 = CARTESIAN_POINT ( 'NONE',  ( -1.600000000000000089, -2.899999999999999911, 12.69999999999999929 ) ) ;
#999 = ORIENTED_EDGE ( 'NONE', *, *, #2830, .T. ) ;
#1000 = CARTESIAN_POINT ( 'NONE',  ( 1.850000000000000089, 7.521408487456800351, 12.69999999999999929 ) ) ;
#1001 = CARTESIAN_POINT ( 'NONE',  ( -1.599999999999997646, -3.149999999999999467, -5.506048046920089867 ) ) ;
#1002 = CARTESIAN_POINT ( 'NONE',  ( -6.336954265394150632, -2.899999999999999911, 12.69999999999999929 ) ) ;
#1003 = CARTESIAN_POINT ( 'NONE',  ( 1.850000000000000089, 7.521408487456800351, 12.69999999999999929 ) ) ;
#1004 = CARTESIAN_POINT ( 'NONE',  ( 1.260191413587280040, -8.113671873916059596, -6.860191413587279463 ) ) ;
#1005 = CARTESIAN_POINT ( 'NONE',  ( -0.6584781414122201637, -8.149999999999998579, -4.364788429379921730 ) ) ;
#1006 = CARTESIAN_POINT ( 'NONE',  ( -0.9563972768938648894, -1.614843747832120036, -4.643602723106139862 ) ) ;
#1007 = CARTESIAN_POINT ( 'NONE',  ( -1.260191413587278042, -1.466015623916061994, -6.860191413587279463 ) ) ;
#1008 = CARTESIAN_POINT ( 'NONE',  ( 1.782179788281250010, -9.006640623916061017, -5.599999999999999645 ) ) ;
#1009 = CARTESIAN_POINT ( 'NONE',  ( 0.7382030388933072951, -7.567968748916062083, -3.817820211718748968 ) ) ;
#1010 = VERTEX_POINT ( 'NONE', #2819 ) ;
#1011 = CARTESIAN_POINT ( 'NONE',  ( 1.260232849928653254, -3.149999999999999911, -5.108874082886366352 ) ) ;
#1012 = CARTESIAN_POINT ( 'NONE',  ( -1.782179788281250010, -1.466015623916061994, -5.599999999999999645 ) ) ;
#1013 = CARTESIAN_POINT ( 'NONE',  ( 1.782179788281233135, -8.131165100121783951, -5.339695314744055565 ) ) ;
#1014 = CARTESIAN_POINT ( 'NONE',  ( -0.7382030388933050746, 1.957031251083940715, -3.817820211718748968 ) ) ;
#1015 = CARTESIAN_POINT ( 'NONE',  ( 1.782179788281249566, -4.095312498916060306, -6.338203038893299279 ) ) ;
#1016 = CARTESIAN_POINT ( 'NONE',  ( -0.5602445537881007853, -3.351171875000522160, -4.247449999999100001 ) ) ;
#1017 = CARTESIAN_POINT ( 'NONE',  ( 0.7382030388933061849, 1.957031251083940715, -3.817820211718748968 ) ) ;
#1018 = EDGE_CURVE ( 'NONE', #449, #2097, #1201, .T. ) ;
#1019 = AXIS2_PLACEMENT_3D ( 'NONE', #1263, #2226, #1578 ) ;
#1020 = VERTEX_POINT ( 'NONE', #1284 ) ;
#1021 = DIRECTION ( 'NONE',  ( -4.243104671853940479E-15, 1.000000000000000000, 0.000000000000000000 ) ) ;
#1022 = COLOUR_RGB ( '',0.7921568627450980005, 0.8196078431372548767, 0.9333333333333333481 ) ;
#1023 = CARTESIAN_POINT ( 'NONE',  ( 1.352550000000000141, -7.071874999999749889, -5.600000000002809841 ) ) ;
#1024 = PLANE ( 'NONE',  #1946 ) ;
#1025 = CARTESIAN_POINT ( 'NONE',  ( 1.220245413391975967E-15, -7.617578123916060484, -3.817820211718750301 ) ) ;
#1026 = EDGE_CURVE ( 'NONE', #341, #1419, #938, .T. ) ;
#1027 = DIRECTION ( 'NONE',  ( 0.000000000000000000, 0.000000000000000000, -1.000000000000000000 ) ) ;
#1028 = CARTESIAN_POINT ( 'NONE',  ( 2.343825906921195411E-16, -2.706249997832119725, -6.952550000000000452 ) ) ;
#1029 = CARTESIAN_POINT ( 'NONE',  ( -1.782179788281249566, -1.317187498916061239, -4.861796961106697346 ) ) ;
#1030 = VERTEX_POINT ( 'NONE', #2206 ) ;
#1031 = CARTESIAN_POINT ( 'NONE',  ( -0.7382030388933050746, -6.873437498916061372, -3.817820211718748968 ) ) ;
#1032 = CARTESIAN_POINT ( 'NONE',  ( -1.782179788281249566, -6.178906248916060662, -6.338203038893299279 ) ) ;
#1033 = VERTEX_POINT ( 'NONE', #2470 ) ;
#1034 = CARTESIAN_POINT ( 'NONE',  ( 6.767287489215109808, 7.470609992384459552, 12.69999999999999929 ) ) ;
#1035 = CARTESIAN_POINT ( 'NONE',  ( 1.260191413587278042, 0.4191406260839389830, -4.339808586412725155 ) ) ;
#1036 = VECTOR ( 'NONE', #731, 1000.000000000000000 ) ;
#1037 = CARTESIAN_POINT ( 'NONE',  ( 1.782179788281233135, -7.270312498916053912, -6.338203038893288621 ) ) ;
#1038 = CARTESIAN_POINT ( 'NONE',  ( 1.782179788281249566, -0.2257812489160615776, -4.861796961106697346 ) ) ;
#1039 = DIRECTION ( 'NONE',  ( 0.000000000000000000, 0.000000000000000000, -1.000000000000000000 ) ) ;
#1040 = VECTOR ( 'NONE', #747, 1000.000000000000000 ) ;
#1041 = CARTESIAN_POINT ( 'NONE',  ( -1.782179788281249566, -1.416406248916061150, -4.861796961106697346 ) ) ;
#1042 = ORIENTED_EDGE ( 'NONE', *, *, #4033, .T. ) ;
#1043 = CARTESIAN_POINT ( 'NONE',  ( 3.506779253260039572E-16, -3.698437500000514966, -6.952550000000890407 ) ) ;
#1044 = EDGE_CURVE ( 'NONE', #2011, #3211, #3744, .T. ) ;
#1045 = CARTESIAN_POINT ( 'NONE',  ( -0.9563972768938640012, -5.583593747832120258, -4.643602723106139862 ) ) ;
#1046 = CARTESIAN_POINT ( 'NONE',  ( 1.352550000000000141, -4.492187497832119902, -5.599999999999999645 ) ) ;
#1047 = CARTESIAN_POINT ( 'NONE',  ( 3.106058958645210311, 7.558983661755359407, 12.69999999999999929 ) ) ;
#1048 = DIRECTION ( 'NONE',  ( 0.000000000000000000, 0.000000000000000000, 1.000000000000000000 ) ) ;
#1049 = EDGE_CURVE ( 'NONE', #3643, #2838, #1881, .T. ) ;
#1050 = CARTESIAN_POINT ( 'NONE',  ( 5.191436625775579664E-16, -2.309374997832119636, -4.247449999999999726 ) ) ;
#1051 = CARTESIAN_POINT ( 'NONE',  ( -1.782179788281250010, -8.609765623916059596, -5.599999999999999645 ) ) ;
#1052 = CARTESIAN_POINT ( 'NONE',  ( -1.288502226421477381, -3.150000000000069189, -6.831229795880974009 ) ) ;
#1053 = CARTESIAN_POINT ( 'NONE',  ( 9.232916600029639059E-16, -8.808203123916060306, -7.382179788281249877 ) ) ;
#1054 = CARTESIAN_POINT ( 'NONE',  ( 0.7382030388933050746, -5.583593748916054977, -7.382179788281247212 ) ) ;
#1055 = CARTESIAN_POINT ( 'NONE',  ( -0.5602445537877294157, -4.740234372832123455, -4.247449999999998838 ) ) ;
#1056 = CARTESIAN_POINT ( 'NONE',  ( 0.7382030388933072951, -7.567968748916062083, -3.817820211718748968 ) ) ;
#1057 = CARTESIAN_POINT ( 'NONE',  ( 8.596525246855120853E-17, -1.664453123916059818, -7.382179788281249877 ) ) ;
#1058 = CARTESIAN_POINT ( 'NONE',  ( -0.7382030388932976361, -7.071874998916052313, -7.382179788281236554 ) ) ;
#1059 = CARTESIAN_POINT ( 'NONE',  ( 1.260191413587278042, -1.069140623916061905, -4.339808586412725155 ) ) ;
#1060 = ORIENTED_EDGE ( 'NONE', *, *, #690, .F. ) ;
#1061 = DIRECTION ( 'NONE',  ( 0.000000000000000000, 0.000000000000000000, -1.000000000000000000 ) ) ;
#1062 = CARTESIAN_POINT ( 'NONE',  ( -1.260191413587276044, 0.2207031260839384945, -4.339808586412725155 ) ) ;
#1063 = ORIENTED_EDGE ( 'NONE', *, *, #2210, .T. ) ;
#1064 = CARTESIAN_POINT ( 'NONE',  ( -0.3884977291292963653, -8.149999999999996803, -7.045153523967183418 ) ) ;
#1065 = CARTESIAN_POINT ( 'NONE',  ( 6.365000000000000213, -4.700000000000000178, 6.700000000000000178 ) ) ;
#1066 = CARTESIAN_POINT ( 'NONE',  ( -0.7382030388933039644, -6.278124998916055688, -7.382179788281247212 ) ) ;
#1067 = CARTESIAN_POINT ( 'NONE',  ( 1.352550000000001473, -2.954296872832119725, -5.039755446212264900 ) ) ;
#1068 = VERTEX_POINT ( 'NONE', #3246 ) ;
#1069 = ADVANCED_FACE ( 'NONE', ( #3528 ), #1965, .F. ) ;
#1070 = CARTESIAN_POINT ( 'NONE',  ( -1.782179788281249566, -6.972656248916058175, -6.338203038893299279 ) ) ;
#1071 = VERTEX_POINT ( 'NONE', #673 ) ;
#1072 = CARTESIAN_POINT ( 'NONE',  ( 1.352550000000000141, -6.278124999998609290, -5.600000000015699975 ) ) ;
#1073 = CARTESIAN_POINT ( 'NONE',  ( -1.352550000000000141, -4.889062497832120435, -5.599999999999999645 ) ) ;
#1074 = CARTESIAN_POINT ( 'NONE',  ( 0.7382030388933061849, -8.064062498916060306, -7.382179788281247212 ) ) ;
#1075 = CARTESIAN_POINT ( 'NONE',  ( -1.260191413587276044, -2.358984373916060306, -6.860191413587279463 ) ) ;
#1076 = EDGE_CURVE ( 'NONE', #469, #2543, #2305, .T. ) ;
#1077 = CARTESIAN_POINT ( 'NONE',  ( 1.260191413587278042, -1.664453123916059818, -6.860191413587279463 ) ) ;
#1078 = VERTEX_POINT ( 'NONE', #3229 ) ;
#1079 = CARTESIAN_POINT ( 'NONE',  ( -1.260191413587276044, -1.366796873916061861, -4.339808586412725155 ) ) ;
#1080 = ORIENTED_EDGE ( 'NONE', *, *, #2700, .T. ) ;
#1081 = AXIS2_PLACEMENT_3D ( 'NONE', #2245, #2553, #1323 ) ;
#1082 = CARTESIAN_POINT ( 'NONE',  ( -1.782179788281235133, -4.541796873916049471, -5.599999999999999645 ) ) ;
#1083 = CARTESIAN_POINT ( 'NONE',  ( -0.9563972768938640012, -5.186718750000000711, -6.556397276893870085 ) ) ;
#1084 = CARTESIAN_POINT ( 'NONE',  ( 5.165000000000000036, -4.700000000000000178, 16.69999999999999929 ) ) ;
#1085 = VECTOR ( 'NONE', #65, 1000.000000000000000 ) ;
#1086 = CYLINDRICAL_SURFACE ( 'NONE', #1351, 0.2500000000000000000 ) ;
#1087 = CARTESIAN_POINT ( 'NONE',  ( -1.782179788281249566, -5.385156248916065813, -6.338203038893299279 ) ) ;
#1088 = CIRCLE ( 'NONE', #2021, 0.6914084874568007244 ) ;
#1089 = CARTESIAN_POINT ( 'NONE',  ( 1.352550000000000141, -4.492187497832119902, -5.599999999999999645 ) ) ;
#1090 = CARTESIAN_POINT ( 'NONE',  ( -0.9563972768938648894, 1.560156252167880009, -4.643602723106139862 ) ) ;
#1091 = CARTESIAN_POINT ( 'NONE',  ( -1.260191413587276044, -4.740234373916059951, -6.860191413587279463 ) ) ;
#1092 = DIRECTION ( 'NONE',  ( 0.000000000000000000, 0.000000000000000000, -1.000000000000000000 ) ) ;
#1093 = CARTESIAN_POINT ( 'NONE',  ( -1.782179788281249566, -6.873437498916061372, -4.861796961106697346 ) ) ;
#1094 = EDGE_CURVE ( 'NONE', #678, #3661, #3588, .T. ) ;
#1095 = ORIENTED_EDGE ( 'NONE', *, *, #665, .T. ) ;
#1096 = CARTESIAN_POINT ( 'NONE',  ( 5.915000000000000036, -3.763250300240245316, 12.69999999999999929 ) ) ;
#1097 = CARTESIAN_POINT ( 'NONE',  ( 0.7382030388933050746, -1.714062498916062882, -7.382179788281247212 ) ) ;
#1098 = CARTESIAN_POINT ( 'NONE',  ( 8.186258590611629381E-16, -7.915234373916049115, -7.382179788281230337 ) ) ;
#1099 = CARTESIAN_POINT ( 'NONE',  ( -1.782179788281249566, -2.210156248916061106, -6.338203038893299279 ) ) ;
#1100 = EDGE_CURVE ( 'NONE', #1397, #1118, #2610, .T. ) ;
#1101 = ORIENTED_EDGE ( 'NONE', *, *, #1257, .F. ) ;
#1102 = APPLICATION_PROTOCOL_DEFINITION ( 'draft international standard', 'automotive_design', 1998, #1273 ) ;
#1103 = CARTESIAN_POINT ( 'NONE',  ( 8.596525246855120853E-17, -1.664453123916059818, -7.382179788281249877 ) ) ;
#1104 = ORIENTED_EDGE ( 'NONE', *, *, #25, .F. ) ;
#1105 = AXIS2_PLACEMENT_3D ( 'NONE', #2223, #2875, #62 ) ;
#1106 = CARTESIAN_POINT ( 'NONE',  ( -0.5602445537877294157, -5.732421875000005329, -4.247449999999998838 ) ) ;
#1107 = DIRECTION ( 'NONE',  ( 0.000000000000000000, 0.000000000000000000, 1.000000000000000000 ) ) ;
#1108 = CARTESIAN_POINT ( 'NONE',  ( -0.04049772396375603267, -3.150000000003222222, -7.381719599744007709 ) ) ;
#1109 = CARTESIAN_POINT ( 'NONE',  ( 7.255895915573390229E-16, -7.121484373916060484, -7.382179788281249877 ) ) ;
#1110 = AXIS2_PLACEMENT_3D ( 'NONE', #2042, #142, #1779 ) ;
#1111 = CARTESIAN_POINT ( 'NONE',  ( 1.352550000000000141, -4.492187497832119902, -5.599999999999999645 ) ) ;
#1112 = CARTESIAN_POINT ( 'NONE',  ( -1.352550000000000141, -5.682812497832120613, -5.599999999999999645 ) ) ;
#1113 = ORIENTED_EDGE ( 'NONE', *, *, #3883, .F. ) ;
#1114 = CARTESIAN_POINT ( 'NONE',  ( 0.9563972768938648894, 0.9648437521678779882, -4.643602723106139862 ) ) ;
#1115 = CARTESIAN_POINT ( 'NONE',  ( 1.782179788281250010, -3.450390623916060218, -5.599999999999999645 ) ) ;
#1116 = DIRECTION ( 'NONE',  ( 1.000000000000000000, 0.000000000000000000, 0.000000000000000000 ) ) ;
#1117 = CARTESIAN_POINT ( 'NONE',  ( 1.782179788281250010, -7.319921873916060306, -5.599999999999999645 ) ) ;
#1118 = VERTEX_POINT ( 'NONE', #2854 ) ;
#1119 = CARTESIAN_POINT ( 'NONE',  ( -0.9563972768938590052, -4.392968749999995204, -6.556397276893870085 ) ) ;
#1120 = CARTESIAN_POINT ( 'NONE',  ( 2.478591512543195208, 7.521408487456800351, -12.69999999999999929 ) ) ;
#1121 = CARTESIAN_POINT ( 'NONE',  ( 1.782179788281250010, -3.450390623916060218, -5.599999999999999645 ) ) ;
#1122 = CARTESIAN_POINT ( 'NONE',  ( 1.352549999999999031, 0.3199218771678780104, -6.160244553787730837 ) ) ;
#1123 = CARTESIAN_POINT ( 'NONE',  ( 1.260191413587278042, -0.2753906239160615055, -4.339808586412725155 ) ) ;
#1124 = ORIENTED_EDGE ( 'NONE', *, *, #3521, .T. ) ;
#1125 = DIRECTION ( 'NONE',  ( 1.000000000000000000, 0.000000000000000000, 0.000000000000000000 ) ) ;
#1126 = CYLINDRICAL_SURFACE ( 'NONE', #307, 1.352550000000000141 ) ;
#1127 = CARTESIAN_POINT ( 'NONE',  ( 1.260191413587278042, 0.4191406260839389830, -4.339808586412725155 ) ) ;
#1128 = ADVANCED_FACE ( 'NONE', ( #45 ), #2936, .F. ) ;
#1129 = CARTESIAN_POINT ( 'NONE',  ( -0.5602445537877294157, -4.938671874999998934, -4.247449999999998838 ) ) ;
#1130 = CARTESIAN_POINT ( 'NONE',  ( 1.404685491280415199, -8.150000000000080291, -6.651067494791430335 ) ) ;
#1131 = CARTESIAN_POINT ( 'NONE',  ( 1.352550000000000141, 2.453125000000000000, -5.599999999999999645 ) ) ;
#1132 = CARTESIAN_POINT ( 'NONE',  ( -1.782179788281249566, -6.873437498916061372, -4.861796961106697346 ) ) ;
#1133 = DIRECTION ( 'NONE',  ( 0.000000000000000000, 0.000000000000000000, 1.000000000000000000 ) ) ;
#1134 = CARTESIAN_POINT ( 'NONE',  ( 1.352550000000001473, -4.541796872832121856, -5.039755446212264900 ) ) ;
#1135 = VERTEX_POINT ( 'NONE', #376 ) ;
#1136 = CARTESIAN_POINT ( 'NONE',  ( -0.9563972768938648894, 1.361718752167878188, -6.556397276893870085 ) ) ;
#1137 = CARTESIAN_POINT ( 'NONE',  ( 1.782179788281249566, -3.400781248916060040, -6.338203038893300167 ) ) ;
#1138 = DIRECTION ( 'NONE',  ( -0.05977677641006572118, -0.9982117696170592636, 0.000000000000000000 ) ) ;
#1139 = LINE ( 'NONE', #3043, #819 ) ;
#1140 = EDGE_LOOP ( 'NONE', ( #2300, #427, #3957, #2725 ) ) ;
#1141 = CARTESIAN_POINT ( 'NONE',  ( 1.782179788281249566, -4.988281248916062616, -6.338203038893299279 ) ) ;
#1142 = CARTESIAN_POINT ( 'NONE',  ( -0.9563972768938640012, -7.964843747832119902, -4.643602723106139862 ) ) ;
#1143 = CARTESIAN_POINT ( 'NONE',  ( 1.782179788281249566, -3.301562498916058797, -6.338203038893299279 ) ) ;
#1144 = VERTEX_POINT ( 'NONE', #3168 ) ;
#1145 = CARTESIAN_POINT ( 'NONE',  ( -1.260191413587276044, -2.358984373916060306, -6.860191413587279463 ) ) ;
#1146 = EDGE_LOOP ( 'NONE', ( #2892, #3478 ) ) ;
#1147 = CARTESIAN_POINT ( 'NONE',  ( 0.9563972768938648894, -5.385156250000000533, -6.556397276893870085 ) ) ;
#1148 = CARTESIAN_POINT ( 'NONE',  ( -1.352550000000000141, -5.087500000000000355, -5.599999999999999645 ) ) ;
#1149 = EDGE_CURVE ( 'NONE', #1160, #1272, #413, .T. ) ;
#1150 = CARTESIAN_POINT ( 'NONE',  ( -1.352550000000000141, 2.850000000000000089, -5.599999999999999645 ) ) ;
#1151 = CARTESIAN_POINT ( 'NONE',  ( 8.186258590611629381E-16, -7.915234373916059774, -7.382179788281249877 ) ) ;
#1152 = CARTESIAN_POINT ( 'NONE',  ( 3.733278214750525237, -2.914944194102520036, 12.69999999999999929 ) ) ;
#1153 = CIRCLE ( 'NONE', #495, 1.199999999999999734 ) ;
#1154 = CARTESIAN_POINT ( 'NONE',  ( -0.5602445537877294157, -6.625390622832115994, -6.952550000000002228 ) ) ;
#1155 = ORIENTED_EDGE ( 'NONE', *, *, #122, .F. ) ;
#1156 = CARTESIAN_POINT ( 'NONE',  ( -1.352550000000000141, -5.682812497832120613, -5.599999999999999645 ) ) ;
#1157 = AXIS2_PLACEMENT_3D ( 'NONE', #1796, #3039, #1857 ) ;
#1158 = CARTESIAN_POINT ( 'NONE',  ( -1.782179788281249566, -9.254687498916059241, -4.861796961106697346 ) ) ;
#1159 = AXIS2_PLACEMENT_3D ( 'NONE', #2365, #2062, #3313 ) ;
#1160 = VERTEX_POINT ( 'NONE', #2004 ) ;
#1161 = CARTESIAN_POINT ( 'NONE',  ( -1.352549999999999031, -3.450390625000002931, -5.039755446212264900 ) ) ;
#1162 = CARTESIAN_POINT ( 'NONE',  ( -1.260191413587276044, -4.740234373916059951, -6.860191413587279463 ) ) ;
#1163 = CARTESIAN_POINT ( 'NONE',  ( 0.7382030388933050746, -3.202343748916063326, -7.382179788281247212 ) ) ;
#1164 = ORIENTED_EDGE ( 'NONE', *, *, #3393, .F. ) ;
#1165 = CARTESIAN_POINT ( 'NONE',  ( -1.782179788281250010, -3.847265623916060306, -5.599999999999999645 ) ) ;
#1166 = ORIENTED_EDGE ( 'NONE', *, *, #296, .T. ) ;
#1167 = CARTESIAN_POINT ( 'NONE',  ( 9.088955303489408415E-16, -8.460937500000000000, -6.952550000000000452 ) ) ;
#1168 = DIRECTION ( 'NONE',  ( -0.05977677641006572118, -0.9982117696170592636, 0.000000000000000000 ) ) ;
#1169 = DIRECTION ( 'NONE',  ( -1.000000000000000000, 0.000000000000000000, 0.000000000000000000 ) ) ;
#1170 = CARTESIAN_POINT ( 'NONE',  ( 1.782179788281250010, 2.105859376083939694, -5.599999999999999645 ) ) ;
#1171 = CYLINDRICAL_SURFACE ( 'NONE', #2860, 1.199999999999999734 ) ;
#1172 = DIRECTION ( 'NONE',  ( 0.000000000000000000, 0.000000000000000000, -1.000000000000000000 ) ) ;
#1173 = CARTESIAN_POINT ( 'NONE',  ( 1.352550000000000141, -6.079687497832120258, -5.599999999999999645 ) ) ;
#1174 = CARTESIAN_POINT ( 'NONE',  ( 0.9563972768938659996, -6.178906247832120613, -4.643602723106139862 ) ) ;
#1175 = AXIS2_PLACEMENT_3D ( 'NONE', #1603, #3476, #32 ) ;
#1176 = CARTESIAN_POINT ( 'NONE',  ( 0.7382030388933061849, -5.980468748916058175, -3.817820211718748968 ) ) ;
#1177 = CARTESIAN_POINT ( 'NONE',  ( 0.5602445537877316362, -3.847265622832121146, -4.247449999999998838 ) ) ;
#1178 = EDGE_CURVE ( 'NONE', #3348, #2217, #268, .T. ) ;
#1179 = DIRECTION ( 'NONE',  ( 0.000000000000000000, 0.000000000000000000, -1.000000000000000000 ) ) ;
#1180 = CARTESIAN_POINT ( 'NONE',  ( -0.9563972768938640012, -2.607031249999999911, -4.643602723106139862 ) ) ;
#1181 = CARTESIAN_POINT ( 'NONE',  ( -5.165000000000000036, -4.700000000000000178, 12.69999999999999929 ) ) ;
#1182 = CARTESIAN_POINT ( 'NONE',  ( -0.7382030388933050746, -4.492187498916058175, -3.817820211718748968 ) ) ;
#1183 = CARTESIAN_POINT ( 'NONE',  ( -1.352550000000000141, -6.476562497832119902, -5.599999999999999645 ) ) ;
#1184 = ORIENTED_EDGE ( 'NONE', *, *, #719, .F. ) ;
#1185 = CARTESIAN_POINT ( 'NONE',  ( -1.260191413587276044, -2.954296873916060218, -4.339808586412725155 ) ) ;
#1186 = VERTEX_POINT ( 'NONE', #1365 ) ;
#1187 = CARTESIAN_POINT ( 'NONE',  ( 0.9563972768938659996, -7.766406250000000178, -6.556397276893870085 ) ) ;
#1188 = CARTESIAN_POINT ( 'NONE',  ( 1.352550000000194208, -4.740234374999976019, -5.039755446212471846 ) ) ;
#1189 = CARTESIAN_POINT ( 'NONE',  ( -1.352549999999999031, 2.105859374999999201, -5.039755446212264900 ) ) ;
#1190 = CARTESIAN_POINT ( 'NONE',  ( 8.149999999999998579, -7.900000000000000355, -12.69999999999999929 ) ) ;
#1191 = CARTESIAN_POINT ( 'NONE',  ( -3.340514801712094942E-16, 2.850000000000000089, -5.599999999999999645 ) ) ;
#1192 = B_SPLINE_CURVE_WITH_KNOTS ( 'NONE', 3,
 ( #1011, #2274, #3537, #1973, #3559, #3303, #2095, #3647, #239, #1768, #1499, #2750 ),
 .UNSPECIFIED., .F., .F.,
 ( 4, 2, 2, 2, 2, 4 ),
 ( 1.852685484479510593E-18, 0.0003870612049338381959, 0.0007741224098676745486, 0.001548244819735347362, 0.002322367229603019851, 0.003096489639470692556 ),
 .UNSPECIFIED. ) ;
#1193 = CARTESIAN_POINT ( 'NONE',  ( -1.352549999999999031, -8.014453122832117415, -5.039755446212264900 ) ) ;
#1194 = EDGE_LOOP ( 'NONE', ( #2885, #1894, #3423 ) ) ;
#1195 = CARTESIAN_POINT ( 'NONE',  ( 0.7382030388933072951, -6.774218748916054800, -3.817820211718748968 ) ) ;
#1196 = CARTESIAN_POINT ( 'NONE',  ( -3.340514801712094942E-16, 2.850000000000000089, -5.599999999999999645 ) ) ;
#1197 = CARTESIAN_POINT ( 'NONE',  ( -1.782179788281249566, -8.560156248916058530, -6.338203038893299279 ) ) ;
#1198 = CARTESIAN_POINT ( 'NONE',  ( 1.352550000000000141, -3.103124999999999911, -5.599999999999999645 ) ) ;
#1199 = ADVANCED_FACE ( 'NONE', ( #1637 ), #1325, .F. ) ;
#1200 = CARTESIAN_POINT ( 'NONE',  ( 1.782179788281250010, -4.244140623916059951, -5.599999999999999645 ) ) ;
#1201 = B_SPLINE_CURVE_WITH_KNOTS ( 'NONE', 3,
 ( #2152, #917, #3409, #26, #3148, #1844, #2170, #3084 ),
 .UNSPECIFIED., .F., .F.,
 ( 4, 2, 2, 4 ),
 ( 4.744759471155646190E-14, 0.0007046105344451097409, 0.001056915801643940750, 0.001409221068842771759 ),
 .UNSPECIFIED. ) ;
#1202 = VERTEX_POINT ( 'NONE', #2897 ) ;
#1203 = CARTESIAN_POINT ( 'NONE',  ( 1.352550000000000141, -4.492187497832119902, -5.599999999999999645 ) ) ;
#1204 = ADVANCED_FACE ( 'NONE', ( #80 ), #1343, .F. ) ;
#1205 = CARTESIAN_POINT ( 'NONE',  ( -1.782179788281249566, -3.103124998916062527, -6.338203038893299279 ) ) ;
#1206 = VERTEX_POINT ( 'NONE', #3569 ) ;
#1207 = CARTESIAN_POINT ( 'NONE',  ( 1.850000000000000089, 7.521408487456800351, 12.69999999999999929 ) ) ;
#1208 = CARTESIAN_POINT ( 'NONE',  ( 9.145477997229248762E-16, -5.682812500000040679, -4.247449999999934889 ) ) ;
#1209 = CARTESIAN_POINT ( 'NONE',  ( 1.352549999999999031, -0.7714843750000017764, -5.039755446212264900 ) ) ;
#1210 =( NAMED_UNIT ( * ) SI_UNIT ( $, .STERADIAN. ) SOLID_ANGLE_UNIT ( ) );
#1211 = DIRECTION ( 'NONE',  ( -1.000000000000000000, 0.000000000000000000, 0.000000000000000000 ) ) ;
#1212 = CARTESIAN_POINT ( 'NONE',  ( 1.352550000000000141, -8.460937497832121679, -5.599999999999999645 ) ) ;
#1213 = FACE_OUTER_BOUND ( 'NONE', #3343, .T. ) ;
#1214 = CARTESIAN_POINT ( 'NONE',  ( 1.782179788281250010, -6.625390623916060484, -5.599999999999999645 ) ) ;
#1215 = CARTESIAN_POINT ( 'NONE',  ( -1.782179788281250010, 1.708984376083940049, -5.599999999999999645 ) ) ;
#1216 = CARTESIAN_POINT ( 'NONE',  ( 0.7382030388933050746, -5.682812498916062438, -7.382179788281247212 ) ) ;
#1217 = DIRECTION ( 'NONE',  ( -0.05977677641006642201, 0.9982117696170591525, 0.000000000000000000 ) ) ;
#1218 = CARTESIAN_POINT ( 'NONE',  ( -3.106058958645210311, 7.558983661755359407, 12.69999999999999929 ) ) ;
#1219 = CARTESIAN_POINT ( 'NONE',  ( 0.9563972768938648894, -2.408593750000000089, -4.643602723106139862 ) ) ;
#1220 = CIRCLE ( 'NONE', #1755, 1.199999999999999734 ) ;
#1221 = CARTESIAN_POINT ( 'NONE',  ( 1.782179788281250010, -5.831640623916060306, -5.599999999999999645 ) ) ;
#1222 = VECTOR ( 'NONE', #355, 1000.000000000000000 ) ;
#1223 = CARTESIAN_POINT ( 'NONE',  ( 1.260191413587278042, -3.450390623916060218, -4.339808586412725155 ) ) ;
#1224 = VERTEX_POINT ( 'NONE', #732 ) ;
#1225 = CARTESIAN_POINT ( 'NONE',  ( -1.352550000000909636, -6.625390625000146194, -5.039755446213077583 ) ) ;
#1226 = CARTESIAN_POINT ( 'NONE',  ( 7.550640758728589549E-16, -3.648828123916060484, -3.817820211718750301 ) ) ;
#1227 = AXIS2_PLACEMENT_3D ( 'NONE', #3831, #2906, #88 ) ;
#1228 = ORIENTED_EDGE ( 'NONE', *, *, #2785, .T. ) ;
#1229 = CARTESIAN_POINT ( 'NONE',  ( -0.9563972768938648894, -0.2257812478321220007, -6.556397276893870085 ) ) ;
#1230 = ADVANCED_FACE ( 'NONE', ( #2976 ), #3639, .F. ) ;
#1231 = CARTESIAN_POINT ( 'NONE',  ( -1.352550000000000141, -6.675000000000000711, -5.599999999999999645 ) ) ;
#1232 = DIRECTION ( 'NONE',  ( 0.000000000000000000, 0.000000000000000000, -1.000000000000000000 ) ) ;
#1233 = CARTESIAN_POINT ( 'NONE',  ( -1.352550000000000141, -1.118749999999999911, -5.599999999999999645 ) ) ;
#1234 = VERTEX_POINT ( 'NONE', #1111 ) ;
#1235 = CARTESIAN_POINT ( 'NONE',  ( -8.149999999999998579, -8.149999999999998579, 12.69999999999999929 ) ) ;
#1236 = CARTESIAN_POINT ( 'NONE',  ( -1.352549999999999031, -8.113671872832124876, -6.160244553787730837 ) ) ;
#1237 = CARTESIAN_POINT ( 'NONE',  ( -5.165000000000000036, -4.700000000000000178, 6.700000000000000178 ) ) ;
#1238 = CARTESIAN_POINT ( 'NONE',  ( 1.034172878384329714E-15, -6.030078123916060129, -3.817820211718750301 ) ) ;
#1239 = CARTESIAN_POINT ( 'NONE',  ( -0.7382030388933050746, 2.353906251083938805, -7.382179788281247212 ) ) ;
#1240 = CARTESIAN_POINT ( 'NONE',  ( 1.034172878384329714E-15, -6.030078123916060129, -3.817820211718750301 ) ) ;
#1241 = AXIS2_PLACEMENT_3D ( 'NONE', #3506, #1651, #653 ) ;
#1242 = DIRECTION ( 'NONE',  ( 1.414368223951314019E-15, -1.000000000000000000, 0.000000000000000000 ) ) ;
#1243 = CIRCLE ( 'NONE', #2227, 0.2500000000000002220 ) ;
#1244 = CARTESIAN_POINT ( 'NONE',  ( 1.782179788281250010, 2.205078126083940049, -5.599999999999999645 ) ) ;
#1245 = CARTESIAN_POINT ( 'NONE',  ( 6.582645735676950771, -3.149999999999999911, 12.69999999999999929 ) ) ;
#1246 = CARTESIAN_POINT ( 'NONE',  ( -1.260191413587276044, -6.327734373916060306, -6.860191413587279463 ) ) ;
#1247 =( BOUNDED_CURVE ( )  B_SPLINE_CURVE ( 2, ( #4004, #2088, #1174, #2429, #3683, #1760, #1784, #3405, #2447 ),
 .UNSPECIFIED., .F., .F. ) 
 B_SPLINE_CURVE_WITH_KNOTS ( ( 3, 2, 2, 2, 3 ),
 ( 0.6562500000000000000, 0.6640625000000000000, 0.6718750000000000000, 0.6796875000000000000, 0.6875000000000000000 ),
 .UNSPECIFIED. ) 
 CURVE ( )  GEOMETRIC_REPRESENTATION_ITEM ( )  RATIONAL_B_SPLINE_CURVE ( ( 1.000000000000000000, 0.9238795325112859613, 1.000000000000000000, 0.9238795325112869605, 1.000000000000000000, 0.9238795325112869605, 1.000000000000000000, 0.9238795325112889589, 1.000000000000000000 ) ) 
 REPRESENTATION_ITEM ( '' )  );
#1248 = CARTESIAN_POINT ( 'NONE',  ( 0.7382030388933050746, -3.996093748916059063, -7.382179788281247212 ) ) ;
#1249 = ORIENTED_EDGE ( 'NONE', *, *, #2260, .T. ) ;
#1250 = CARTESIAN_POINT ( 'NONE',  ( -0.9563972768939139613, -6.575781250000040323, -4.643602723106090124 ) ) ;
#1251 = CARTESIAN_POINT ( 'NONE',  ( -3.965000000000000746, -4.700000000000000178, 6.700000000000000178 ) ) ;
#1252 = CARTESIAN_POINT ( 'NONE',  ( 1.782179788281250010, -8.907421873916058885, -5.599999999999999645 ) ) ;
#1253 = ORIENTED_EDGE ( 'NONE', *, *, #892, .F. ) ;
#1254 = CARTESIAN_POINT ( 'NONE',  ( 1.193656602234380056E-15, -8.064062500000000355, -4.247449999999999726 ) ) ;
#1255 = DIRECTION ( 'NONE',  ( -0.01738260385761315058, -0.9998489111276409602, 0.000000000000000000 ) ) ;
#1256 = CARTESIAN_POINT ( 'NONE',  ( 0.5602445537877306370, 0.7167968749999984457, -4.247449999999998838 ) ) ;
#1257 = EDGE_CURVE ( 'NONE', #2707, #1969, #3533, .T. ) ;
#1258 = ORIENTED_EDGE ( 'NONE', *, *, #3184, .F. ) ;
#1259 = CARTESIAN_POINT ( 'NONE',  ( 1.170397535104323992E-15, -7.865624997832120435, -4.247449999999999726 ) ) ;
#1260 = CARTESIAN_POINT ( 'NONE',  ( 3.982831157154790080, -3.149999999999999911, 12.69999999999999929 ) ) ;
#1261 = CARTESIAN_POINT ( 'NONE',  ( -1.782179788281250010, -6.228515623916059951, -5.599999999999999645 ) ) ;
#1262 = EDGE_CURVE ( 'NONE', #1313, #2040, #3924, .T. ) ;
#1263 = CARTESIAN_POINT ( 'NONE',  ( -3.340514801712094942E-16, 2.850000000000000089, -5.599999999999999645 ) ) ;
#1264 = CARTESIAN_POINT ( 'NONE',  ( -1.782179788281249566, 1.857812501083939694, -4.861796961106697346 ) ) ;
#1265 = ORIENTED_EDGE ( 'NONE', *, *, #537, .T. ) ;
#1266 = DIRECTION ( 'NONE',  ( 0.000000000000000000, 0.000000000000000000, -1.000000000000000000 ) ) ;
#1267 = CARTESIAN_POINT ( 'NONE',  ( 1.782179788281249566, -5.782031248916056576, -6.338203038893299279 ) ) ;
#1268 = ORIENTED_EDGE ( 'NONE', *, *, #690, .T. ) ;
#1269 = CARTESIAN_POINT ( 'NONE',  ( 1.007584067226749975E-15, -6.476562500000039968, -4.247449999999929560 ) ) ;
#1270 = DIRECTION ( 'NONE',  ( 0.000000000000000000, 0.000000000000000000, -1.000000000000000000 ) ) ;
#1271 = CARTESIAN_POINT ( 'NONE',  ( -1.782179788281249566, 0.8656250010839381392, -6.338203038893299279 ) ) ;
#1272 = VERTEX_POINT ( 'NONE', #1468 ) ;
#1273 = APPLICATION_CONTEXT ( 'automotive_design' ) ;
#1274 = CARTESIAN_POINT ( 'NONE',  ( -1.782179788281249566, 1.758593751083938672, -6.338203038893299279 ) ) ;
#1275 = CARTESIAN_POINT ( 'NONE',  ( 3.965000000000000746, -4.700000000000000178, -12.69999999999999929 ) ) ;
#1276 = CARTESIAN_POINT ( 'NONE',  ( -1.145034121931199820E-16, 0.2703125000000000111, -6.952550000000000452 ) ) ;
#1277 = ORIENTED_EDGE ( 'NONE', *, *, #3579, .T. ) ;
#1278 = CARTESIAN_POINT ( 'NONE',  ( -4.415000000000000036, -3.149999999999999911, -12.69999999999999929 ) ) ;
#1279 = DIRECTION ( 'NONE',  ( 1.000000000000000000, 0.000000000000000000, 0.000000000000000000 ) ) ;
#1280 = ADVANCED_FACE ( 'NONE', ( #771 ), #512, .F. ) ;
#1281 = CARTESIAN_POINT ( 'NONE',  ( -1.352550000000000141, -8.064062497832120258, -5.599999999999999645 ) ) ;
#1282 = LINE ( 'NONE', #1065, #4057 ) ;
#1283 = CARTESIAN_POINT ( 'NONE',  ( -0.7382030388933039644, -7.171093748916058885, -7.382179788281247212 ) ) ;
#1284 = CARTESIAN_POINT ( 'NONE',  ( -3.733278214750519908, -2.914944194102520036, -12.69999999999999929 ) ) ;
#1285 = ADVANCED_FACE ( 'NONE', ( #3355 ), #1171, .F. ) ;
#1286 = CARTESIAN_POINT ( 'NONE',  ( -0.7382030388933050746, 0.07187500108393836407, -7.382179788281247212 ) ) ;
#1287 = ORIENTED_EDGE ( 'NONE', *, *, #324, .T. ) ;
#1288 = CARTESIAN_POINT ( 'NONE',  ( 6.365000000000000213, -4.700000000000000178, 16.69999999999999929 ) ) ;
#1289 = CARTESIAN_POINT ( 'NONE',  ( 1.352549999999999697, 2.850000000000000089, -5.599999999999999645 ) ) ;
#1290 = ORIENTED_EDGE ( 'NONE', *, *, #3835, .F. ) ;
#1291 = CARTESIAN_POINT ( 'NONE',  ( -0.5602445537877586146, -6.526171875000045475, -4.247449999999927783 ) ) ;
#1292 = DIRECTION ( 'NONE',  ( -4.820170531435389821E-47, 1.000000000000000000, -7.516496712678489393E-32 ) ) ;
#1293 = CARTESIAN_POINT ( 'NONE',  ( 0.7382030388933039644, 2.254687501083938006, -7.382179788281247212 ) ) ;
#1294 = VERTEX_POINT ( 'NONE', #2426 ) ;
#1295 = AXIS2_PLACEMENT_3D ( 'NONE', #687, #1339, #2301 ) ;
#1296 = CARTESIAN_POINT ( 'NONE',  ( -1.260191413587264053, -5.434765623916050004, -6.860191413587270581 ) ) ;
#1297 = CARTESIAN_POINT ( 'NONE',  ( 1.260191413587278042, 0.5183593760839380060, -4.339808586412725155 ) ) ;
#1298 = CARTESIAN_POINT ( 'NONE',  ( -1.432300529082845442, -3.150000000000001688, -6.615664682567024890 ) ) ;
#1299 = CIRCLE ( 'NONE', #1366, 1.199999999999999734 ) ;
#1300 = VERTEX_POINT ( 'NONE', #189 ) ;
#1301 = CARTESIAN_POINT ( 'NONE',  ( 3.982831157154790080, -2.899999999999999911, 12.69999999999999929 ) ) ;
#1302 = CARTESIAN_POINT ( 'NONE',  ( -1.260191413587264053, -3.847265623916050092, -6.860191413587270581 ) ) ;
#1303 = FACE_OUTER_BOUND ( 'NONE', #756, .T. ) ;
#1304 = CARTESIAN_POINT ( 'NONE',  ( 8.149999999999998579, -7.900000000000000355, 12.69999999999999929 ) ) ;
#1305 = CARTESIAN_POINT ( 'NONE',  ( 8.302553924991409768E-16, -8.014453123916061017, -7.382179788281249877 ) ) ;
#1306 = CARTESIAN_POINT ( 'NONE',  ( 0.4452802375768467602, -8.150000000000002132, -4.095409376077046026 ) ) ;
#1307 = CARTESIAN_POINT ( 'NONE',  ( 0.5602445537877294157, -0.3746093728321217564, -6.952550000000002228 ) ) ;
#1308 = CARTESIAN_POINT ( 'NONE',  ( -0.7382030388933050746, 0.3695312510839379172, -3.817820211718748968 ) ) ;
#1309 = ORIENTED_EDGE ( 'NONE', *, *, #3235, .F. ) ;
#1310 = CARTESIAN_POINT ( 'NONE',  ( 1.220245413391975967E-15, -7.617578123916060484, -3.817820211718750301 ) ) ;
#1311 = EDGE_CURVE ( 'NONE', #462, #2521, #1088, .T. ) ;
#1312 = VECTOR ( 'NONE', #2493, 1000.000000000000000 ) ;
#1313 = VERTEX_POINT ( 'NONE', #2956 ) ;
#1314 = CARTESIAN_POINT ( 'NONE',  ( -1.782179788281250010, -9.304296873916058530, -5.599999999999999645 ) ) ;
#1315 = VERTEX_POINT ( 'NONE', #3018 ) ;
#1316 = CARTESIAN_POINT ( 'NONE',  ( -1.352550000000000141, -9.056250000000000355, -5.599999999999999645 ) ) ;
#1317 = CARTESIAN_POINT ( 'NONE',  ( 1.260191413587280040, -4.244140623916059951, -4.339808586412725155 ) ) ;
#1318 = CYLINDRICAL_SURFACE ( 'NONE', #3823, 0.6914084874568007244 ) ;
#1319 = CARTESIAN_POINT ( 'NONE',  ( 1.782179788281250010, 1.312109376083939960, -5.599999999999999645 ) ) ;
#1320 = CYLINDRICAL_SURFACE ( 'NONE', #2276, 1.352550000000000141 ) ;
#1321 = CARTESIAN_POINT ( 'NONE',  ( 0.7382030388932996345, -3.499999998916049737, -3.817820211718765400 ) ) ;
#1322 = DIRECTION ( 'NONE',  ( 0.000000000000000000, 0.000000000000000000, 1.000000000000000000 ) ) ;
#1323 = DIRECTION ( 'NONE',  ( 0.000000000000000000, 0.000000000000000000, -1.000000000000000000 ) ) ;
#1324 = DIRECTION ( 'NONE',  ( 0.000000000000000000, 0.000000000000000000, -1.000000000000000000 ) ) ;
#1325 = PLANE ( 'NONE',  #2153 ) ;
#1326 = CARTESIAN_POINT ( 'NONE',  ( -1.352550000000000141, -2.507812497832119902, -5.599999999999999645 ) ) ;
#1327 = CARTESIAN_POINT ( 'NONE',  ( 0.7382030388933061849, -8.857812498916056043, -7.382179788281247212 ) ) ;
#1328 = CARTESIAN_POINT ( 'NONE',  ( -1.850000000000000089, -3.149999999999999911, -12.69999999999999929 ) ) ;
#1329 = EDGE_CURVE ( 'NONE', #3599, #221, #2086, .T. ) ;
#1330 = ORIENTED_EDGE ( 'NONE', *, *, #1862, .T. ) ;
#1331 = LINE ( 'NONE', #1034, #3331 ) ;
#1332 = CARTESIAN_POINT ( 'NONE',  ( 1.260191413587278042, -1.962109373916059996, -4.339808586412725155 ) ) ;
#1333 = CARTESIAN_POINT ( 'NONE',  ( -1.782179788281233135, -7.766406248916053023, -6.338203038893288621 ) ) ;
#1334 = CARTESIAN_POINT ( 'NONE',  ( -1.260191413587278042, 2.502734376083940226, -6.860191413587279463 ) ) ;
#1335 = CARTESIAN_POINT ( 'NONE',  ( 1.260191413587278042, -4.045703123916060129, -6.860191413587279463 ) ) ;
#1336 = CARTESIAN_POINT ( 'NONE',  ( 6.586916493176069309, -2.904345650964405223, -12.69999999999999929 ) ) ;
#1337 = CARTESIAN_POINT ( 'NONE',  ( -4.415000000000000036, -3.149999999999999911, -12.69999999999999929 ) ) ;
#1338 = ORIENTED_EDGE ( 'NONE', *, *, #3294, .F. ) ;
#1339 = DIRECTION ( 'NONE',  ( 0.000000000000000000, 0.000000000000000000, -1.000000000000000000 ) ) ;
#1340 = DIRECTION ( 'NONE',  ( 1.000000000000000000, 0.000000000000000000, 0.000000000000000000 ) ) ;
#1341 = CARTESIAN_POINT ( 'NONE',  ( 5.165000000000000036, -4.700000000000000178, 6.700000000000000178 ) ) ;
#1342 = DIRECTION ( 'NONE',  ( 0.000000000000000000, 1.000000000000000000, 0.000000000000000000 ) ) ;
#1343 = CYLINDRICAL_SURFACE ( 'NONE', #2922, 1.199999999999999734 ) ;
#1344 = VECTOR ( 'NONE', #2209, 1000.000000000000000 ) ;
#1345 = CARTESIAN_POINT ( 'NONE',  ( 0.9563972768938648894, -0.4242187478321220451, -6.556397276893870085 ) ) ;
#1346 = CARTESIAN_POINT ( 'NONE',  ( 1.260191413587280040, -7.518359373916060129, -4.339808586412725155 ) ) ;
#1347 = CARTESIAN_POINT ( 'NONE',  ( -1.352550000000004582, -7.319921872832114040, -6.160244553787726396 ) ) ;
#1348 = VECTOR ( 'NONE', #2817, 1000.000000000000000 ) ;
#1349 = CARTESIAN_POINT ( 'NONE',  ( 1.782179788281249566, -1.019531248916059951, -6.338203038893299279 ) ) ;
#1350 = CARTESIAN_POINT ( 'NONE',  ( 1.782179788281235133, -6.526171873916049471, -5.599999999999999645 ) ) ;
#1351 = AXIS2_PLACEMENT_3D ( 'NONE', #454, #2974, #3567 ) ;
#1352 = CARTESIAN_POINT ( 'NONE',  ( 0.7382030388933039644, 1.560156251083937518, -7.382179788281247212 ) ) ;
#1353 = CARTESIAN_POINT ( 'NONE',  ( 4.464807890458679677E-16, -4.740234373916059951, -7.382179788281249877 ) ) ;
#1354 = FACE_OUTER_BOUND ( 'NONE', #1728, .T. ) ;
#1355 = CARTESIAN_POINT ( 'NONE',  ( 1.782179788281249566, 2.155468751083936763, -6.338203038893299279 ) ) ;
#1356 = AXIS2_PLACEMENT_3D ( 'NONE', #463, #2413, #2711 ) ;
#1357 = VERTEX_POINT ( 'NONE', #1152 ) ;
#1358 = FACE_OUTER_BOUND ( 'NONE', #1851, .T. ) ;
#1359 = ADVANCED_FACE ( 'NONE', ( #832 ), #527, .F. ) ;
#1360 = CARTESIAN_POINT ( 'NONE',  ( 1.260191413587265830, -4.244140623916049293, -4.339808586412740254 ) ) ;
#1361 = CIRCLE ( 'NONE', #178, 0.2500000000000002220 ) ;
#1362 = CARTESIAN_POINT ( 'NONE',  ( 6.336954265394160402, -2.899999999999999911, -12.69999999999999929 ) ) ;
#1363 = DIRECTION ( 'NONE',  ( 0.000000000000000000, -1.000000000000000000, 0.000000000000000000 ) ) ;
#1364 = CARTESIAN_POINT ( 'NONE',  ( 7.372191249953170616E-16, -7.220703123916059951, -7.382179788281249877 ) ) ;
#1365 = CARTESIAN_POINT ( 'NONE',  ( -1.352550000000000141, -3.500000000000000000, -5.600000000000100009 ) ) ;
#1366 = AXIS2_PLACEMENT_3D ( 'NONE', #1181, #2391, #2670 ) ;
#1367 = CARTESIAN_POINT ( 'NONE',  ( 1.352550000000000141, -2.110937497832119814, -5.599999999999999645 ) ) ;
#1368 = CARTESIAN_POINT ( 'NONE',  ( 8.302553924991409768E-16, -8.014453123916061017, -7.382179788281249877 ) ) ;
#1369 = CARTESIAN_POINT ( 'NONE',  ( 4.464807890458679677E-16, -4.740234373916059951, -7.382179788281249877 ) ) ;
#1370 = VERTEX_POINT ( 'NONE', #2813 ) ;
#1371 = CARTESIAN_POINT ( 'NONE',  ( -1.782179788281249566, -1.515624998916060617, -6.338203038893299279 ) ) ;
#1372 = AXIS2_PLACEMENT_3D ( 'NONE', #210, #3098, #283 ) ;
#1373 = CARTESIAN_POINT ( 'NONE',  ( 1.260191413587278042, -2.458203123916060218, -6.860191413587279463 ) ) ;
#1374 = ORIENTED_EDGE ( 'NONE', *, *, #3340, .F. ) ;
#1375 = AXIS2_PLACEMENT_3D ( 'NONE', #2552, #2851, #42 ) ;
#1376 = CARTESIAN_POINT ( 'NONE',  ( 1.352550000000000141, -1.515625000000000000, -5.599999999999999645 ) ) ;
#1377 = CARTESIAN_POINT ( 'NONE',  ( 1.782179788281250010, -0.2753906239160605063, -5.599999999999999645 ) ) ;
#1378 = ORIENTED_EDGE ( 'NONE', *, *, #2563, .F. ) ;
#1379 = CARTESIAN_POINT ( 'NONE',  ( -1.260191413587264053, -4.442578123916050004, -4.339808586412740254 ) ) ;
#1380 =( BOUNDED_CURVE ( )  B_SPLINE_CURVE ( 2, ( #3702, #871, #1593, #3376, #2486, #2462, #2200, #22, #3143 ),
 .UNSPECIFIED., .F., .F. ) 
 B_SPLINE_CURVE_WITH_KNOTS ( ( 3, 2, 2, 2, 3 ),
 ( 0.1061882668265029944, 0.1072499746496290013, 0.1083116824727548000, 0.1093733902958805987, 0.1104350981190066056 ),
 .UNSPECIFIED. ) 
 CURVE ( )  GEOMETRIC_REPRESENTATION_ITEM ( )  RATIONAL_B_SPLINE_CURVE ( ( 1.000000000000206057, 0.9238795325110799039, 1.000000000000000000, 0.9238795325112869605, 1.000000000000000000, 0.9238795325112869605, 1.000000000000000000, 0.9238795325115729540, 0.9999999999997140065 ) ) 
 REPRESENTATION_ITEM ( '' )  );
#1381 = CARTESIAN_POINT ( 'NONE',  ( 1.352550000000001473, -4.641015625000002309, -6.160244553787730837 ) ) ;
#1382 = DIRECTION ( 'NONE',  ( 0.000000000000000000, 0.000000000000000000, 1.000000000000000000 ) ) ;
#1383 = ADVANCED_FACE ( 'NONE', ( #1573 ), #2760, .T. ) ;
#1384 = DIRECTION ( 'NONE',  ( 1.000000000000000000, 0.000000000000000000, 0.000000000000000000 ) ) ;
#1385 = CARTESIAN_POINT ( 'NONE',  ( -1.260191413587276044, -5.434765623916060662, -6.860191413587279463 ) ) ;
#1386 = DIRECTION ( 'NONE',  ( -1.000000000000000000, 0.000000000000000000, 0.000000000000000000 ) ) ;
#1387 = CARTESIAN_POINT ( 'NONE',  ( 1.413463231882956013E-16, -1.912499997832119991, -6.952550000000000452 ) ) ;
#1388 = CARTESIAN_POINT ( 'NONE',  ( 1.260191413587278042, -1.069140623916061905, -4.339808586412725155 ) ) ;
#1389 = ORIENTED_EDGE ( 'NONE', *, *, #317, .T. ) ;
#1390 = CARTESIAN_POINT ( 'NONE',  ( -1.260191413587276044, -9.304296873916058530, -4.339808586412725155 ) ) ;
#1391 = CARTESIAN_POINT ( 'NONE',  ( 1.782179788281249566, -5.782031248916056576, -4.861796961106697346 ) ) ;
#1392 = VERTEX_POINT ( 'NONE', #1876 ) ;
#1393 = CARTESIAN_POINT ( 'NONE',  ( -0.7382030388933039644, -7.964843748916065280, -7.382179788281247212 ) ) ;
#1394 = CARTESIAN_POINT ( 'NONE',  ( -0.7382030388933050746, -2.110937498916060306, -3.817820211718748968 ) ) ;
#1395 = CARTESIAN_POINT ( 'NONE',  ( 1.782179788281233135, -6.476562498916048405, -6.338203038893288621 ) ) ;
#1396 = CARTESIAN_POINT ( 'NONE',  ( -1.117368159770741921E-16, 0.02226562608393820031, -7.382179788281249877 ) ) ;
#1397 = VERTEX_POINT ( 'NONE', #1190 ) ;
#1398 = CARTESIAN_POINT ( 'NONE',  ( 3.829190058575634914E-16, -0.4738281239160609948, -3.817820211718750301 ) ) ;
#1399 = CARTESIAN_POINT ( 'NONE',  ( 1.352550000000001473, -6.327734374999999467, -5.039755446212264900 ) ) ;
#1400 = CARTESIAN_POINT ( 'NONE',  ( 1.850000000000000089, -2.899999999999999911, 12.69999999999999929 ) ) ;
#1401 = CARTESIAN_POINT ( 'NONE',  ( -8.149999999999998579, -8.149999999999998579, 12.69999999999999929 ) ) ;
#1402 = CARTESIAN_POINT ( 'NONE',  ( 0.7382030388933061849, -7.171093748916058885, -7.382179788281247212 ) ) ;
#1403 =( BOUNDED_CURVE ( )  B_SPLINE_CURVE ( 2, ( #2302, #3566, #3183, #373, #98, #2597, #1045, #1693, #3165 ),
 .UNSPECIFIED., .F., .T. ) 
 B_SPLINE_CURVE_WITH_KNOTS ( ( 3, 2, 2, 2, 3 ),
 ( 0.5937500000000000000, 0.6015625000000000000, 0.6093750000000000000, 0.6171875000000000000, 0.6250000000000000000 ),
 .UNSPECIFIED. ) 
 CURVE ( )  GEOMETRIC_REPRESENTATION_ITEM ( )  RATIONAL_B_SPLINE_CURVE ( ( 1.000000000000000000, 0.9238795325112859613, 1.000000000000000000, 0.9238795325112869605, 1.000000000000000000, 0.9238795325112869605, 1.000000000000000000, 0.9238795325112889589, 1.000000000000000000 ) ) 
 REPRESENTATION_ITEM ( '' )  );
#1404 = EDGE_CURVE ( 'NONE', #3417, #600, #1380, .T. ) ;
#1405 = CARTESIAN_POINT ( 'NONE',  ( -1.352549999999999031, -5.732421872832113685, -6.160244553787730837 ) ) ;
#1406 = CARTESIAN_POINT ( 'NONE',  ( 1.782179788281249566, -4.988281248916061728, -6.338203038893300167 ) ) ;
#1407 = CARTESIAN_POINT ( 'NONE',  ( -0.9563972768938640012, -3.996093747832119902, -4.643602723106139862 ) ) ;
#1408 = EDGE_CURVE ( 'NONE', #488, #469, #546, .T. ) ;
#1409 = CARTESIAN_POINT ( 'NONE',  ( 1.115579612450173914E-15, -6.724609373916059951, -3.817820211718750301 ) ) ;
#1410 = ORIENTED_EDGE ( 'NONE', *, *, #1044, .F. ) ;
#1411 = CARTESIAN_POINT ( 'NONE',  ( 4.437141928298220052E-16, -4.492187499999994671, -6.952550000000000452 ) ) ;
#1412 = DIRECTION ( 'NONE',  ( -8.881784197001251337E-16, 0.000000000000000000, 1.000000000000000000 ) ) ;
#1413 = CARTESIAN_POINT ( 'NONE',  ( 1.260191413587278042, -2.557421873916060129, -6.860191413587279463 ) ) ;
#1414 = CARTESIAN_POINT ( 'NONE',  ( 1.782179788281233135, -8.064062498916049648, -6.338203038893288621 ) ) ;
#1415 = CARTESIAN_POINT ( 'NONE',  ( 1.782179788281250010, -0.9699218739160619940, -5.599999999999999645 ) ) ;
#1416 = EDGE_LOOP ( 'NONE', ( #3830, #337, #3917, #2688, #3317, #3667, #508, #949, #1389, #1751, #570, #2346, #1730, #2633, #3161, #3260, #1063, #2746, #3176 ) ) ;
#1417 =( NAMED_UNIT ( * ) SI_UNIT ( $, .STERADIAN. ) SOLID_ANGLE_UNIT ( ) );
#1418 = CARTESIAN_POINT ( 'NONE',  ( 2.898827383537399707E-16, 0.3199218760839389608, -3.817820211718750301 ) ) ;
#1419 = VERTEX_POINT ( 'NONE', #3118 ) ;
#1420 = B_SPLINE_CURVE_WITH_KNOTS ( 'NONE', 3,
 ( #23, #61, #3545, #2261, #1877, #1001 ),
 .UNSPECIFIED., .F., .F.,
 ( 4, 2, 4 ),
 ( 2.267719710629455856E-17, 0.0003114632975841394552, 0.0006229265951682562506 ),
 .UNSPECIFIED. ) ;
#1421 = CARTESIAN_POINT ( 'NONE',  ( -1.352549999999999031, -5.831640625000001243, -5.039755446212264900 ) ) ;
#1422 = DIRECTION ( 'NONE',  ( 0.000000000000000000, 0.000000000000000000, 1.000000000000000000 ) ) ;
#1423 = CIRCLE ( 'NONE', #2605, 0.2500000000000002220 ) ;
#1424 = CARTESIAN_POINT ( 'NONE',  ( 3.747354264323064843, -3.149999999999999911, -12.69999999999999929 ) ) ;
#1425 = CARTESIAN_POINT ( 'NONE',  ( -0.7382030388933039644, -5.484374998916059951, -7.382179788281247212 ) ) ;
#1426 = AXIS2_PLACEMENT_3D ( 'NONE', #3689, #841, #778 ) ;
#1427 = CARTESIAN_POINT ( 'NONE',  ( -0.5602445537877294157, -4.244140622832119014, -6.952550000000002228 ) ) ;
#1428 = CARTESIAN_POINT ( 'NONE',  ( -1.260191413587276044, -1.267578123916061950, -4.339808586412725155 ) ) ;
#1429 = CARTESIAN_POINT ( 'NONE',  ( 0.5602445537877306370, 0.9152343771678780326, -4.247449999999998838 ) ) ;
#1430 = CARTESIAN_POINT ( 'NONE',  ( -0.7382030388933039644, -5.583593748916055866, -7.382179788281247212 ) ) ;
#1431 = CARTESIAN_POINT ( 'NONE',  ( 0.5602445537877306370, -5.930859372832116172, -6.952550000000002228 ) ) ;
#1432 = CARTESIAN_POINT ( 'NONE',  ( 5.395170565496919814E-16, -5.533984373916060129, -7.382179788281249877 ) ) ;
#1433 = ORIENTED_EDGE ( 'NONE', *, *, #3756, .T. ) ;
#1434 = CARTESIAN_POINT ( 'NONE',  ( 8.149999999999998579, 7.458591512543200075, 12.69999999999999929 ) ) ;
#1435 = EDGE_CURVE ( 'NONE', #135, #3417, #136, .T. ) ;
#1436 = CARTESIAN_POINT ( 'NONE',  ( 1.260191413587278042, -2.755859373916060395, -4.339808586412725155 ) ) ;
#1437 = CARTESIAN_POINT ( 'NONE',  ( 1.352549999999999697, 2.850000000000000089, -5.599999999999999645 ) ) ;
#1438 = CARTESIAN_POINT ( 'NONE',  ( -1.260191413587278042, -1.466015623916061994, -6.860191413587279463 ) ) ;
#1439 = ORIENTED_EDGE ( 'NONE', *, *, #201, .T. ) ;
#1440 = FACE_OUTER_BOUND ( 'NONE', #906, .T. ) ;
#1441 = CARTESIAN_POINT ( 'NONE',  ( 1.782179788281250010, -1.069140623916059907, -5.599999999999999645 ) ) ;
#1442 = AXIS2_PLACEMENT_3D ( 'NONE', #3201, #308, #1340 ) ;
#1443 = ORIENTED_EDGE ( 'NONE', *, *, #3981, .T. ) ;
#1444 = VECTOR ( 'NONE', #3102, 1000.000000000000000 ) ;
#1445 = CARTESIAN_POINT ( 'NONE',  ( -0.5602445537877294157, -4.442578124999999822, -6.952550000000002228 ) ) ;
#1446 = CYLINDRICAL_SURFACE ( 'NONE', #320, 1.352550000000000141 ) ;
#1447 = CARTESIAN_POINT ( 'NONE',  ( -0.7382030388933050746, -6.774218748916065458, -3.817820211718748968 ) ) ;
#1448 = CARTESIAN_POINT ( 'NONE',  ( -0.5602445537877294157, -6.327734372832120258, -4.247449999999998838 ) ) ;
#1449 = CARTESIAN_POINT ( 'NONE',  ( 1.782179788281249566, -2.507812498916063948, -6.338203038893299279 ) ) ;
#1450 = MANIFOLD_SOLID_BREP ( 'NONE', #236 ) ;
#1451 = EDGE_LOOP ( 'NONE', ( #651, #198, #640, #1101 ) ) ;
#1452 = CARTESIAN_POINT ( 'NONE',  ( -1.352549999999999031, 1.510546877167876501, -5.039755446212264900 ) ) ;
#1453 = CARTESIAN_POINT ( 'NONE',  ( -1.782179788281249566, -3.797656248916063682, -4.861796961106696457 ) ) ;
#1454 = LINE ( 'NONE', #4007, #3116 ) ;
#1455 = CARTESIAN_POINT ( 'NONE',  ( 9.116621265649859658E-16, -8.708984373916059951, -7.382179788281249877 ) ) ;
#1456 = ORIENTED_EDGE ( 'NONE', *, *, #2356, .F. ) ;
#1457 = CARTESIAN_POINT ( 'NONE',  ( 1.352549999999999031, -1.466015624999999600, -6.160244553787730837 ) ) ;
#1458 = CARTESIAN_POINT ( 'NONE',  ( -1.260191413587276044, -2.954296873916060218, -4.339808586412725155 ) ) ;
#1459 = ADVANCED_FACE ( 'NONE', ( #586 ), #2143, .F. ) ;
#1460 = CARTESIAN_POINT ( 'NONE',  ( -1.782179788281249566, -0.6226562489160621938, -6.338203038893299279 ) ) ;
#1461 = ORIENTED_EDGE ( 'NONE', *, *, #2977, .F. ) ;
#1462 = CARTESIAN_POINT ( 'NONE',  ( 0.7382030388933050746, 0.6671875010839388720, -7.382179788281247212 ) ) ;
#1463 = ORIENTED_EDGE ( 'NONE', *, *, #419, .F. ) ;
#1464 = CARTESIAN_POINT ( 'NONE',  ( 0.9563972768938659996, -6.377343750000000533, -4.643602723106139862 ) ) ;
#1465 = CARTESIAN_POINT ( 'NONE',  ( 6.767287489215109808, 7.470609992384459552, -12.69999999999999929 ) ) ;
#1466 = CARTESIAN_POINT ( 'NONE',  ( -0.5602445537877306370, 2.701171874999998224, -6.952550000000002228 ) ) ;
#1467 = CARTESIAN_POINT ( 'NONE',  ( -1.782179788281249566, -6.178906248916060662, -6.338203038893299279 ) ) ;
#1468 = CARTESIAN_POINT ( 'NONE',  ( 4.165000000000000036, -3.149999999999999911, -12.69999999999999929 ) ) ;
#1469 = CARTESIAN_POINT ( 'NONE',  ( -1.352549999999999031, -6.526171872832121856, -6.160244553787730837 ) ) ;
#1470 = CARTESIAN_POINT ( 'NONE',  ( -0.7382030388933050746, -3.103124998916062527, -7.382179788281247212 ) ) ;
#1471 = CARTESIAN_POINT ( 'NONE',  ( -0.9563972768938648894, 2.155468752167879920, -6.556397276893870085 ) ) ;
#1472 = CARTESIAN_POINT ( 'NONE',  ( 8.481003433766819826E-16, -4.442578123916060662, -3.817820211718750301 ) ) ;
#1473 = DIRECTION ( 'NONE',  ( -1.000000000000000000, 0.000000000000000000, 0.000000000000000000 ) ) ;
#1474 = DIRECTION ( 'NONE',  ( 0.000000000000000000, 0.000000000000000000, -1.000000000000000000 ) ) ;
#1475 = CYLINDRICAL_SURFACE ( 'NONE', #1356, 1.352550000000000141 ) ;
#1476 = CARTESIAN_POINT ( 'NONE',  ( 6.354389972114369590E-16, -3.301562499999999734, -4.247449999999999726 ) ) ;
#1477 = CARTESIAN_POINT ( 'NONE',  ( 1.782179788281249566, -5.087499998916056754, -4.861796961106697346 ) ) ;
#1478 = ORIENTED_EDGE ( 'NONE', *, *, #567, .F. ) ;
#1479 = DIRECTION ( 'NONE',  ( 0.000000000000000000, -1.000000000000000000, 0.000000000000000000 ) ) ;
#1480 = CARTESIAN_POINT ( 'NONE',  ( 1.790015199723750251E-16, -2.458203123916060218, -7.382179788281249877 ) ) ;
#1481 = ORIENTED_EDGE ( 'NONE', *, *, #3368, .T. ) ;
#1482 = CARTESIAN_POINT ( 'NONE',  ( -0.5602445537877283055, -8.411328125000000711, -6.952550000000002228 ) ) ;
#1483 = FACE_OUTER_BOUND ( 'NONE', #3536, .T. ) ;
#1484 = CARTESIAN_POINT ( 'NONE',  ( 0.7382030388933061849, 1.957031251083940715, -3.817820211718748968 ) ) ;
#1485 = EDGE_CURVE ( 'NONE', #2521, #3867, #1552, .T. ) ;
#1486 = CIRCLE ( 'NONE', #2203, 1.199999999999999734 ) ;
#1487 = DIRECTION ( 'NONE',  ( 0.000000000000000000, -1.000000000000000000, 0.000000000000000000 ) ) ;
#1488 = CARTESIAN_POINT ( 'NONE',  ( 1.850000000000000089, 7.521408487456800351, 12.69999999999999929 ) ) ;
#1489 = CARTESIAN_POINT ( 'NONE',  ( 0.9563972768938659996, -6.178906247832120613, -4.643602723106139862 ) ) ;
#1490 = CARTESIAN_POINT ( 'NONE',  ( -1.260191413587276044, -3.053515623916060129, -6.860191413587279463 ) ) ;
#1491 = ORIENTED_EDGE ( 'NONE', *, *, #492, .F. ) ;
#1492 = CARTESIAN_POINT ( 'NONE',  ( 1.352549999999999031, 1.907421877167877700, -6.160244553787730837 ) ) ;
#1493 = CARTESIAN_POINT ( 'NONE',  ( 1.260191413587278042, -4.144921873916060484, -6.860191413587279463 ) ) ;
#1494 = CARTESIAN_POINT ( 'NONE',  ( -3.106058958645210311, 7.558983661755359407, -12.69999999999999929 ) ) ;
#1495 = CIRCLE ( 'NONE', #3868, 0.2500000000000002220 ) ;
#1496 = DIRECTION ( 'NONE',  ( 1.000000000000000000, 0.000000000000000000, 0.000000000000000000 ) ) ;
#1497 = FACE_OUTER_BOUND ( 'NONE', #816, .T. ) ;
#1498 = CARTESIAN_POINT ( 'NONE',  ( 3.506779253259984845E-16, -3.698437499999999822, -6.952550000000000452 ) ) ;
#1499 = CARTESIAN_POINT ( 'NONE',  ( 0.2195267365477922006, -3.149999999999979039, -7.357151832086914922 ) ) ;
#1500 = CARTESIAN_POINT ( 'NONE',  ( 0.5602445537877316362, -7.816015622832114929, -4.247449999999998838 ) ) ;
#1501 = CARTESIAN_POINT ( 'NONE',  ( -1.260191413587276044, -3.053515623916060129, -6.860191413587279463 ) ) ;
#1502 = VERTEX_POINT ( 'NONE', #911 ) ;
#1503 = CARTESIAN_POINT ( 'NONE',  ( 2.400348600660870097E-16, 0.07187500216787819085, -4.247449999999999726 ) ) ;
#1504 = CARTESIAN_POINT ( 'NONE',  ( 0.7382030388933050746, -3.301562498916058797, -7.382179788281247212 ) ) ;
#1505 = ORIENTED_EDGE ( 'NONE', *, *, #224, .T. ) ;
#1506 = PLANE ( 'NONE',  #881 ) ;
#1507 = DIRECTION ( 'NONE',  ( 0.000000000000000000, 0.000000000000000000, -1.000000000000000000 ) ) ;
#1508 = CARTESIAN_POINT ( 'NONE',  ( -1.581487531532875229E-17, 2.254687500000000178, -4.247449999999999726 ) ) ;
#1509 = CARTESIAN_POINT ( 'NONE',  ( 0.5602445537877283055, -6.923046875000005151, -6.952549999999991570 ) ) ;
#1510 = CARTESIAN_POINT ( 'NONE',  ( -0.9563972768938640012, -6.575781247832120258, -6.556397276893870085 ) ) ;
#1511 = ADVANCED_FACE ( 'NONE', ( #3181 ), #1320, .F. ) ;
#1512 = CARTESIAN_POINT ( 'NONE',  ( -0.5602445537877294157, -7.419140622832124166, -6.952550000000002228 ) ) ;
#1513 = CARTESIAN_POINT ( 'NONE',  ( -1.260191413587276044, -2.855078123916060306, -4.339808586412725155 ) ) ;
#1514 = ORIENTED_EDGE ( 'NONE', *, *, #972, .F. ) ;
#1515 = AXIS2_PLACEMENT_3D ( 'NONE', #951, #1292, #973 ) ;
#1516 = EDGE_CURVE ( 'NONE', #138, #1357, #1495, .T. ) ;
#1517 =( BOUNDED_SURFACE ( )  B_SPLINE_SURFACE ( 1, 2, ( 
 ( #1150, #1780, #3700, #1466, #3333, #3964, #1756, #510, #1131, #3016, #2721, #3979, #1508, #2759, #2400, #1189, #790, #3719, #2442, #2366, #3075, #3679, #3398, #1530, #2063, #958, #3160, #1873, #3115, #2549, #1855, #2829, #3818, #2484, #4061, #3504, #3755, #890, #2220, #650, #20, #1917, #1630, #1256, #1591, #304, #982, #2, #2241, #3737, #1571, #604, #1276, #1935, #2509, #909, #3775, #3141, #3459, #931, #2848, #2461, #348, #1610, #2198, #3179, #625, #280, #2180, #329, #3439, #365, #2870, #1209, #2162, #3422, #584, #3095, #1551, #2793, #1233, #1686, #2571, #3972, #2390, #704, #3542, #1457, #1376, #94, #1981, #2634, #405, #2592, #2890, #997, #3262, #1955, #2712, #823, #3837, #575, #1541, #862, #3728, #218, #1219, #2783, #3106, #2173, #1180, #878, #4049, #290, #2473, #902, #4010, #2434, #595, #2414, #1198, #3026, #3045, #1805, #1476, #3710, #3690, #1161, #842, #2114, #533, #238, #1498, #2130, #3384, #556, #1827, #3067, #1519, #4030, #2452, #331, #709, #371, #1634, #1960, #3203, #1445, #2995, #185, #2637, #1381, #1711, #118, #2972, #3676, #160, #1129, #3978, #2380, #3635, #3655, #1083, #3311, #3242, #452, #1147, #1691, #489, #3290, #1778, #829, #3899, #1106, #2951, #1421, #3943, #2319, #2023, #3266, #140, #809, #2081, #3014, #205, #1399, #1464, #2656, #3920, #2339, #3613, #1853, #1231, #3773, #1549, #4058, #2758, #4018, #602, #2735, #888, #907, #1810, #851, #301, #3051, #1793, #2481, #3753, #3419, #2178, #2506, #2140, #1871, #1187, #3114, #3717, #1569, #2810, #244, #1254, #2102, #3352, #3997, #524, #3036, #225, #1482, #1167, #2423, #3698, #3395, #564, #1833, #3073, #1528, #4037, #3196, #403, #3517, #1316, #681, #2844, #55, #929 ),
 ( #2888, #3540, #1334, #3158, #2588, #2568, #2218, #1663, #3853, #2256, #3793, #1588, #3479, #1014, #2909, #2826, #1895, #1274, #91, #345, #1951, #1352, #2277, #2196, #700, #3137, #3834, #955, #2612, #1978, #3220, #3457, #326, #17, #3177, #647, #2547, #3814, #1914, #1607, #36, #1931, #1297, #363, #979, #2238, #3501, #1627, #2868, #445, #2333, #111, #1396, #782, #3307, #2652, #3937, #1038, #1123, #1747, #200, #2076, #1705, #2357, #2990, #1460, #3626, #180, #2947, #134, #2376, #423, #1415, #2699, #1059, #2632, #3326, #2315, #3562, #2055, #485, #2675, #1438, #3876, #3916, #156, #1077, #3650, #3606, #803, #503, #3580, #1770, #2297, #3960, #1684, #3009, #1099, #725, #1998, #3238, #2926, #1373, #3895, #743, #2015, #762, #3259, #2037, #3283, #465, #1727, #2968, #2455, #1501, #3069, #2715, #1163, #294, #1143, #1523, #2133, #1223, #3670, #559, #4034, #579, #1848, #3089, #277, #2787, #947, #2251, #1248, #3496, #2212, #660, #3767, #2191, #3450, #1888, #318, #3276, #2668, #2009, #2373, #440, #3557, #1369, #1700, #107, #2350, #1741, #461, #3575, #2942, #1658, #3252, #130, #2628, #2903, #2327, #86, #172, #1432, #1054, #3892, #2050, #1721, #1391, #2311, #2962, #738, #2921, #720, #3871, #2648, #1032, #2293, #1992, #3233, #151, #418, #2984, #3621, #799, #2691, #3911, #1409, #776, #2072, #1093, #3301, #1070, #3596, #3956, #1678, #2032, #480, #755, #1117, #3645, #518, #3002, #1824, #256, #2129, #1518, #3745, #3362, #3708, #3987, #1845, #840, #3086, #273, #1787, #1539, #901, #2769, #3970, #3064, #861, #3383, #4028, #1197, #2451, #2710, #1455, #3024, #197, #532, #3319, #1804, #3726, #2782, #876, #554, #2155, #1158, #2433, #497, #216, #4046, #1766 ) ),
 .UNSPECIFIED., .F., .F., .F. ) 
 B_SPLINE_SURFACE_WITH_KNOTS ( ( 2, 2 ),
 ( 3, 2, 2, 2, 2, 2, 2, 2, 2, 2, 2, 2, 2, 2, 2, 2, 2, 2, 2, 2, 2, 2, 2, 2, 2, 2, 2, 2, 2, 2, 2, 2, 2, 2, 2, 2, 2, 2, 2, 2, 2, 2, 2, 2, 2, 2, 2, 2, 2, 2, 2, 2, 2, 2, 2, 2, 2, 2, 2, 2, 2, 2, 2, 2, 2, 2, 2, 2, 2, 2, 2, 2, 2, 2, 2, 2, 2, 2, 2, 2, 2, 2, 2, 2, 2, 2, 2, 2, 2, 2, 2, 2, 2, 2, 2, 2, 2, 2, 2, 2, 2, 2, 2, 2, 2, 2, 2, 2, 2, 2, 2, 2, 2, 2, 2, 2, 2, 2, 2, 2, 2, 2, 3 ),
 ( 0.000000000000000000, 1.000000000000000000 ),
 ( 0.000000000000000000, 0.007812500000000000000, 0.01562500000000000000, 0.02343750000000000000, 0.03125000000000000000, 0.03906250000000000000, 0.04687500000000000000, 0.05468750000000000000, 0.06250000000000000000, 0.07031250000000000000, 0.07812500000000000000, 0.08593750000000000000, 0.09375000000000000000, 0.1015625000000000000, 0.1093750000000000000, 0.1171875000000000000, 0.1250000000000000000, 0.1328125000000000000, 0.1406250000000000000, 0.1484375000000000000, 0.1562500000000000000, 0.1640625000000000000, 0.1718750000000000000, 0.1796875000000000000, 0.1875000000000000000, 0.1953125000000000000, 0.2031250000000000000, 0.2109375000000000000, 0.2187500000000000000, 0.2265625000000000000, 0.2343750000000000000, 0.2421875000000000000, 0.2500000000000000000, 0.2578125000000000000, 0.2656250000000000000, 0.2734375000000000000, 0.2812500000000000000, 0.2890625000000000000, 0.2968750000000000000, 0.3046875000000000000, 0.3125000000000000000, 0.3203125000000000000, 0.3281250000000000000, 0.3359375000000000000, 0.3437500000000000000, 0.3515625000000000000, 0.3593750000000000000, 0.3671875000000000000, 0.3750000000000000000, 0.3828125000000000000, 0.3906250000000000000, 0.3984375000000000000, 0.4062500000000000000, 0.4140625000000000000, 0.4218750000000000000, 0.4296875000000000000, 0.4375000000000000000, 0.4453125000000000000, 0.4531250000000000000, 0.4609375000000000000, 0.4687500000000000000, 0.4765625000000000000, 0.4843750000000000000, 0.4921875000000000000, 0.5000000000000000000, 0.5078125000000000000, 0.5156250000000000000, 0.5234375000000000000, 0.5312500000000000000, 0.5390625000000000000, 0.5468750000000000000, 0.5546875000000000000, 0.5625000000000000000, 0.5703125000000000000, 0.5781250000000000000, 0.5859375000000000000, 0.5937500000000000000, 0.6015625000000000000, 0.6093750000000000000, 0.6171875000000000000, 0.6250000000000000000, 0.6328125000000000000, 0.6406250000000000000, 0.6484375000000000000, 0.6562500000000000000, 0.6640625000000000000, 0.6718750000000000000, 0.6796875000000000000, 0.6875000000000000000, 0.6953125000000000000, 0.7031250000000000000, 0.7109375000000000000, 0.7187500000000000000, 0.7265625000000000000, 0.7343750000000000000, 0.7421875000000000000, 0.7500000000000000000, 0.7578125000000000000, 0.7656250000000000000, 0.7734375000000000000, 0.7812500000000000000, 0.7890625000000000000, 0.7968750000000000000, 0.8046875000000000000, 0.8125000000000000000, 0.8203125000000000000, 0.8281250000000000000, 0.8359375000000000000, 0.8437500000000000000, 0.8515625000000000000, 0.8593750000000000000, 0.8671875000000000000, 0.8750000000000000000, 0.8828125000000000000, 0.8906250000000000000, 0.8984375000000000000, 0.9062500000000000000, 0.9140625000000000000, 0.9218750000000000000, 0.9296875000000000000, 0.9375000000000000000, 0.9448722857144650211, 0.9543210085716089530 ),
 .UNSPECIFIED. ) 
 GEOMETRIC_REPRESENTATION_ITEM ( )  RATIONAL_B_SPLINE_SURFACE ( (
 ( 1.000000000000000000, 0.9238795325112869605, 1.000000000000000000, 0.9238795325112869605, 1.000000000000000000, 0.9238795325112869605, 1.000000000000000000, 0.9238795325112869605, 1.000000000000000000, 0.9238795325112869605, 1.000000000000000000, 0.9238795325112869605, 1.000000000000000000, 0.9238795325112869605, 1.000000000000000000, 0.9238795325112869605, 1.000000000000000000, 0.9238795325112869605, 1.000000000000000000, 0.9238795325112869605, 1.000000000000000000, 0.9238795325112869605, 1.000000000000000000, 0.9238795325112869605, 1.000000000000000000, 0.9238795325112869605, 1.000000000000000000, 0.9238795325112869605, 1.000000000000000000, 0.9238795325112869605, 1.000000000000000000, 0.9238795325112869605, 1.000000000000000000, 0.9238795325112869605, 1.000000000000000000, 0.9238795325112869605, 1.000000000000000000, 0.9238795325112869605, 1.000000000000000000, 0.9238795325112869605, 1.000000000000000000, 0.9238795325112869605, 1.000000000000000000, 0.9238795325112869605, 1.000000000000000000, 0.9238795325112869605, 1.000000000000000000, 0.9238795325112869605, 1.000000000000000000, 0.9238795325112869605, 1.000000000000000000, 0.9238795325112869605, 1.000000000000000000, 0.9238795325112869605, 1.000000000000000000, 0.9238795325112869605, 1.000000000000000000, 0.9238795325112869605, 1.000000000000000000, 0.9238795325112869605, 1.000000000000000000, 0.9238795325112869605, 1.000000000000000000, 0.9238795325112869605, 1.000000000000000000, 0.9238795325112869605, 1.000000000000000000, 0.9238795325112869605, 1.000000000000000000, 0.9238795325112869605, 1.000000000000000000, 0.9238795325112869605, 1.000000000000000000, 0.9238795325112869605, 1.000000000000000000, 0.9238795325112869605, 1.000000000000000000, 0.9238795325112869605, 1.000000000000000000, 0.9238795325112869605, 1.000000000000000000, 0.9238795325112869605, 1.000000000000000000, 0.9238795325112869605, 1.000000000000000000, 0.9238795325112869605, 1.000000000000000000, 0.9238795325112869605, 1.000000000000000000, 0.9238795325112869605, 1.000000000000000000, 0.9238795325112869605, 1.000000000000000000, 0.9238795325112869605, 1.000000000000000000, 0.9238795325112869605, 1.000000000000000000, 0.9238795325112869605, 1.000000000000000000, 0.9238795325112869605, 1.000000000000000000, 0.9238795325112869605, 1.000000000000000000, 0.9238795325112869605, 1.000000000000000000, 0.9238795325112869605, 1.000000000000000000, 0.9238795325112869605, 1.000000000000000000, 0.9238795325112869605, 1.000000000000000000, 0.9238795325112869605, 1.000000000000000000, 0.9238795325112869605, 1.000000000000000000, 0.9238795325112869605, 1.000000000000000000, 0.9238795325112869605, 1.000000000000000000, 0.9238795325112869605, 1.000000000000000000, 0.9238795325112869605, 1.000000000000000000, 0.9238795325112869605, 1.000000000000000000, 0.9238795325112869605, 1.000000000000000000, 0.9238795325112869605, 1.000000000000000000, 0.9238795325112869605, 1.000000000000000000, 0.9238795325112869605, 1.000000000000000000, 0.9238795325112869605, 1.000000000000000000, 0.9238795325112869605, 1.000000000000000000, 0.9238795325112869605, 1.000000000000000000, 0.9238795325112869605, 1.000000000000000000, 0.9238795325112869605, 1.000000000000000000, 0.9238795325112869605, 1.000000000000000000, 0.9238795325112869605, 1.000000000000000000, 0.9238795325112869605, 1.000000000000000000, 0.9238795325112869605, 1.000000000000000000, 0.9238795325112869605, 1.000000000000000000, 0.9238795325112869605, 1.000000000000000000, 0.9238795325112869605, 1.000000000000000000, 0.9238795325112869605, 1.000000000000000000, 0.9238795325112869605, 1.000000000000000000, 0.9238795325112869605, 1.000000000000000000, 0.9238795325112869605, 1.000000000000000000, 0.9238795325112869605, 1.000000000000000000, 0.9238795325112869605, 1.000000000000000000, 0.9238795325112869605, 1.000000000000000000, 0.9238795325112869605, 1.000000000000000000, 0.9238795325112869605, 1.000000000000000000, 0.9238795325112869605, 1.000000000000000000, 0.9238795325112869605, 1.000000000000000000, 0.9238795325112869605, 1.000000000000000000, 0.9238795325112869605, 1.000000000000000000, 0.9238795325112869605, 1.000000000000000000, 0.9238795325112869605, 1.000000000000000000, 0.9238795325112869605, 1.000000000000000000, 0.9238795325112869605, 1.000000000000000000, 0.9238795325112869605, 1.000000000000000000, 0.9238795325112869605, 1.000000000000000000, 0.9238795325112869605, 1.000000000000000000, 0.9238795325112869605, 1.000000000000000000, 0.9238795325112869605, 1.000000000000000000, 0.9238795325112869605, 1.000000000000000000, 0.9238795325112869605, 1.000000000000000000, 0.9238795325112869605, 1.000000000000000000, 0.9238795325112869605, 1.000000000000000000, 0.9238795325112869605, 1.000000000000000000, 0.9238795325112869605, 1.000000000000000000, 0.9238795325112869605, 1.000000000000000000, 0.9238795325112869605, 1.000000000000000000, 0.9238795325112869605, 1.000000000000000000, 0.9238795325112869605, 1.000000000000000000, 0.9238795325112869605, 1.000000000000000000, 0.9238795325112869605, 1.000000000000000000, 0.9238795325112869605, 1.000000000000000000, 0.9238795325112869605, 1.000000000000000000, 0.9238795325112869605, 1.000000000000000000, 0.9238795325112869605, 1.000000000000000000, 0.9238795325112869605, 1.000000000000000000, 0.9238795325112869605, 1.000000000000000000, 0.9238795325112869605, 1.000000000000000000, 0.9238795325112869605, 1.000000000000000000, 0.9281687251141870210, 0.9919049847416450127, 0.9919049847416450127, 0.9919049847416450127),
 ( 1.000000000000000000, 0.9238795325112869605, 1.000000000000000000, 0.9238795325112869605, 1.000000000000000000, 0.9238795325112869605, 1.000000000000000000, 0.9238795325112869605, 1.000000000000000000, 0.9238795325112869605, 1.000000000000000000, 0.9238795325112869605, 1.000000000000000000, 0.9238795325112869605, 1.000000000000000000, 0.9238795325112869605, 1.000000000000000000, 0.9238795325112869605, 1.000000000000000000, 0.9238795325112869605, 1.000000000000000000, 0.9238795325112869605, 1.000000000000000000, 0.9238795325112869605, 1.000000000000000000, 0.9238795325112869605, 1.000000000000000000, 0.9238795325112869605, 1.000000000000000000, 0.9238795325112869605, 1.000000000000000000, 0.9238795325112869605, 1.000000000000000000, 0.9238795325112869605, 1.000000000000000000, 0.9238795325112869605, 1.000000000000000000, 0.9238795325112869605, 1.000000000000000000, 0.9238795325112869605, 1.000000000000000000, 0.9238795325112869605, 1.000000000000000000, 0.9238795325112869605, 1.000000000000000000, 0.9238795325112869605, 1.000000000000000000, 0.9238795325112869605, 1.000000000000000000, 0.9238795325112869605, 1.000000000000000000, 0.9238795325112869605, 1.000000000000000000, 0.9238795325112869605, 1.000000000000000000, 0.9238795325112869605, 1.000000000000000000, 0.9238795325112869605, 1.000000000000000000, 0.9238795325112869605, 1.000000000000000000, 0.9238795325112869605, 1.000000000000000000, 0.9238795325112869605, 1.000000000000000000, 0.9238795325112869605, 1.000000000000000000, 0.9238795325112869605, 1.000000000000000000, 0.9238795325112869605, 1.000000000000000000, 0.9238795325112869605, 1.000000000000000000, 0.9238795325112869605, 1.000000000000000000, 0.9238795325112869605, 1.000000000000000000, 0.9238795325112869605, 1.000000000000000000, 0.9238795325112869605, 1.000000000000000000, 0.9238795325112869605, 1.000000000000000000, 0.9238795325112869605, 1.000000000000000000, 0.9238795325112869605, 1.000000000000000000, 0.9238795325112869605, 1.000000000000000000, 0.9238795325112869605, 1.000000000000000000, 0.9238795325112869605, 1.000000000000000000, 0.9238795325112869605, 1.000000000000000000, 0.9238795325112869605, 1.000000000000000000, 0.9238795325112869605, 1.000000000000000000, 0.9238795325112869605, 1.000000000000000000, 0.9238795325112869605, 1.000000000000000000, 0.9238795325112869605, 1.000000000000000000, 0.9238795325112869605, 1.000000000000000000, 0.9238795325112869605, 1.000000000000000000, 0.9238795325112869605, 1.000000000000000000, 0.9238795325112869605, 1.000000000000000000, 0.9238795325112869605, 1.000000000000000000, 0.9238795325112869605, 1.000000000000000000, 0.9238795325112869605, 1.000000000000000000, 0.9238795325112869605, 1.000000000000000000, 0.9238795325112869605, 1.000000000000000000, 0.9238795325112869605, 1.000000000000000000, 0.9238795325112869605, 1.000000000000000000, 0.9238795325112869605, 1.000000000000000000, 0.9238795325112869605, 1.000000000000000000, 0.9238795325112869605, 1.000000000000000000, 0.9238795325112869605, 1.000000000000000000, 0.9238795325112869605, 1.000000000000000000, 0.9238795325112869605, 1.000000000000000000, 0.9238795325112869605, 1.000000000000000000, 0.9238795325112869605, 1.000000000000000000, 0.9238795325112869605, 1.000000000000000000, 0.9238795325112869605, 1.000000000000000000, 0.9238795325112869605, 1.000000000000000000, 0.9238795325112869605, 1.000000000000000000, 0.9238795325112869605, 1.000000000000000000, 0.9238795325112869605, 1.000000000000000000, 0.9238795325112869605, 1.000000000000000000, 0.9238795325112869605, 1.000000000000000000, 0.9238795325112869605, 1.000000000000000000, 0.9238795325112869605, 1.000000000000000000, 0.9238795325112869605, 1.000000000000000000, 0.9238795325112869605, 1.000000000000000000, 0.9238795325112869605, 1.000000000000000000, 0.9238795325112869605, 1.000000000000000000, 0.9238795325112869605, 1.000000000000000000, 0.9238795325112869605, 1.000000000000000000, 0.9238795325112869605, 1.000000000000000000, 0.9238795325112869605, 1.000000000000000000, 0.9238795325112869605, 1.000000000000000000, 0.9238795325112869605, 1.000000000000000000, 0.9238795325112869605, 1.000000000000000000, 0.9238795325112869605, 1.000000000000000000, 0.9238795325112869605, 1.000000000000000000, 0.9238795325112869605, 1.000000000000000000, 0.9238795325112869605, 1.000000000000000000, 0.9238795325112869605, 1.000000000000000000, 0.9238795325112869605, 1.000000000000000000, 0.9238795325112869605, 1.000000000000000000, 0.9238795325112869605, 1.000000000000000000, 0.9238795325112869605, 1.000000000000000000, 0.9238795325112869605, 1.000000000000000000, 0.9238795325112869605, 1.000000000000000000, 0.9238795325112869605, 1.000000000000000000, 0.9238795325112869605, 1.000000000000000000, 0.9238795325112869605, 1.000000000000000000, 0.9238795325112869605, 1.000000000000000000, 0.9238795325112869605, 1.000000000000000000, 0.9238795325112869605, 1.000000000000000000, 0.9238795325112869605, 1.000000000000000000, 0.9238795325112869605, 1.000000000000000000, 0.9238795325112869605, 1.000000000000000000, 0.9238795325112869605, 1.000000000000000000, 0.9238795325112869605, 1.000000000000000000, 0.9238795325112869605, 1.000000000000000000, 0.9238795325112869605, 1.000000000000000000, 0.9238795325112869605, 1.000000000000000000, 0.9238795325112869605, 1.000000000000000000, 0.9238795325112869605, 1.000000000000000000, 0.9238795325112869605, 1.000000000000000000, 0.9281687251141870210, 0.9919049847416450127, 0.9919049847416450127, 0.9919049847416450127) ) ) 
 REPRESENTATION_ITEM ( '' )  SURFACE ( )  );
#1518 = CARTESIAN_POINT ( 'NONE',  ( -1.782179788281249566, -7.667187498916057109, -4.861796961106697346 ) ) ;
#1519 = CARTESIAN_POINT ( 'NONE',  ( 0.9563972768938659996, -3.996093749999999556, -4.643602723106139862 ) ) ;
#1520 = LINE ( 'NONE', #2770, #105 ) ;
#1521 = CARTESIAN_POINT ( 'NONE',  ( -0.7382030388933050746, -2.904687498916061372, -3.817820211718748968 ) ) ;
#1522 = DIRECTION ( 'NONE',  ( 1.000000000000000000, 0.000000000000000000, 0.000000000000000000 ) ) ;
#1523 = CARTESIAN_POINT ( 'NONE',  ( 1.782179788281250010, -3.351171873916060306, -5.599999999999999645 ) ) ;
#1524 = ORIENTED_EDGE ( 'NONE', *, *, #1941, .F. ) ;
#1525 = DIRECTION ( 'NONE',  ( 0.000000000000000000, -1.000000000000000000, 0.000000000000000000 ) ) ;
#1526 = CARTESIAN_POINT ( 'NONE',  ( -1.782179788281250010, -4.641015623916060484, -5.599999999999999645 ) ) ;
#1527 = FACE_OUTER_BOUND ( 'NONE', #2636, .T. ) ;
#1528 = CARTESIAN_POINT ( 'NONE',  ( 0.5602445537877316362, -8.808203125000003908, -4.247449999999998838 ) ) ;
#1529 = DIRECTION ( 'NONE',  ( 3.657556381180200085E-16, -1.000000000000000000, 0.000000000000000000 ) ) ;
#1530 = CARTESIAN_POINT ( 'NONE',  ( 1.352549999999999031, 1.708984374999995781, -6.160244553787730837 ) ) ;
#1531 =( NAMED_UNIT ( * ) PLANE_ANGLE_UNIT ( ) SI_UNIT ( $, .RADIAN. ) );
#1532 = CARTESIAN_POINT ( 'NONE',  ( 0.5602445537877306370, -6.724609372832124343, -6.952550000000002228 ) ) ;
#1533 = CARTESIAN_POINT ( 'NONE',  ( 1.352550000000001473, -9.304296872832122034, -5.039755446212264900 ) ) ;
#1534 = CARTESIAN_POINT ( 'NONE',  ( -5.165000000000000036, -4.700000000000000178, 12.69999999999999929 ) ) ;
#1535 = CARTESIAN_POINT ( 'NONE',  ( 1.260191413587278042, -6.526171873916060129, -6.860191413587279463 ) ) ;
#1536 = CARTESIAN_POINT ( 'NONE',  ( -1.782179788281249566, 1.758593751083938672, -4.861796961106697346 ) ) ;
#1537 = CARTESIAN_POINT ( 'NONE',  ( -4.415000000000000036, -3.149999999999999911, 12.69999999999999929 ) ) ;
#1538 = EDGE_CURVE ( 'NONE', #1186, #2040, #3782, .T. ) ;
#1539 = CARTESIAN_POINT ( 'NONE',  ( 1.782179788281249566, -8.163281248916065991, -4.861796961106697346 ) ) ;
#1540 = CARTESIAN_POINT ( 'NONE',  ( 1.352550000000827923, -7.915234375000459899, -5.039755446211946044 ) ) ;
#1541 = CARTESIAN_POINT ( 'NONE',  ( 0.9563972768938648894, -2.210156249999999822, -6.556397276893870085 ) ) ;
#1542 = CARTESIAN_POINT ( 'NONE',  ( -3.965000000000000746, -4.700000000000000178, -12.69999999999999929 ) ) ;
#1543 = EDGE_CURVE ( 'NONE', #2011, #322, #2000, .T. ) ;
#1544 =( BOUNDED_CURVE ( )  B_SPLINE_CURVE ( 2, ( #4075, #883, #598, #3111, #1269, #1291, #1250, #1225, #2501 ),
 .UNSPECIFIED., .F., .F. ) 
 B_SPLINE_CURVE_WITH_KNOTS ( ( 3, 2, 2, 2, 3 ),
 ( 0.09769241753903960823, 0.09875441597477439826, 0.09981641441050920216, 0.1008784128462439922, 0.1019404112819787961 ),
 .UNSPECIFIED. ) 
 CURVE ( )  GEOMETRIC_REPRESENTATION_ITEM ( )  RATIONAL_B_SPLINE_CURVE ( ( 1.000000000001153966, 0.9238795325101319955, 1.000000000000000000, 0.9238795325112869605, 1.000000000000000000, 0.9238795325112869605, 1.000000000000000000, 0.9238795325111379686, 1.000000000000150102 ) ) 
 REPRESENTATION_ITEM ( '' )  );
#1545 = VERTEX_POINT ( 'NONE', #1000 ) ;
#1546 = CARTESIAN_POINT ( 'NONE',  ( -1.288502226421477381, -3.150000000000069189, -6.831229795880974009 ) ) ;
#1547 = CARTESIAN_POINT ( 'NONE',  ( 1.782179788281249566, -4.194531248916061550, -6.338203038893299279 ) ) ;
#1548 = ORIENTED_EDGE ( 'NONE', *, *, #3729, .T. ) ;
#1549 = CARTESIAN_POINT ( 'NONE',  ( -0.9563972768938640012, -6.774218750000000178, -6.556397276893870085 ) ) ;
#1550 = LINE ( 'NONE', #302, #2565 ) ;
#1551 = CARTESIAN_POINT ( 'NONE',  ( -0.9563972768938648894, -1.019531250000000000, -4.643602723106139862 ) ) ;
#1552 = LINE ( 'NONE', #1235, #688 ) ;
#1553 = SURFACE_STYLE_USAGE ( .BOTH. , #4040 ) ;
#1554 = CARTESIAN_POINT ( 'NONE',  ( 0.9563972768938659996, -9.353906247832119547, -4.643602723106139862 ) ) ;
#1555 = CARTESIAN_POINT ( 'NONE',  ( -0.6315170567167821547, -3.150000000000005684, -4.369269795807478651 ) ) ;
#1556 = CARTESIAN_POINT ( 'NONE',  ( 1.127209145888152052E-15, -6.823828123916060306, -3.817820211718750301 ) ) ;
#1557 = CARTESIAN_POINT ( 'NONE',  ( -5.165000000000000036, -4.700000000000000178, 6.700000000000000178 ) ) ;
#1558 = CYLINDRICAL_SURFACE ( 'NONE', #1019, 1.352550000000000141 ) ;
#1559 = CIRCLE ( 'NONE', #812, 1.199999999999999734 ) ;
#1560 = CARTESIAN_POINT ( 'NONE',  ( 1.782179788281249566, 0.6671875010839388720, -6.338203038893299279 ) ) ;
#1561 = EDGE_LOOP ( 'NONE', ( #2334, #4062, #3694, #555 ) ) ;
#1562 = VECTOR ( 'NONE', #573, 1000.000000000000000 ) ;
#1563 = CARTESIAN_POINT ( 'NONE',  ( -0.7382030388933039644, -6.377343748916063149, -7.382179788281247212 ) ) ;
#1564 = EDGE_CURVE ( 'NONE', #2221, #2788, #750, .T. ) ;
#1565 = VERTEX_POINT ( 'NONE', #708 ) ;
#1566 = FACE_OUTER_BOUND ( 'NONE', #2397, .T. ) ;
#1567 = CARTESIAN_POINT ( 'NONE',  ( -1.782179788281250010, 0.9152343760839379838, -5.599999999999999645 ) ) ;
#1568 = ORIENTED_EDGE ( 'NONE', *, *, #4, .T. ) ;
#1569 = CARTESIAN_POINT ( 'NONE',  ( 1.352550000000001473, -7.915234375000000711, -5.039755446212264900 ) ) ;
#1570 = CYLINDRICAL_SURFACE ( 'NONE', #3888, 1.352550000000000141 ) ;
#1571 = CARTESIAN_POINT ( 'NONE',  ( -0.9563972768938648894, 0.3695312499999984790, -6.556397276893870085 ) ) ;
#1572 = ORIENTED_EDGE ( 'NONE', *, *, #3085, .F. ) ;
#1573 = FACE_OUTER_BOUND ( 'NONE', #2369, .T. ) ;
#1574 = CARTESIAN_POINT ( 'NONE',  ( 1.352549999993564844, -6.228515624999232614, -6.160244553794274047 ) ) ;
#1575 = CARTESIAN_POINT ( 'NONE',  ( -0.5602445537877294157, -8.212890622832119902, -6.952550000000002228 ) ) ;
#1576 = CYLINDRICAL_SURFACE ( 'NONE', #553, 1.199999999999999734 ) ;
#1577 = VECTOR ( 'NONE', #2697, 1000.000000000000000 ) ;
#1578 = DIRECTION ( 'NONE',  ( 1.000000000000000000, 0.000000000000000000, 0.000000000000000000 ) ) ;
#1579 = CARTESIAN_POINT ( 'NONE',  ( 0.7382030388933061849, 1.262500001083938228, -3.817820211718748968 ) ) ;
#1580 = ORIENTED_EDGE ( 'NONE', *, *, #543, .T. ) ;
#1581 = DIRECTION ( 'NONE',  ( 1.000000000000000000, 0.000000000000000000, 0.000000000000000000 ) ) ;
#1582 = ORIENTED_EDGE ( 'NONE', *, *, #2835, .F. ) ;
#1583 = FACE_OUTER_BOUND ( 'NONE', #3544, .T. ) ;
#1584 = CARTESIAN_POINT ( 'NONE',  ( -1.260191413587278042, 1.808203126083939960, -4.339808586412725155 ) ) ;
#1585 = ORIENTED_EDGE ( 'NONE', *, *, #2642, .T. ) ;
#1586 = EDGE_CURVE ( 'NONE', #3962, #1206, #621, .T. ) ;
#1587 = CARTESIAN_POINT ( 'NONE',  ( -1.260191413587264053, -6.228515623916049293, -6.860191413587270581 ) ) ;
#1588 = CARTESIAN_POINT ( 'NONE',  ( 0.7382030388933061849, 2.056250001083936407, -3.817820211718748968 ) ) ;
#1589 = CARTESIAN_POINT ( 'NONE',  ( 2.604082540382205318E-16, -3.152734373916060484, -7.382179788281249877 ) ) ;
#1590 = CARTESIAN_POINT ( 'NONE',  ( 0.5602445537881017845, -3.251953125000520917, -4.247449999999100001 ) ) ;
#1591 = CARTESIAN_POINT ( 'NONE',  ( 1.702576596923185172E-16, 0.6671875000000000444, -4.247449999999999726 ) ) ;
#1592 = VERTEX_POINT ( 'NONE', #3225 ) ;
#1593 = CARTESIAN_POINT ( 'NONE',  ( 0.9563972768938598934, -7.171093750000000711, -4.643602723106149632 ) ) ;
#1594 = CARTESIAN_POINT ( 'NONE',  ( -0.7382030388932985243, -3.599218748916050536, -3.817820211718765400 ) ) ;
#1595 = CARTESIAN_POINT ( 'NONE',  ( 0.9563972768938659996, -8.560156247832120258, -4.643602723106139862 ) ) ;
#1596 = DIRECTION ( 'NONE',  ( 1.000000000000000000, 0.000000000000000000, 0.000000000000000000 ) ) ;
#1597 = DIRECTION ( 'NONE',  ( 0.000000000000000000, 0.000000000000000000, -1.000000000000000000 ) ) ;
#1598 = CARTESIAN_POINT ( 'NONE',  ( 0.7382030388933050746, 0.7664062510839383391, -7.382179788281247212 ) ) ;
#1599 = EDGE_LOOP ( 'NONE', ( #1820, #2134 ) ) ;
#1600 = CARTESIAN_POINT ( 'NONE',  ( 5.915000000000000036, -3.763250300240245316, 12.69999999999999929 ) ) ;
#1601 = ORIENTED_EDGE ( 'NONE', *, *, #2850, .F. ) ;
#1602 = DIRECTION ( 'NONE',  ( 1.000000000000000000, 0.000000000000000000, 0.000000000000000000 ) ) ;
#1603 = CARTESIAN_POINT ( 'NONE',  ( -3.982831157154784751, -2.899999999999999911, -12.69999999999999929 ) ) ;
#1604 = CARTESIAN_POINT ( 'NONE',  ( -1.260191413587278042, 2.403515626083939871, -6.860191413587279463 ) ) ;
#1605 = ORIENTED_EDGE ( 'NONE', *, *, #1408, .F. ) ;
#1606 = CARTESIAN_POINT ( 'NONE',  ( -1.260191413587264053, -5.236328123916049293, -4.339808586412740254 ) ) ;
#1607 = CARTESIAN_POINT ( 'NONE',  ( 1.782179788281249566, 0.6671875010839388720, -6.338203038893299279 ) ) ;
#1608 = CARTESIAN_POINT ( 'NONE',  ( -1.782179788281249566, -3.698437498916062882, -4.861796961106697346 ) ) ;
#1609 = CARTESIAN_POINT ( 'NONE',  ( -1.352550000000008579, -8.106208909307337507, -6.075964421859496589 ) ) ;
#1610 = CARTESIAN_POINT ( 'NONE',  ( -1.352549999999999031, -0.2753906250000014433, -5.039755446212264900 ) ) ;
#1611 = ORIENTED_EDGE ( 'NONE', *, *, #994, .F. ) ;
#1612 = DIRECTION ( 'NONE',  ( 0.000000000000000000, 0.000000000000000000, 1.000000000000000000 ) ) ;
#1613 = CYLINDRICAL_SURFACE ( 'NONE', #1375, 0.2500000000000002220 ) ;
#1614 = EDGE_CURVE ( 'NONE', #2030, #932, #3598, .T. ) ;
#1615 = CARTESIAN_POINT ( 'NONE',  ( 3.733278214750525237, -2.914944194102520036, -12.69999999999999929 ) ) ;
#1616 = CARTESIAN_POINT ( 'NONE',  ( 1.352550000000795283, -7.816015625000468425, -6.160244553788089661 ) ) ;
#1617 = CARTESIAN_POINT ( 'NONE',  ( 1.048497121868279480, -8.149999999999996803, -4.316388817173423931 ) ) ;
#1618 = CARTESIAN_POINT ( 'NONE',  ( 0.9563972768938648894, -1.217968747832121945, -6.556397276893870085 ) ) ;
#1619 = FACE_OUTER_BOUND ( 'NONE', #923, .T. ) ;
#1620 = ORIENTED_EDGE ( 'NONE', *, *, #1765, .T. ) ;
#1621 = LINE ( 'NONE', #3492, #957 ) ;
#1622 = AXIS2_PLACEMENT_3D ( 'NONE', #3147, #333, #1596 ) ;
#1623 = VECTOR ( 'NONE', #2934, 1000.000000000000000 ) ;
#1624 = ORIENTED_EDGE ( 'NONE', *, *, #2330, .T. ) ;
#1625 = CARTESIAN_POINT ( 'NONE',  ( 1.968464708499160309E-16, 1.113671876083940138, -3.817820211718750301 ) ) ;
#1626 = ORIENTED_EDGE ( 'NONE', *, *, #866, .F. ) ;
#1627 = CARTESIAN_POINT ( 'NONE',  ( -1.782179788281249566, 0.2703125010839380615, -4.861796961106697346 ) ) ;
#1628 = CARTESIAN_POINT ( 'NONE',  ( 8.364708099387040425E-16, -4.343359373916060306, -3.817820211718750301 ) ) ;
#1629 = CARTESIAN_POINT ( 'NONE',  ( 1.352550000000000141, -3.896875000000000089, -5.600000000000130207 ) ) ;
#1630 = CARTESIAN_POINT ( 'NONE',  ( 0.9563972768938648894, 0.7664062499999979572, -4.643602723106139862 ) ) ;
#1631 = CARTESIAN_POINT ( 'NONE',  ( -0.7382030388933050746, 1.560156251083937518, -7.382179788281247212 ) ) ;
#1632 = CARTESIAN_POINT ( 'NONE',  ( 1.352550000000000141, -3.896875000000000089, -5.600000000000130207 ) ) ;
#1633 = CARTESIAN_POINT ( 'NONE',  ( 0.7382030388932985243, -3.202343748916052668, -7.382179788281236554 ) ) ;
#1634 = CARTESIAN_POINT ( 'NONE',  ( -1.352550000000000141, -4.293750000000000178, -5.599999999999999645 ) ) ;
#1635 = CARTESIAN_POINT ( 'NONE',  ( -6.582645735676940113, -3.149999999999999911, -12.69999999999999929 ) ) ;
#1636 = CARTESIAN_POINT ( 'NONE',  ( -0.7661844844521578102, -3.149999999999832045, -4.421402304804285421 ) ) ;
#1637 = FACE_OUTER_BOUND ( 'NONE', #2394, .T. ) ;
#1638 = ADVANCED_FACE ( 'NONE', ( #1358 ), #2617, .F. ) ;
#1639 = CARTESIAN_POINT ( 'NONE',  ( 0.5602445537877306370, -1.466015622832121723, -4.247449999999998838 ) ) ;
#1640 = CARTESIAN_POINT ( 'NONE',  ( -1.117368159770741921E-16, 0.02226562608393820031, -7.382179788281249877 ) ) ;
#1641 = AXIS2_PLACEMENT_3D ( 'NONE', #2574, #1612, #2815 ) ;
#1642 = CARTESIAN_POINT ( 'NONE',  ( -1.782179788281250010, -7.022265623916060129, -5.599999999999999645 ) ) ;
#1643 = EDGE_CURVE ( 'NONE', #1135, #4035, #837, .T. ) ;
#1644 = EDGE_LOOP ( 'NONE', ( #3591, #1585, #1277, #616 ) ) ;
#1645 = LINE ( 'NONE', #2886, #2996 ) ;
#1646 = CARTESIAN_POINT ( 'NONE',  ( 4.759552733613869136E-16, -1.267578123916059951, -3.817820211718750301 ) ) ;
#1647 = CARTESIAN_POINT ( 'NONE',  ( 1.782179788281235133, -5.732421873916049293, -5.599999999999999645 ) ) ;
#1648 = CARTESIAN_POINT ( 'NONE',  ( -6.165000000000000036, -3.399999999999999911, 12.69999999999999929 ) ) ;
#1649 = CARTESIAN_POINT ( 'NONE',  ( -1.260191413587278042, 1.609765626083940138, -6.860191413587279463 ) ) ;
#1650 = VERTEX_POINT ( 'NONE', #3942 ) ;
#1651 = DIRECTION ( 'NONE',  ( 0.000000000000000000, 0.000000000000000000, -1.000000000000000000 ) ) ;
#1652 = CARTESIAN_POINT ( 'NONE',  ( 0.9563972768938659996, -5.186718747832120613, -6.556397276893870085 ) ) ;
#1653 = LINE ( 'NONE', #1424, #367 ) ;
#1654 = CARTESIAN_POINT ( 'NONE',  ( -1.260191413587276044, -7.915234373916059774, -6.860191413587279463 ) ) ;
#1655 = CARTESIAN_POINT ( 'NONE',  ( -0.4385713449681132858, -8.149999999999998579, -4.228210535943166093 ) ) ;
#1656 = CARTESIAN_POINT ( 'NONE',  ( -0.9563972768938648894, -3.400781247832119991, -6.556397276893870085 ) ) ;
#1657 = CARTESIAN_POINT ( 'NONE',  ( 1.260191413587280040, -8.113671873916059596, -6.860191413587279463 ) ) ;
#1658 = CARTESIAN_POINT ( 'NONE',  ( 9.295070774425280563E-16, -5.137109373916060484, -3.817820211718750301 ) ) ;
#1659 = ORIENTED_EDGE ( 'NONE', *, *, #2232, .F. ) ;
#1660 = ADVANCED_FACE ( 'NONE', ( #3632 ), #3675, .F. ) ;
#1661 = CARTESIAN_POINT ( 'NONE',  ( 1.260191413587278042, -0.1761718739160609837, -6.860191413587279463 ) ) ;
#1662 = CARTESIAN_POINT ( 'NONE',  ( -1.782179788281233135, -6.873437498916051602, -4.861796961106700898 ) ) ;
#1663 = CARTESIAN_POINT ( 'NONE',  ( 1.782179788281249566, 2.254687501083938006, -6.338203038893299279 ) ) ;
#1664 = CARTESIAN_POINT ( 'NONE',  ( 6.354389972116619816E-16, -3.301562500000514877, -4.247449999999104442 ) ) ;
#1665 = CARTESIAN_POINT ( 'NONE',  ( 1.782179788281250010, -7.419140623916060662, -5.599999999999999645 ) ) ;
#1666 = FACE_OUTER_BOUND ( 'NONE', #1416, .T. ) ;
#1667 = ORIENTED_EDGE ( 'NONE', *, *, #2737, .T. ) ;
#1668 = DIRECTION ( 'NONE',  ( 0.000000000000000000, 0.000000000000000000, 1.000000000000000000 ) ) ;
#1669 =( BOUNDED_CURVE ( )  B_SPLINE_CURVE ( 2, ( #1986, #1963, #2025, #1713, #3244, #100, #2002, #3861, #1046 ),
 .UNSPECIFIED., .F., .F. ) 
 B_SPLINE_CURVE_WITH_KNOTS ( ( 3, 2, 2, 2, 3 ),
 ( 0.5000000000000000000, 0.5078125000000000000, 0.5156250000000000000, 0.5234375000000000000, 0.5312500000000000000 ),
 .UNSPECIFIED. ) 
 CURVE ( )  GEOMETRIC_REPRESENTATION_ITEM ( )  RATIONAL_B_SPLINE_CURVE ( ( 1.000000000000000000, 0.9238795325112859613, 1.000000000000000000, 0.9238795325112869605, 1.000000000000000000, 0.9238795325112869605, 1.000000000000000000, 0.9238795325112889589, 1.000000000000000000 ) ) 
 REPRESENTATION_ITEM ( '' )  );
#1670 = CARTESIAN_POINT ( 'NONE',  ( -6.586916493176059539, -2.904345650964405223, -12.69999999999999929 ) ) ;
#1671 = CARTESIAN_POINT ( 'NONE',  ( -4.165000000000000036, -3.149999999999999911, -12.69999999999999929 ) ) ;
#1672 = CARTESIAN_POINT ( 'NONE',  ( -0.7382030388933039644, -7.667187498916057997, -3.817820211718748968 ) ) ;
#1673 = CARTESIAN_POINT ( 'NONE',  ( 1.655281821616436000, -8.149999999999998579, -4.971145878822063047 ) ) ;
#1674 = CARTESIAN_POINT ( 'NONE',  ( 0.9563972768938648894, -0.6226562478321220340, -4.643602723106139862 ) ) ;
#1675 = CARTESIAN_POINT ( 'NONE',  ( 0.7382030388933061849, -1.912499998916064037, -3.817820211718748968 ) ) ;
#1676 = CARTESIAN_POINT ( 'NONE',  ( -1.782179788281249566, -9.450113764054687948, -6.293394920962167127 ) ) ;
#1677 = PRODUCT_DEFINITION ( 'UNKNOWN', '', #325, #2007 ) ;
#1678 = CARTESIAN_POINT ( 'NONE',  ( 7.255895915573390229E-16, -7.121484373916060484, -7.382179788281249877 ) ) ;
#1679 = ORIENTED_EDGE ( 'NONE', *, *, #785, .F. ) ;
#1680 = CARTESIAN_POINT ( 'NONE',  ( -1.782179788281250010, -0.6722656239160620384, -5.599999999999999645 ) ) ;
#1681 = CARTESIAN_POINT ( 'NONE',  ( 8.149999999999998579, 7.458591512543200075, -12.69999999999999929 ) ) ;
#1682 = EDGE_CURVE ( 'NONE', #3867, #2358, #4060, .T. ) ;
#1683 = VECTOR ( 'NONE', #2748, 1000.000000000000000 ) ;
#1684 = CARTESIAN_POINT ( 'NONE',  ( -1.782179788281249566, -2.110937498916060306, -4.861796961106697346 ) ) ;
#1685 = VERTEX_POINT ( 'NONE', #3697 ) ;
#1686 = CARTESIAN_POINT ( 'NONE',  ( -1.352549999999999031, -1.168359375000000755, -6.160244553787730837 ) ) ;
#1687 = CARTESIAN_POINT ( 'NONE',  ( -0.7382030388933050746, -0.8210937489160615721, -7.382179788281247212 ) ) ;
#1688 = VECTOR ( 'NONE', #627, 1000.000000000000000 ) ;
#1689 = EDGE_LOOP ( 'NONE', ( #486, #2351, #2866, #2457 ) ) ;
#1690 = DIRECTION ( 'NONE',  ( -1.000000000000000000, 0.000000000000000000, 0.000000000000000000 ) ) ;
#1691 = CARTESIAN_POINT ( 'NONE',  ( 1.352550000000001473, -5.434765624999997158, -6.160244553787730837 ) ) ;
#1692 = CIRCLE ( 'NONE', #2211, 1.352550000000000141 ) ;
#1693 = CARTESIAN_POINT ( 'NONE',  ( -1.352549999999984820, -5.633203122832117771, -5.039755446212253354 ) ) ;
#1694 = LINE ( 'NONE', #2658, #1623 ) ;
#1695 = CARTESIAN_POINT ( 'NONE',  ( 0.7382030388933072951, -7.567968748916062083, -3.817820211718748968 ) ) ;
#1696 = CARTESIAN_POINT ( 'NONE',  ( 6.767287489215109808, 7.470609992384459552, 12.69999999999999929 ) ) ;
#1697 = CARTESIAN_POINT ( 'NONE',  ( -1.352549999999999031, -1.763671872832120124, -6.160244553787730837 ) ) ;
#1698 = CARTESIAN_POINT ( 'NONE',  ( -1.260191413587276044, -2.259765623916060395, -6.860191413587279463 ) ) ;
#1699 = CARTESIAN_POINT ( 'NONE',  ( 1.406317948399623994E-15, -9.205078123916059951, -3.817820211718750301 ) ) ;
#1700 = CARTESIAN_POINT ( 'NONE',  ( 0.7382030388933050746, -4.789843748916061017, -7.382179788281247212 ) ) ;
#1701 = ORIENTED_EDGE ( 'NONE', *, *, #2904, .T. ) ;
#1702 = CARTESIAN_POINT ( 'NONE',  ( -1.260191413587276044, -7.915234373916059774, -6.860191413587279463 ) ) ;
#1703 = CARTESIAN_POINT ( 'NONE',  ( 0.7382030388933061849, -2.011718748916059063, -3.817820211718748968 ) ) ;
#1704 = CARTESIAN_POINT ( 'NONE',  ( 1.208615879953995857E-15, -7.518359373916049471, -3.817820211718764956 ) ) ;
#1705 = CARTESIAN_POINT ( 'NONE',  ( -1.260191413587276044, -0.4738281239160619385, -4.339808586412725155 ) ) ;
#1706 = ORIENTED_EDGE ( 'NONE', *, *, #2700, .F. ) ;
#1707 = CARTESIAN_POINT ( 'NONE',  ( 1.782179788281249566, -7.369531248916060484, -6.338203038893299279 ) ) ;
#1708 = CARTESIAN_POINT ( 'NONE',  ( -1.260191413587278042, 0.8160156260839379616, -6.860191413587279463 ) ) ;
#1709 = EDGE_CURVE ( 'NONE', #2655, #1315, #1808, .T. ) ;
#1710 = ORIENTED_EDGE ( 'NONE', *, *, #2809, .T. ) ;
#1711 = CARTESIAN_POINT ( 'NONE',  ( 1.352550000000000141, -4.690625000000000711, -5.599999999999999645 ) ) ;
#1712 = CARTESIAN_POINT ( 'NONE',  ( -3.965000000000000746, -4.700000000000000178, 6.700000000000000178 ) ) ;
#1713 = CARTESIAN_POINT ( 'NONE',  ( -0.5602445537877294157, -4.244140622832119014, -6.952550000000002228 ) ) ;
#1714 = CARTESIAN_POINT ( 'NONE',  ( 1.782179788281249566, -5.782031248916056576, -4.861796961106697346 ) ) ;
#1715 = ADVANCED_FACE ( 'NONE', ( #3733 ), #2138, .T. ) ;
#1716 = CARTESIAN_POINT ( 'NONE',  ( -1.352549999999999031, -4.144921872832123988, -6.160244553787730837 ) ) ;
#1717 = CARTESIAN_POINT ( 'NONE',  ( 1.260191413587278042, -1.862890623916059862, -4.339808586412725155 ) ) ;
#1718 = CARTESIAN_POINT ( 'NONE',  ( 0.5602445537877294157, 2.006640627167878499, -6.952550000000002228 ) ) ;
#1719 = CARTESIAN_POINT ( 'NONE',  ( 9.411366108805059963E-16, -5.236328123916059951, -3.817820211718750301 ) ) ;
#1720 = CARTESIAN_POINT ( 'NONE',  ( 1.782179788281250010, -9.006640623916061017, -5.599999999999999645 ) ) ;
#1721 = CARTESIAN_POINT ( 'NONE',  ( 1.782179788281250010, -5.732421873916059951, -5.599999999999999645 ) ) ;
#1722 = VERTEX_POINT ( 'NONE', #3996 ) ;
#1723 = DIRECTION ( 'NONE',  ( 0.000000000000000000, 0.000000000000000000, -1.000000000000000000 ) ) ;
#1724 = DIRECTION ( 'NONE',  ( 0.000000000000000000, 0.000000000000000000, -1.000000000000000000 ) ) ;
#1725 = CARTESIAN_POINT ( 'NONE',  ( 1.260191413587278042, -0.9699218739160608838, -6.860191413587279463 ) ) ;
#1726 = CARTESIAN_POINT ( 'NONE',  ( 1.260191413587265830, -6.426953123916050004, -6.860191413587270581 ) ) ;
#1727 = CARTESIAN_POINT ( 'NONE',  ( -1.782179788281249566, -2.904687498916061372, -4.861796961106697346 ) ) ;
#1728 = EDGE_LOOP ( 'NONE', ( #1983, #549, #1831, #2607 ) ) ;
#1729 = CARTESIAN_POINT ( 'NONE',  ( -1.782179788281249566, -2.210156248916061106, -4.861796961106697346 ) ) ;
#1730 = ORIENTED_EDGE ( 'NONE', *, *, #845, .T. ) ;
#1731 = CARTESIAN_POINT ( 'NONE',  ( 4.464807890458679677E-16, -4.740234373916049293, -7.382179788281230337 ) ) ;
#1732 = FACE_OUTER_BOUND ( 'NONE', #1146, .T. ) ;
#1733 = CARTESIAN_POINT ( 'NONE',  ( -1.352550000000000141, -4.889062497832120435, -5.599999999999999645 ) ) ;
#1734 = CARTESIAN_POINT ( 'NONE',  ( 1.260191413587280040, -5.831640623916060306, -4.339808586412725155 ) ) ;
#1735 = DIRECTION ( 'NONE',  ( 1.000000000000000000, 0.000000000000000000, 0.000000000000000000 ) ) ;
#1736 = ADVANCED_FACE ( 'NONE', ( #1527 ), #1506, .F. ) ;
#1737 = CARTESIAN_POINT ( 'NONE',  ( -1.352549999999999031, -5.633203122832119547, -5.039755446212264900 ) ) ;
#1738 = CARTESIAN_POINT ( 'NONE',  ( 1.352550000000000141, 1.857812502167880186, -5.599999999999999645 ) ) ;
#1739 = CARTESIAN_POINT ( 'NONE',  ( -1.782179788281249566, -5.385156248916065813, -4.861796961106696457 ) ) ;
#1740 = CARTESIAN_POINT ( 'NONE',  ( -1.352549999999994812, -4.045703122832123633, -5.039755446212258683 ) ) ;
#1741 = CARTESIAN_POINT ( 'NONE',  ( 1.782179788281250010, -4.938671873916060662, -5.599999999999999645 ) ) ;
#1742 = EDGE_LOOP ( 'NONE', ( #3674, #2729, #3454, #1908 ) ) ;
#1743 = CARTESIAN_POINT ( 'NONE',  ( -5.915000000000000036, -3.763250300240245316, 12.69999999999999929 ) ) ;
#1744 = CARTESIAN_POINT ( 'NONE',  ( 0.7382030388933072951, -8.361718748916057820, -3.817820211718748968 ) ) ;
#1745 = CARTESIAN_POINT ( 'NONE',  ( -1.260191413587276044, -4.541796873916060129, -4.339808586412725155 ) ) ;
#1746 = CARTESIAN_POINT ( 'NONE',  ( -1.782179788281235133, -6.923046873916050004, -5.599999999999999645 ) ) ;
#1747 = CARTESIAN_POINT ( 'NONE',  ( 0.7382030388933061849, -0.3249999989160619052, -3.817820211718748968 ) ) ;
#1748 = ORIENTED_EDGE ( 'NONE', *, *, #1329, .T. ) ;
#1749 = DIRECTION ( 'NONE',  ( 0.000000000000000000, 0.000000000000000000, 1.000000000000000000 ) ) ;
#1750 = CARTESIAN_POINT ( 'NONE',  ( 1.782179788281249566, 0.5679687510839390718, -6.338203038893299279 ) ) ;
#1751 = ORIENTED_EDGE ( 'NONE', *, *, #2182, .T. ) ;
#1752 = DIRECTION ( 'NONE',  ( -4.243104671853940479E-15, -1.000000000000000000, 0.000000000000000000 ) ) ;
#1753 = CARTESIAN_POINT ( 'NONE',  ( 1.782179788281235133, -4.144921873916049826, -5.599999999999999645 ) ) ;
#1754 = CARTESIAN_POINT ( 'NONE',  ( 1.212591125057991048, -8.150000000000082068, -6.824028809672744167 ) ) ;
#1755 = AXIS2_PLACEMENT_3D ( 'NONE', #900, #2186, #3063 ) ;
#1756 = CARTESIAN_POINT ( 'NONE',  ( 0.9563972768938640012, 2.552343749999999911, -6.556397276893870085 ) ) ;
#1757 = CARTESIAN_POINT ( 'NONE',  ( -1.782179788281249566, -7.766406248916063682, -6.338203038893299279 ) ) ;
#1758 =( GEOMETRIC_REPRESENTATION_CONTEXT ( 3 ) GLOBAL_UNCERTAINTY_ASSIGNED_CONTEXT ( ( #3151 ) ) GLOBAL_UNIT_ASSIGNED_CONTEXT ( ( #1837, #1531, #1210 ) ) REPRESENTATION_CONTEXT ( 'NONE', 'WORKASPACE' ) );
#1759 = CARTESIAN_POINT ( 'NONE',  ( 4.204551256997669770E-16, -4.293749997832120080, -6.952550000000000452 ) ) ;
#1760 = CARTESIAN_POINT ( 'NONE',  ( -0.5602445537877294157, -6.327734372832120258, -4.247449999999998838 ) ) ;
#1761 = CARTESIAN_POINT ( 'NONE',  ( -0.5602445537877306370, 0.8160156271678781215, -4.247449999999998838 ) ) ;
#1762 = CARTESIAN_POINT ( 'NONE',  ( 1.782179788281249566, -4.194531248916061550, -6.338203038893300167 ) ) ;
#1763 = AXIS2_PLACEMENT_3D ( 'NONE', #3901, #29, #162 ) ;
#1764 = LINE ( 'NONE', #3001, #1683 ) ;
#1765 = EDGE_CURVE ( 'NONE', #867, #3532, #1829, .T. ) ;
#1766 = CARTESIAN_POINT ( 'NONE',  ( -0.1895492085619006895, -9.511952801643326794, -8.030296061626200910 ) ) ;
#1767 = ORIENTED_EDGE ( 'NONE', *, *, #3552, .T. ) ;
#1768 = CARTESIAN_POINT ( 'NONE',  ( 0.4700517941451322068, -3.150000000000001243, -7.273466293659117454 ) ) ;
#1769 = CARTESIAN_POINT ( 'NONE',  ( -1.782179788281250010, -4.641015623916060484, -5.599999999999999645 ) ) ;
#1770 = CARTESIAN_POINT ( 'NONE',  ( 5.573620074272329873E-16, -1.962109373916059996, -3.817820211718750301 ) ) ;
#1771 = ORIENTED_EDGE ( 'NONE', *, *, #2091, .F. ) ;
#1772 = CARTESIAN_POINT ( 'NONE',  ( -1.782179788281250010, -0.6722656239160620384, -5.599999999999999645 ) ) ;
#1773 = VECTOR ( 'NONE', #1021, 1000.000000000000000 ) ;
#1774 = ORIENTED_EDGE ( 'NONE', *, *, #2041, .F. ) ;
#1775 = CARTESIAN_POINT ( 'NONE',  ( -1.352550000000000141, -3.301562497832119636, -5.599999999999999645 ) ) ;
#1776 = CARTESIAN_POINT ( 'NONE',  ( 1.782179788281233135, -4.889062498916045385, -6.338203038893288621 ) ) ;
#1777 = CIRCLE ( 'NONE', #194, 0.2500000000000002220 ) ;
#1778 = CARTESIAN_POINT ( 'NONE',  ( 0.9563972768938659996, -5.583593750000000355, -4.643602723106139862 ) ) ;
#1779 = DIRECTION ( 'NONE',  ( 1.000000000000000000, 0.000000000000000000, 0.000000000000000000 ) ) ;
#1780 = CARTESIAN_POINT ( 'NONE',  ( -1.352550000000001473, 2.800390624999999467, -6.160244553787730837 ) ) ;
#1781 = CARTESIAN_POINT ( 'NONE',  ( 1.115579612450173914E-15, -6.724609373916059951, -3.817820211718750301 ) ) ;
#1782 = CARTESIAN_POINT ( 'NONE',  ( -3.340514801712094942E-16, 2.850000000000000089, -5.599999999999999645 ) ) ;
#1783 = CARTESIAN_POINT ( 'NONE',  ( 1.352550000000001473, -6.129296872832117771, -5.039755446212264900 ) ) ;
#1784 = CARTESIAN_POINT ( 'NONE',  ( -0.9563972768938640012, -6.377343747832120435, -4.643602723106139862 ) ) ;
#1785 = CARTESIAN_POINT ( 'NONE',  ( 1.782179788281250010, -4.244140623916059951, -5.599999999999999645 ) ) ;
#1786 = CARTESIAN_POINT ( 'NONE',  ( 0.9563972768938659996, -3.797656247832119636, -4.643602723106139862 ) ) ;
#1787 = CARTESIAN_POINT ( 'NONE',  ( 1.782179788281250010, -8.113671873916059596, -5.599999999999999645 ) ) ;
#1788 = DIRECTION ( 'NONE',  ( -1.000000000000000000, 0.000000000000000000, 0.000000000000000000 ) ) ;
#1789 = CARTESIAN_POINT ( 'NONE',  ( 5.165000000000000036, -4.700000000000000178, 12.69999999999999929 ) ) ;
#1790 = EDGE_CURVE ( 'NONE', #2838, #1685, #3004, .T. ) ;
#1791 = CARTESIAN_POINT ( 'NONE',  ( 1.260191413587278042, -2.557421873916060129, -6.860191413587279463 ) ) ;
#1792 = ORIENTED_EDGE ( 'NONE', *, *, #2041, .T. ) ;
#1793 = CARTESIAN_POINT ( 'NONE',  ( -0.9563972768938640012, -7.369531250000000533, -4.643602723106139862 ) ) ;
#1794 = CARTESIAN_POINT ( 'NONE',  ( -0.01338751998954290125, -8.149999999999874234, -7.151336746862129168 ) ) ;
#1795 = CARTESIAN_POINT ( 'NONE',  ( 1.260191413587278042, 1.411328126083940093, -6.860191413587279463 ) ) ;
#1796 = CARTESIAN_POINT ( 'NONE',  ( -3.340514801712094942E-16, 2.850000000000000089, -5.599999999999999645 ) ) ;
#1797 = CARTESIAN_POINT ( 'NONE',  ( -0.9563972768938640012, -4.789843747832120080, -4.643602723106139862 ) ) ;
#1798 = CARTESIAN_POINT ( 'NONE',  ( 7.434345424348811134E-16, -3.549609373916060129, -3.817820211718750301 ) ) ;
#1799 = VERTEX_POINT ( 'NONE', #1072 ) ;
#1800 = CARTESIAN_POINT ( 'NONE',  ( -1.782179788281249566, -9.353906248916054267, -4.861796961106697346 ) ) ;
#1801 = CARTESIAN_POINT ( 'NONE',  ( 1.260191413587278042, -3.549609373916060129, -4.339808586412725155 ) ) ;
#1802 = CARTESIAN_POINT ( 'NONE',  ( -1.352550000000012576, -5.732421872832115461, -6.160244553787712185 ) ) ;
#1803 =( BOUNDED_CURVE ( )  B_SPLINE_CURVE ( 2, ( #250, #3441, #1510, #3740, #2489, #1532, #3402, #2777, #855 ),
 .UNSPECIFIED., .F., .F. ) 
 B_SPLINE_CURVE_WITH_KNOTS ( ( 3, 2, 2, 2, 3 ),
 ( 0.6875000000000000000, 0.6953125000000000000, 0.7031250000000000000, 0.7109375000000000000, 0.7187500000000000000 ),
 .UNSPECIFIED. ) 
 CURVE ( )  GEOMETRIC_REPRESENTATION_ITEM ( )  RATIONAL_B_SPLINE_CURVE ( ( 1.000000000000000000, 0.9238795325112849621, 1.000000000000000000, 0.9238795325112869605, 1.000000000000000000, 0.9238795325112869605, 1.000000000000000000, 0.9238795325112879597, 1.000000000000000000 ) ) 
 REPRESENTATION_ITEM ( '' )  );
#1804 = CARTESIAN_POINT ( 'NONE',  ( 1.782179788281249566, -8.957031248916061728, -4.861796961106697346 ) ) ;
#1805 = CARTESIAN_POINT ( 'NONE',  ( 0.5602445537877306370, -3.251953125000001776, -4.247449999999998838 ) ) ;
#1806 = CARTESIAN_POINT ( 'NONE',  ( -1.782179788281249566, -3.003906248916061728, -4.861796961106697346 ) ) ;
#1807 = ORIENTED_EDGE ( 'NONE', *, *, #3214, .T. ) ;
#1808 = LINE ( 'NONE', #542, #3736 ) ;
#1809 = ADVANCED_FACE ( 'NONE', ( #1497 ), #2034, .T. ) ;
#1810 = CARTESIAN_POINT ( 'NONE',  ( 0.9563972768938659996, -7.171093750000000711, -4.643602723106139862 ) ) ;
#1811 = CARTESIAN_POINT ( 'NONE',  ( 6.165000000000000036, -3.399999999999999911, 12.69999999999999929 ) ) ;
#1812 = CARTESIAN_POINT ( 'NONE',  ( -6.336954265394150632, -2.899999999999999911, -12.69999999999999929 ) ) ;
#1813 = CARTESIAN_POINT ( 'NONE',  ( -1.260191413587276044, 1.014453126083938006, -4.339808586412725155 ) ) ;
#1814 = VECTOR ( 'NONE', #1901, 1000.000000000000000 ) ;
#1815 = CARTESIAN_POINT ( 'NONE',  ( -0.5602445537877273063, -6.823828124999998579, -6.952549999999991570 ) ) ;
#1816 = ADVANCED_FACE ( 'NONE', ( #2113 ), #1475, .F. ) ;
#1817 =( NAMED_UNIT ( * ) PLANE_ANGLE_UNIT ( ) SI_UNIT ( $, .RADIAN. ) );
#1818 = CIRCLE ( 'NONE', #2145, 0.6285915125432001149 ) ;
#1819 = CARTESIAN_POINT ( 'NONE',  ( 0.5602445537877306370, -8.312109372832125587, -6.952550000000002228 ) ) ;
#1820 = ORIENTED_EDGE ( 'NONE', *, *, #914, .T. ) ;
#1821 = CARTESIAN_POINT ( 'NONE',  ( -1.260191413587276044, -6.129296873916060484, -4.339808586412725155 ) ) ;
#1822 = CARTESIAN_POINT ( 'NONE',  ( 7.052161975852059939E-16, -3.896874997832119991, -4.247449999999999726 ) ) ;
#1823 = AXIS2_PLACEMENT_3D ( 'NONE', #2065, #3314, #2105 ) ;
#1824 = CARTESIAN_POINT ( 'NONE',  ( 1.208615879953999802E-15, -7.518359373916060129, -3.817820211718750301 ) ) ;
#1825 = AXIS2_PLACEMENT_3D ( 'NONE', #3365, #1724, #534 ) ;
#1826 = EDGE_LOOP ( 'NONE', ( #3716, #1155 ) ) ;
#1827 = CARTESIAN_POINT ( 'NONE',  ( 1.352550000000000141, -3.896875000000000089, -5.599999999999999645 ) ) ;
#1828 = CARTESIAN_POINT ( 'NONE',  ( -0.7382030388933050746, -3.996093748916059063, -7.382179788281247212 ) ) ;
#1829 =( BOUNDED_CURVE ( )  B_SPLINE_CURVE ( 2, ( #1852, #800, #1119, #3321, #1411, #500, #3044, #822, #3364 ),
 .UNSPECIFIED., .F., .F. ) 
 B_SPLINE_CURVE_WITH_KNOTS ( ( 3, 2, 2, 2, 3 ),
 ( 0.07645555374678099370, 0.07751725429685039914, 0.07857895484691980459, 0.07964065539698919616, 0.08070235594705858773 ),
 .UNSPECIFIED. ) 
 CURVE ( )  GEOMETRIC_REPRESENTATION_ITEM ( )  RATIONAL_B_SPLINE_CURVE ( ( 1.000000000000190070, 0.9238795325110980006, 1.000000000000000000, 0.9238795325112869605, 1.000000000000000000, 0.9238795325112869605, 1.000000000000000000, 0.9238795325113229318, 0.9999999999999640288 ) ) 
 REPRESENTATION_ITEM ( '' )  );
#1830 = CARTESIAN_POINT ( 'NONE',  ( -1.260191413587276044, -4.541796873916060129, -4.339808586412725155 ) ) ;
#1831 = ORIENTED_EDGE ( 'NONE', *, *, #1329, .F. ) ;
#1832 = CARTESIAN_POINT ( 'NONE',  ( 1.260191413587265830, -4.839453123916049648, -6.860191413587270581 ) ) ;
#1833 = CARTESIAN_POINT ( 'NONE',  ( 1.352550000000001473, -8.708984374999998224, -5.039755446212264900 ) ) ;
#1834 = CARTESIAN_POINT ( 'NONE',  ( -1.352550000000000585, 2.850000000000000089, -5.599999999999999645 ) ) ;
#1835 = EDGE_CURVE ( 'NONE', #2079, #2583, #103, .T. ) ;
#1836 = FACE_OUTER_BOUND ( 'NONE', #478, .T. ) ;
#1837 =( LENGTH_UNIT ( ) NAMED_UNIT ( * ) SI_UNIT ( .MILLI., .METRE. ) );
#1838 = AXIS2_PLACEMENT_3D ( 'NONE', #1900, #3442, #670 ) ;
#1839 = CARTESIAN_POINT ( 'NONE',  ( 1.352550000000001473, -6.823828122832117593, -6.160244553787730837 ) ) ;
#1840 = ADVANCED_FACE ( 'NONE', ( #3912 ), #3600, .T. ) ;
#1841 = CARTESIAN_POINT ( 'NONE',  ( -0.7382030388933039644, -6.377343748916063149, -7.382179788281247212 ) ) ;
#1842 = CARTESIAN_POINT ( 'NONE',  ( -0.7382030388933050746, 1.857812501083939694, -3.817820211718748968 ) ) ;
#1843 = CARTESIAN_POINT ( 'NONE',  ( 0.7382030388933050746, -6.476562498916058175, -7.382179788281247212 ) ) ;
#1844 = CARTESIAN_POINT ( 'NONE',  ( -1.119004941097008876, -3.150000000000008349, -6.991922877983010487 ) ) ;
#1845 = CARTESIAN_POINT ( 'NONE',  ( 8.186258590611629381E-16, -7.915234373916059774, -7.382179788281249877 ) ) ;
#1846 = CARTESIAN_POINT ( 'NONE',  ( -4.415000000000000036, -3.399999999999999911, 12.69999999999999929 ) ) ;
#1847 = CARTESIAN_POINT ( 'NONE',  ( 5.511465899876700201E-16, -5.633203123916060484, -7.382179788281249877 ) ) ;
#1848 = CARTESIAN_POINT ( 'NONE',  ( -1.782179788281249566, -3.698437498916062882, -4.861796961106697346 ) ) ;
#1849 = ORIENTED_EDGE ( 'NONE', *, *, #3231, .T. ) ;
#1850 = CARTESIAN_POINT ( 'NONE',  ( 1.260191413587278042, -4.144921873916060484, -6.860191413587279463 ) ) ;
#1851 = EDGE_LOOP ( 'NONE', ( #927, #3249, #1701, #260 ) ) ;
#1852 = CARTESIAN_POINT ( 'NONE',  ( -1.352550000000000141, -4.293750000000000178, -5.599999999999999645 ) ) ;
#1853 = CARTESIAN_POINT ( 'NONE',  ( -1.352549999999999031, -6.625390624999996980, -5.039755446212264900 ) ) ;
#1854 = CARTESIAN_POINT ( 'NONE',  ( 1.850000000000000089, 7.521408487456800351, -12.69999999999999929 ) ) ;
#1855 = CARTESIAN_POINT ( 'NONE',  ( -0.9563972768938648894, 1.361718749999998090, -4.643602723106139862 ) ) ;
#1856 = ORIENTED_EDGE ( 'NONE', *, *, #1790, .T. ) ;
#1857 = DIRECTION ( 'NONE',  ( 1.000000000000000000, 0.000000000000000000, 0.000000000000000000 ) ) ;
#1858 = CARTESIAN_POINT ( 'NONE',  ( 0.9563972768938659996, -8.361718747832119547, -6.556397276893870085 ) ) ;
#1859 = CARTESIAN_POINT ( 'NONE',  ( 5.165000000000000036, -4.700000000000000178, 6.700000000000000178 ) ) ;
#1860 = DIRECTION ( 'NONE',  ( 1.414368223951314019E-15, -1.000000000000000000, 0.000000000000000000 ) ) ;
#1861 = CARTESIAN_POINT ( 'NONE',  ( -6.767287489215109808, 7.470609992384450670, 12.69999999999999929 ) ) ;
#1862 = EDGE_CURVE ( 'NONE', #739, #469, #1361, .T. ) ;
#1863 = CARTESIAN_POINT ( 'NONE',  ( -1.782179788281249566, 1.758593751083938672, -6.338203038893299279 ) ) ;
#1864 = FACE_OUTER_BOUND ( 'NONE', #645, .T. ) ;
#1865 = DIRECTION ( 'NONE',  ( 0.000000000000000000, 0.000000000000000000, 1.000000000000000000 ) ) ;
#1866 = CARTESIAN_POINT ( 'NONE',  ( -1.782179788281250010, -5.434765623916060662, -5.599999999999999645 ) ) ;
#1867 = EDGE_LOOP ( 'NONE', ( #3310, #1505, #1439, #1184 ) ) ;
#1868 = CARTESIAN_POINT ( 'NONE',  ( -1.782179788281250010, -2.259765623916060395, -5.599999999999999645 ) ) ;
#1869 = ORIENTED_EDGE ( 'NONE', *, *, #3858, .T. ) ;
#1870 = CARTESIAN_POINT ( 'NONE',  ( -0.7382030388932985243, -5.980468748916048405, -3.817820211718765400 ) ) ;
#1871 = CARTESIAN_POINT ( 'NONE',  ( 0.5602445537877306370, -7.716796875000000000, -6.952550000000002228 ) ) ;
#1872 = CARTESIAN_POINT ( 'NONE',  ( -7.900000000000000355, -8.149999999999998579, 12.69999999999999929 ) ) ;
#1873 = CARTESIAN_POINT ( 'NONE',  ( 0.5602445537877306370, 1.510546874999998623, -4.247449999999998838 ) ) ;
#1874 = ORIENTED_EDGE ( 'NONE', *, *, #2719, .F. ) ;
#1875 = ORIENTED_EDGE ( 'NONE', *, *, #3346, .T. ) ;
#1876 = CARTESIAN_POINT ( 'NONE',  ( 5.915000000000000036, -3.399999999999999911, -12.69999999999999929 ) ) ;
#1877 = CARTESIAN_POINT ( 'NONE',  ( -1.619700382874657452, -3.149999999999999467, -5.608352675111428098 ) ) ;
#1878 = CARTESIAN_POINT ( 'NONE',  ( 1.352550000000000141, -6.873437497832120435, -5.599999999999999645 ) ) ;
#1879 = DIRECTION ( 'NONE',  ( 0.000000000000000000, 0.000000000000000000, -1.000000000000000000 ) ) ;
#1880 = CARTESIAN_POINT ( 'NONE',  ( 1.782179788281249566, 2.056250001083941292, -4.861796961106697346 ) ) ;
#1881 = LINE ( 'NONE', #3125, #1085 ) ;
#1882 = AXIS2_PLACEMENT_3D ( 'NONE', #818, #798, #150 ) ;
#1883 = CARTESIAN_POINT ( 'NONE',  ( 0.7382030388933061849, 2.056250001083936407, -3.817820211718748968 ) ) ;
#1884 = ORIENTED_EDGE ( 'NONE', *, *, #3687, .T. ) ;
#1885 = EDGE_CURVE ( 'NONE', #2440, #678, #824, .T. ) ;
#1886 = VECTOR ( 'NONE', #145, 1000.000000000000000 ) ;
#1887 = AXIS2_PLACEMENT_3D ( 'NONE', #2789, #3153, #1602 ) ;
#1888 = CARTESIAN_POINT ( 'NONE',  ( 8.364708099387040425E-16, -4.343359373916060306, -3.817820211718750301 ) ) ;
#1889 = ORIENTED_EDGE ( 'NONE', *, *, #3055, .F. ) ;
#1890 = CARTESIAN_POINT ( 'NONE',  ( 6.165000000000000036, -3.399999999999999911, -12.69999999999999929 ) ) ;
#1891 = ADVANCED_FACE ( 'NONE', ( #4029 ), #2190, .F. ) ;
#1892 = CARTESIAN_POINT ( 'NONE',  ( -6.336954265394150632, -3.149999999999999911, -12.69999999999999929 ) ) ;
#1893 = CARTESIAN_POINT ( 'NONE',  ( -1.782179788281250010, -8.510546873916059241, -5.599999999999999645 ) ) ;
#1894 = ORIENTED_EDGE ( 'NONE', *, *, #785, .T. ) ;
#1895 = CARTESIAN_POINT ( 'NONE',  ( -1.782179788281250010, 1.808203126083939960, -5.599999999999999645 ) ) ;
#1896 = CARTESIAN_POINT ( 'NONE',  ( 1.352549999993730268, -5.533984375000842171, -5.039755446205900213 ) ) ;
#1897 = EDGE_LOOP ( 'NONE', ( #538, #3499, #3696, #3627 ) ) ;
#1898 = CARTESIAN_POINT ( 'NONE',  ( -0.9563972768938598934, -6.774218750000000178, -6.556397276893870085 ) ) ;
#1899 = CARTESIAN_POINT ( 'NONE',  ( -1.260191413587264053, -3.648828123916050270, -4.339808586412740254 ) ) ;
#1900 = CARTESIAN_POINT ( 'NONE',  ( -5.165000000000000036, -4.700000000000000178, 16.69999999999999929 ) ) ;
#1901 = DIRECTION ( 'NONE',  ( 0.000000000000000000, -1.000000000000000000, 0.000000000000000000 ) ) ;
#1902 = CARTESIAN_POINT ( 'NONE',  ( -1.782179788281249566, -5.484374998916059951, -6.338203038893299279 ) ) ;
#1903 = MECHANICAL_DESIGN_GEOMETRIC_PRESENTATION_REPRESENTATION (  '', ( #117 ), #2756 ) ;
#1904 = CARTESIAN_POINT ( 'NONE',  ( 3.965000000000000746, -4.700000000000000178, 6.700000000000000178 ) ) ;
#1905 = CARTESIAN_POINT ( 'NONE',  ( -1.782179788281250010, 2.601953126083940138, -5.599999999999999645 ) ) ;
#1906 = LINE ( 'NONE', #3150, #693 ) ;
#1907 = CARTESIAN_POINT ( 'NONE',  ( 1.850000000000000089, -2.899999999999999911, 12.69999999999999929 ) ) ;
#1908 = ORIENTED_EDGE ( 'NONE', *, *, #3807, .T. ) ;
#1909 = PLANE ( 'NONE',  #1887 ) ;
#1910 = CARTESIAN_POINT ( 'NONE',  ( -4.415000000000000036, -3.149999999999999911, 12.69999999999999929 ) ) ;
#1911 = CARTESIAN_POINT ( 'NONE',  ( -1.260191413587276044, -8.411328123916060662, -4.339808586412725155 ) ) ;
#1912 = ORIENTED_EDGE ( 'NONE', *, *, #3129, .T. ) ;
#1913 = EDGE_CURVE ( 'NONE', #2669, #2217, #976, .T. ) ;
#1914 = CARTESIAN_POINT ( 'NONE',  ( 1.260191413587278042, 0.7167968760839379394, -6.860191413587279463 ) ) ;
#1915 = CARTESIAN_POINT ( 'NONE',  ( -1.782179788281249566, -4.591406248916058530, -6.338203038893299279 ) ) ;
#1916 = CARTESIAN_POINT ( 'NONE',  ( -1.575967255436963699, -3.150000000000003464, -6.253796541700480383 ) ) ;
#1917 = CARTESIAN_POINT ( 'NONE',  ( 1.352549999999999031, 0.8160156249999981348, -5.039755446212264900 ) ) ;
#1918 = ORIENTED_EDGE ( 'NONE', *, *, #3426, .F. ) ;
#1919 = CARTESIAN_POINT ( 'NONE',  ( -0.9563972768938640012, -3.202343747832119725, -4.643602723106139862 ) ) ;
#1920 = CARTESIAN_POINT ( 'NONE',  ( 1.782179788281233135, -3.301562498916048138, -6.338203038893288621 ) ) ;
#1921 = DIRECTION ( 'NONE',  ( 1.000000000000000000, 0.000000000000000000, 0.000000000000000000 ) ) ;
#1922 = CARTESIAN_POINT ( 'NONE',  ( 1.352549999999999697, 2.850000000000000089, -5.599999999999999645 ) ) ;
#1923 = CARTESIAN_POINT ( 'NONE',  ( 4.165000000000000036, -3.149999999999999911, 12.69999999999999929 ) ) ;
#1924 = CARTESIAN_POINT ( 'NONE',  ( 1.352550000000001473, -2.855078122832123810, -6.160244553787730837 ) ) ;
#1925 = ORIENTED_EDGE ( 'NONE', *, *, #3184, .T. ) ;
#1926 = CARTESIAN_POINT ( 'NONE',  ( -1.782179788281249566, -8.659374998916064214, -6.338203038893299279 ) ) ;
#1927 = CARTESIAN_POINT ( 'NONE',  ( -0.7382030388933050746, -3.202343748916058441, -7.382179788281247212 ) ) ;
#1928 = CARTESIAN_POINT ( 'NONE',  ( 0.7382030388933061849, -5.186718748916064214, -3.817820211718748968 ) ) ;
#1929 = CARTESIAN_POINT ( 'NONE',  ( 1.260191413587278042, 0.6175781260839390274, -6.860191413587279463 ) ) ;
#1930 = ORIENTED_EDGE ( 'NONE', *, *, #761, .F. ) ;
#1931 = CARTESIAN_POINT ( 'NONE',  ( 1.782179788281249566, 0.5679687510839377396, -4.861796961106697346 ) ) ;
#1932 = CARTESIAN_POINT ( 'NONE',  ( 0.7382030388933050746, -4.789843748916061017, -7.382179788281247212 ) ) ;
#1933 =( BOUNDED_CURVE ( )  B_SPLINE_CURVE ( 2, ( #712, #2287, #2554, #3167, #986, #101, #3568, #1616, #964 ),
 .UNSPECIFIED., .F., .F. ) 
 B_SPLINE_CURVE_WITH_KNOTS ( ( 3, 2, 2, 2, 3 ),
 ( 0.1104350981190066056, 0.1114969706719829978, 0.1125588432249593901, 0.1136207157779357962, 0.1146825883309119942 ),
 .UNSPECIFIED. ) 
 CURVE ( )  GEOMETRIC_REPRESENTATION_ITEM ( )  RATIONAL_B_SPLINE_CURVE ( ( 1.000000000000287992, 0.9238795325109989687, 1.000000000000000000, 0.9238795325112869605, 1.000000000000000000, 0.9238795325112869605, 1.000000000000000000, 0.9238795325112899581, 1.000000000000000000 ) ) 
 REPRESENTATION_ITEM ( '' )  );
#1934 = CARTESIAN_POINT ( 'NONE',  ( 1.157145365683100779, -3.177204487699973878, -4.844350811894105213 ) ) ;
#1935 = CARTESIAN_POINT ( 'NONE',  ( 0.5602445537877294157, 0.2207031249999987510, -6.952550000000002228 ) ) ;
#1936 = EDGE_CURVE ( 'NONE', #2788, #54, #3785, .T. ) ;
#1937 = ORIENTED_EDGE ( 'NONE', *, *, #296, .F. ) ;
#1938 = CARTESIAN_POINT ( 'NONE',  ( -5.915000000000000036, -3.399999999999999911, 12.69999999999999929 ) ) ;
#1939 = CARTESIAN_POINT ( 'NONE',  ( 6.582645735676950771, -3.149999999999999911, 12.69999999999999929 ) ) ;
#1940 = CARTESIAN_POINT ( 'NONE',  ( 1.782179788281250010, -7.419140623916060662, -5.599999999999999645 ) ) ;
#1941 = EDGE_CURVE ( 'NONE', #1144, #2485, #1906, .T. ) ;
#1942 = DIRECTION ( 'NONE',  ( 0.000000000000000000, 0.000000000000000000, -1.000000000000000000 ) ) ;
#1943 = CARTESIAN_POINT ( 'NONE',  ( -0.5602445537877294157, -3.152734372832120435, -4.247449999999998838 ) ) ;
#1944 = CARTESIAN_POINT ( 'NONE',  ( 1.782179788281250010, 1.411328126083938095, -5.599999999999999645 ) ) ;
#1945 = CARTESIAN_POINT ( 'NONE',  ( -0.7382030388933039644, -8.460937498916063504, -3.817820211718748968 ) ) ;
#1946 = AXIS2_PLACEMENT_3D ( 'NONE', #3549, #3227, #411 ) ;
#1947 = ORIENTED_EDGE ( 'NONE', *, *, #3393, .T. ) ;
#1948 = CARTESIAN_POINT ( 'NONE',  ( 0.9563972768938659996, -7.567968747832120258, -6.556397276893870085 ) ) ;
#1949 = CARTESIAN_POINT ( 'NONE',  ( -1.782179788281249566, 0.1710937510839384279, -4.861796961106697346 ) ) ;
#1950 = VECTOR ( 'NONE', #2964, 1000.000000000000000 ) ;
#1951 = CARTESIAN_POINT ( 'NONE',  ( -2.978093509847214801E-16, 1.609765626083940138, -7.382179788281249877 ) ) ;
#1952 = CARTESIAN_POINT ( 'NONE',  ( 1.782179788281250010, -4.938671873916060662, -5.599999999999999645 ) ) ;
#1953 = DIRECTION ( 'NONE',  ( -1.000000000000000000, 0.000000000000000000, 0.000000000000000000 ) ) ;
#1954 = AXIS2_PLACEMENT_3D ( 'NONE', #3727, #877, #3411 ) ;
#1955 = CARTESIAN_POINT ( 'NONE',  ( -1.352549999999999031, -1.962109375000001599, -6.160244553787730837 ) ) ;
#1956 = CARTESIAN_POINT ( 'NONE',  ( 1.782179788281249566, 1.262500001083940226, -4.861796961106697346 ) ) ;
#1957 = ORIENTED_EDGE ( 'NONE', *, *, #1149, .F. ) ;
#1958 = CARTESIAN_POINT ( 'NONE',  ( 7.900000000000000355, -7.900000000000000355, 12.69999999999999929 ) ) ;
#1959 =( BOUNDED_CURVE ( )  B_SPLINE_CURVE ( 2, ( #3458, #1188, #2441, #3718, #870, #565, #3074, #2776, #4038 ),
 .UNSPECIFIED., .F., .T. ) 
 B_SPLINE_CURVE_WITH_KNOTS ( ( 3, 2, 2, 2, 3 ),
 ( 0.08070235594705858773, 0.08176430905960109519, 0.08282626217214360265, 0.08388821528468620725, 0.08495016839722870083 ),
 .UNSPECIFIED. ) 
 CURVE ( )  GEOMETRIC_REPRESENTATION_ITEM ( )  RATIONAL_B_SPLINE_CURVE ( ( 1.000000000000035971, 0.9238795325112509893, 1.000000000000000000, 0.9238795325112869605, 1.000000000000000000, 0.9238795325112869605, 1.000000000000000000, 0.9238795325113439150, 0.9999999999999430456 ) ) 
 REPRESENTATION_ITEM ( '' )  );
#1960 = CARTESIAN_POINT ( 'NONE',  ( -1.352549999999999031, -4.343359375000000355, -6.160244553787730837 ) ) ;
#1961 = ADVANCED_FACE ( 'NONE', ( #1864 ), #2933, .F. ) ;
#1962 = CARTESIAN_POINT ( 'NONE',  ( -0.5602445537877294157, -5.037890622832126297, -6.952550000000002228 ) ) ;
#1963 = CARTESIAN_POINT ( 'NONE',  ( -1.352550000000002584, -4.144921872832127541, -6.160244553787726396 ) ) ;
#1964 = CARTESIAN_POINT ( 'NONE',  ( 1.763401923025449625, -8.150000000000030553, -5.317095397206990093 ) ) ;
#1965 = CYLINDRICAL_SURFACE ( 'NONE', #41, 1.199999999999999734 ) ;
#1966 = ADVANCED_FACE ( 'NONE', ( #2249 ), #789, .F. ) ;
#1967 = CARTESIAN_POINT ( 'NONE',  ( -1.352549999999999031, -3.351171872832122034, -6.160244553787730837 ) ) ;
#1968 = CARTESIAN_POINT ( 'NONE',  ( 7.433571903057309588E-17, -1.565234373916059907, -7.382179788281249877 ) ) ;
#1969 = VERTEX_POINT ( 'NONE', #1288 ) ;
#1970 = CARTESIAN_POINT ( 'NONE',  ( -1.260191413587276044, -6.923046873916060662, -4.339808586412725155 ) ) ;
#1971 = VECTOR ( 'NONE', #2281, 1000.000000000000000 ) ;
#1972 = VERTEX_POINT ( 'NONE', #2538 ) ;
#1973 = CARTESIAN_POINT ( 'NONE',  ( 1.439073655554999887, -3.149999999999999467, -5.593027943194047502 ) ) ;
#1974 = CARTESIAN_POINT ( 'NONE',  ( 1.782179788281249566, -7.468749998916055510, -4.861796961106697346 ) ) ;
#1975 = AXIS2_PLACEMENT_3D ( 'NONE', #3222, #3503, #667 ) ;
#1976 = CARTESIAN_POINT ( 'NONE',  ( 1.782179788281249566, 0.4687500010839392717, -4.861796961106697346 ) ) ;
#1977 = CARTESIAN_POINT ( 'NONE',  ( 1.782179788281233135, -6.575781248916054089, -4.861796961106700898 ) ) ;
#1978 = CARTESIAN_POINT ( 'NONE',  ( -0.7382030388933050746, 1.163281251083938539, -3.817820211718748968 ) ) ;
#1979 = CARTESIAN_POINT ( 'NONE',  ( 0.7382030388933061849, -5.087499998916056754, -3.817820211718748968 ) ) ;
#1980 = DIRECTION ( 'NONE',  ( 0.000000000000000000, 0.000000000000000000, -1.000000000000000000 ) ) ;
#1981 = CARTESIAN_POINT ( 'NONE',  ( 0.9563972768938648894, -1.614843749999999911, -4.643602723106139862 ) ) ;
#1982 = CYLINDRICAL_SURFACE ( 'NONE', #387, 1.199999999999999734 ) ;
#1983 = ORIENTED_EDGE ( 'NONE', *, *, #372, .T. ) ;
#1984 = CARTESIAN_POINT ( 'NONE',  ( 1.600000000000000089, -3.149999999999999911, -12.69999999999999929 ) ) ;
#1985 = DIRECTION ( 'NONE',  ( 0.000000000000000000, 0.000000000000000000, -1.000000000000000000 ) ) ;
#1986 = CARTESIAN_POINT ( 'NONE',  ( -1.352550000000000141, -4.095312497832120258, -5.599999999999999645 ) ) ;
#1987 = CARTESIAN_POINT ( 'NONE',  ( 0.3142683237809080210, -8.149999999999963052, -4.081649565425545134 ) ) ;
#1988 = CARTESIAN_POINT ( 'NONE',  ( 0.9563972768938659996, -2.210156247832119725, -4.643602723106139862 ) ) ;
#1989 = CARTESIAN_POINT ( 'NONE',  ( -1.870054847325065288E-17, -0.7714843739160620606, -7.382179788281249877 ) ) ;
#1990 = CARTESIAN_POINT ( 'NONE',  ( 1.260191413587280040, -9.105859373916059596, -4.339808586412725155 ) ) ;
#1991 = EDGE_CURVE ( 'NONE', #2929, #3661, #3057, .T. ) ;
#1992 = CARTESIAN_POINT ( 'NONE',  ( -0.7382030388933039644, -6.278124998916055688, -7.382179788281247212 ) ) ;
#1993 = EDGE_LOOP ( 'NONE', ( #2757, #1869, #1792, #1433 ) ) ;
#1994 = CARTESIAN_POINT ( 'NONE',  ( 1.782179788281249566, -0.2257812489160611058, -6.338203038893299279 ) ) ;
#1995 = EDGE_CURVE ( 'NONE', #1392, #1592, #1621, .T. ) ;
#1996 = CARTESIAN_POINT ( 'NONE',  ( 1.260191413587268050, -8.014453123916050359, -6.860191413587270581 ) ) ;
#1997 = CARTESIAN_POINT ( 'NONE',  ( 1.352550000000000141, 0.2703125021678779993, -5.599999999999999645 ) ) ;
#1998 = CARTESIAN_POINT ( 'NONE',  ( -0.7382030388933050746, -2.309374998916061905, -7.382179788281247212 ) ) ;
#1999 = CARTESIAN_POINT ( 'NONE',  ( 0.7382030388933061849, -1.217968748916061772, -3.817820211718748968 ) ) ;
#2000 = LINE ( 'NONE', #1984, #3329 ) ;
#2001 = CARTESIAN_POINT ( 'NONE',  ( 1.707728039888280369, -8.149999999920792604, -5.090265030101396526 ) ) ;
#2002 = CARTESIAN_POINT ( 'NONE',  ( 0.9563972768938659996, -4.392968747832120435, -6.556397276893870085 ) ) ;
#2003 = CARTESIAN_POINT ( 'NONE',  ( 3.965000000000000746, -4.700000000000000178, 16.69999999999999929 ) ) ;
#2004 = CARTESIAN_POINT ( 'NONE',  ( 4.165000000000000036, -3.149999999999999911, 12.69999999999999929 ) ) ;
#2005 = CARTESIAN_POINT ( 'NONE',  ( -1.352549999999999031, -3.251953122832121235, -5.039755446212264900 ) ) ;
#2006 = VERTEX_POINT ( 'NONE', #2561 ) ;
#2007 = PRODUCT_DEFINITION_CONTEXT ( 'detailed design', #1273, 'design' ) ;
#2008 = CARTESIAN_POINT ( 'NONE',  ( -1.260191413587276044, -8.708984373916059951, -6.860191413587279463 ) ) ;
#2009 = CARTESIAN_POINT ( 'NONE',  ( -1.782179788281250010, -4.541796873916060129, -5.599999999999999645 ) ) ;
#2010 = EDGE_CURVE ( 'NONE', #3558, #3389, #347, .T. ) ;
#2011 = VERTEX_POINT ( 'NONE', #3370 ) ;
#2012 = CARTESIAN_POINT ( 'NONE',  ( -1.782179788281249566, -7.766406248916063682, -4.861796961106697346 ) ) ;
#2013 = CARTESIAN_POINT ( 'NONE',  ( 0.7382030388933061849, -1.217968748916061772, -3.817820211718748968 ) ) ;
#2014 = AXIS2_PLACEMENT_3D ( 'NONE', #1812, #187, #3053 ) ;
#2015 = CARTESIAN_POINT ( 'NONE',  ( 1.782179788281249566, -2.607031248916059418, -4.861796961106697346 ) ) ;
#2016 = EDGE_CURVE ( 'NONE', #446, #3417, #3652, .T. ) ;
#2017 = VERTEX_POINT ( 'NONE', #2135 ) ;
#2018 = DIRECTION ( 'NONE',  ( -1.000000000000000000, 0.000000000000000000, 0.000000000000000000 ) ) ;
#2019 = CARTESIAN_POINT ( 'NONE',  ( 0.7382030388933061849, -7.270312498916064570, -7.382179788281247212 ) ) ;
#2020 = CARTESIAN_POINT ( 'NONE',  ( -1.782179788281249566, -0.6226562489160610836, -4.861796961106697346 ) ) ;
#2021 = AXIS2_PLACEMENT_3D ( 'NONE', #2402, #1133, #165 ) ;
#2022 = VERTEX_POINT ( 'NONE', #806 ) ;
#2023 = CARTESIAN_POINT ( 'NONE',  ( -0.9563972768938640012, -5.980468750000000000, -6.556397276893870085 ) ) ;
#2024 = DIRECTION ( 'NONE',  ( -0.05977677641006642201, 0.9982117696170591525, 0.000000000000000000 ) ) ;
#2025 = CARTESIAN_POINT ( 'NONE',  ( -0.9563972768938648894, -4.194531247832125054, -6.556397276893870085 ) ) ;
#2026 = CARTESIAN_POINT ( 'NONE',  ( -1.782179788281250010, -6.923046873916060662, -5.599999999999999645 ) ) ;
#2027 = CARTESIAN_POINT ( 'NONE',  ( 0.9563972768938659996, -3.797656247832119636, -4.643602723106139862 ) ) ;
#2028 = CARTESIAN_POINT ( 'NONE',  ( -0.7382030388933050746, -1.217968748916061772, -3.817820211718748968 ) ) ;
#2029 = CARTESIAN_POINT ( 'NONE',  ( -0.7382030388933050746, -3.996093748916059507, -7.382179788281247212 ) ) ;
#2030 = VERTEX_POINT ( 'NONE', #3628 ) ;
#2031 = CARTESIAN_POINT ( 'NONE',  ( 1.782179788281249566, -9.056249998916056754, -4.861796961106697346 ) ) ;
#2032 = CARTESIAN_POINT ( 'NONE',  ( 0.7382030388933050746, -7.171093748916058885, -7.382179788281247212 ) ) ;
#2033 = ORIENTED_EDGE ( 'NONE', *, *, #72, .T. ) ;
#2034 = CYLINDRICAL_SURFACE ( 'NONE', #2471, 0.2500000000000002220 ) ;
#2035 = CARTESIAN_POINT ( 'NONE',  ( 1.782179788281249566, -8.163281248916055333, -6.338203038893299279 ) ) ;
#2036 = CARTESIAN_POINT ( 'NONE',  ( 1.260191413587278042, -0.3746093739160605285, -4.339808586412725155 ) ) ;
#2037 = CARTESIAN_POINT ( 'NONE',  ( 6.503982749310570010E-16, -2.755859373916060395, -3.817820211718750301 ) ) ;
#2038 = ORIENTED_EDGE ( 'NONE', *, *, #968, .T. ) ;
#2039 = CARTESIAN_POINT ( 'NONE',  ( 5.689915408652110259E-16, -2.061328123916060129, -3.817820211718750301 ) ) ;
#2040 = VERTEX_POINT ( 'NONE', #506 ) ;
#2041 = EDGE_CURVE ( 'NONE', #3790, #1118, #540, .T. ) ;
#2042 = CARTESIAN_POINT ( 'NONE',  ( -3.340514801712094942E-16, 2.850000000000000089, -5.599999999999999645 ) ) ;
#2043 = LINE ( 'NONE', #393, #880 ) ;
#2044 = CARTESIAN_POINT ( 'NONE',  ( 5.395170565496919814E-16, -5.533984373916060129, -7.382179788281249877 ) ) ;
#2045 = CARTESIAN_POINT ( 'NONE',  ( -0.5602445537877294157, -5.533984372832122745, -4.247449999999998838 ) ) ;
#2046 = CARTESIAN_POINT ( 'NONE',  ( 0.7382030388933061849, -1.118749998916061861, -3.817820211718748968 ) ) ;
#2047 = CARTESIAN_POINT ( 'NONE',  ( -1.260191413587276044, -4.541796873916060129, -4.339808586412725155 ) ) ;
#2048 = EDGE_LOOP ( 'NONE', ( #3156, #359, #2938, #1481 ) ) ;
#2049 = LINE ( 'NONE', #215, #2332 ) ;
#2050 = CARTESIAN_POINT ( 'NONE',  ( 1.782179788281249566, -5.682812498916062438, -6.338203038893299279 ) ) ;
#2051 = ORIENTED_EDGE ( 'NONE', *, *, #2761, .T. ) ;
#2052 = DIRECTION ( 'NONE',  ( -1.000000000000000000, 0.000000000000000000, 0.000000000000000000 ) ) ;
#2053 = CARTESIAN_POINT ( 'NONE',  ( 1.313281680895800079E-15, -8.411328123916060662, -3.817820211718750301 ) ) ;
#2054 = CARTESIAN_POINT ( 'NONE',  ( 0.5602445537877294157, 0.4191406271678783657, -6.952550000000002228 ) ) ;
#2055 = CARTESIAN_POINT ( 'NONE',  ( -1.782179788281249566, -1.317187498916061239, -4.861796961106697346 ) ) ;
#2056 = ORIENTED_EDGE ( 'NONE', *, *, #3890, .F. ) ;
#2057 =( NAMED_UNIT ( * ) PLANE_ANGLE_UNIT ( ) SI_UNIT ( $, .RADIAN. ) );
#2058 = CARTESIAN_POINT ( 'NONE',  ( -1.001072825390962027E-16, -0.07695312391606129454, -7.382179788281249877 ) ) ;
#2059 = ORIENTED_EDGE ( 'NONE', *, *, #939, .T. ) ;
#2060 = DIRECTION ( 'NONE',  ( 1.000000000000000000, 0.000000000000000000, 0.000000000000000000 ) ) ;
#2061 = ADVANCED_FACE ( 'NONE', ( #1440 ), #1126, .F. ) ;
#2062 = DIRECTION ( 'NONE',  ( -0.9998489111276409602, -0.01738260385761379936, 0.000000000000000000 ) ) ;
#2063 = CARTESIAN_POINT ( 'NONE',  ( 1.352550000000000141, 1.659375000000000044, -5.599999999999999645 ) ) ;
#2064 = CARTESIAN_POINT ( 'NONE',  ( 1.260191413587280040, -8.212890623916059951, -4.339808586412725155 ) ) ;
#2065 = CARTESIAN_POINT ( 'NONE',  ( 5.165000000000000036, -4.700000000000000178, 16.69999999999999929 ) ) ;
#2066 = CARTESIAN_POINT ( 'NONE',  ( -1.352550000000000141, -4.889062497832120435, -5.599999999999999645 ) ) ;
#2067 = CARTESIAN_POINT ( 'NONE',  ( -1.782179788281249566, -3.003906248916061728, -6.338203038893299279 ) ) ;
#2068 = EDGE_CURVE ( 'NONE', #3389, #2221, #2118, .T. ) ;
#2069 = CARTESIAN_POINT ( 'NONE',  ( 1.469985925622631932E-16, 0.8656250021678779660, -4.247449999999999726 ) ) ;
#2070 = CARTESIAN_POINT ( 'NONE',  ( 0.7382030388933050746, -4.095312498916060306, -7.382179788281247212 ) ) ;
#2071 = CARTESIAN_POINT ( 'NONE',  ( 1.352550000000010355, -3.748046872832122567, -5.039755446212275558 ) ) ;
#2072 = CARTESIAN_POINT ( 'NONE',  ( -1.260191413587276044, -6.823828123916060306, -4.339808586412725155 ) ) ;
#2073 = ORIENTED_EDGE ( 'NONE', *, *, #4080, .T. ) ;
#2074 = CARTESIAN_POINT ( 'NONE',  ( 6.336954265394160402, -3.149999999999999911, -12.69999999999999929 ) ) ;
#2075 = CARTESIAN_POINT ( 'NONE',  ( -1.782179788281249566, -4.690624998916059774, -6.338203038893299279 ) ) ;
#2076 = CARTESIAN_POINT ( 'NONE',  ( -0.7382030388933050746, -0.4242187489160616498, -3.817820211718748968 ) ) ;
#2077 = ORIENTED_EDGE ( 'NONE', *, *, #3214, .F. ) ;
#2078 = CARTESIAN_POINT ( 'NONE',  ( -1.782179788281249566, 0.8656250010839381392, -6.338203038893299279 ) ) ;
#2079 = VERTEX_POINT ( 'NONE', #3390 ) ;
#2080 = AXIS2_PLACEMENT_3D ( 'NONE', #2127, #2148, #896 ) ;
#2081 = CARTESIAN_POINT ( 'NONE',  ( 0.9563972768938659996, -6.178906250000000711, -6.556397276893870085 ) ) ;
#2082 = DIRECTION ( 'NONE',  ( 0.000000000000000000, 0.000000000000000000, 1.000000000000000000 ) ) ;
#2083 = CIRCLE ( 'NONE', #814, 1.199999999999999734 ) ;
#2084 = FACE_OUTER_BOUND ( 'NONE', #786, .T. ) ;
#2085 = CARTESIAN_POINT ( 'NONE',  ( -0.7382030388933050746, -5.980468748916058175, -3.817820211718748968 ) ) ;
#2086 = LINE ( 'NONE', #209, #3397 ) ;
#2087 = CARTESIAN_POINT ( 'NONE',  ( -0.9563972768938648894, -4.194531247832125054, -6.556397276893870085 ) ) ;
#2088 = CARTESIAN_POINT ( 'NONE',  ( 1.352550000000007024, -6.129296872832113330, -5.039755446212270229 ) ) ;
#2089 = CARTESIAN_POINT ( 'NONE',  ( -0.7382030388933050746, -3.698437498916062882, -3.817820211718748968 ) ) ;
#2090 = CIRCLE ( 'NONE', #3934, 0.6285915125432001149 ) ;
#2091 = EDGE_CURVE ( 'NONE', #1799, #135, #1544, .T. ) ;
#2092 =( BOUNDED_CURVE ( )  B_SPLINE_CURVE ( 2, ( #2828, #19, #956, #996, #346, #2869, #57, #2219, #3816 ),
 .UNSPECIFIED., .F., .T. ) 
 B_SPLINE_CURVE_WITH_KNOTS ( ( 3, 2, 2, 2, 3 ),
 ( 0.4375000000000000000, 0.4453125000000000000, 0.4531250000000000000, 0.4609375000000000000, 0.4687500000000000000 ),
 .UNSPECIFIED. ) 
 CURVE ( )  GEOMETRIC_REPRESENTATION_ITEM ( )  RATIONAL_B_SPLINE_CURVE ( ( 1.000000000000000000, 0.9238795325112859613, 1.000000000000000000, 0.9238795325112869605, 1.000000000000000000, 0.9238795325112869605, 1.000000000000000000, 0.9238795325112889589, 1.000000000000000000 ) ) 
 REPRESENTATION_ITEM ( '' )  );
#2093 = DIRECTION ( 'NONE',  ( 0.000000000000000000, 0.000000000000000000, -1.000000000000000000 ) ) ;
#2094 = CARTESIAN_POINT ( 'NONE',  ( -1.850000000000000089, 7.521408487456800351, -12.69999999999999929 ) ) ;
#2095 = CARTESIAN_POINT ( 'NONE',  ( 1.366654511936869154, -3.150000000000004796, -6.370472768599729996 ) ) ;
#2096 = CARTESIAN_POINT ( 'NONE',  ( 5.165000000000000036, -4.700000000000000178, 6.700000000000000178 ) ) ;
#2097 = VERTEX_POINT ( 'NONE', #1546 ) ;
#2098 = CARTESIAN_POINT ( 'NONE',  ( -8.149999999999998579, -8.149999999999998579, -12.69999999999999929 ) ) ;
#2099 = ORIENTED_EDGE ( 'NONE', *, *, #2383, .T. ) ;
#2100 = DIRECTION ( 'NONE',  ( 1.000000000000000000, -4.243104671853940479E-15, 0.000000000000000000 ) ) ;
#2101 = VECTOR ( 'NONE', #2024, 1000.000000000000227 ) ;
#2102 = CARTESIAN_POINT ( 'NONE',  ( -0.5602445537877294157, -8.113671875000003197, -4.247449999999998838 ) ) ;
#2103 = CARTESIAN_POINT ( 'NONE',  ( 4.415000000000000036, -3.763250300240245316, 12.69999999999999929 ) ) ;
#2104 = CARTESIAN_POINT ( 'NONE',  ( 1.782179788281250010, -6.526171873916060129, -5.599999999999999645 ) ) ;
#2105 = DIRECTION ( 'NONE',  ( 1.000000000000000000, 0.000000000000000000, 0.000000000000000000 ) ) ;
#2106 = SURFACE_SIDE_STYLE ('',( #587 ) ) ;
#2107 = CARTESIAN_POINT ( 'NONE',  ( 1.352550000000001473, -4.442578122832119725, -6.160244553787730837 ) ) ;
#2108 = CARTESIAN_POINT ( 'NONE',  ( 1.782179788281250010, -3.351171873916060306, -5.599999999999999645 ) ) ;
#2109 = CYLINDRICAL_SURFACE ( 'NONE', #3247, 1.199999999999999734 ) ;
#2110 = CARTESIAN_POINT ( 'NONE',  ( 1.782179788281249566, -3.499999998916060839, -4.861796961106696457 ) ) ;
#2111 = CARTESIAN_POINT ( 'NONE',  ( 6.065276607074140185E-16, -5.881249997832120435, -6.952550000000000452 ) ) ;
#2112 = LINE ( 'NONE', #2472, #299 ) ;
#2113 = FACE_OUTER_BOUND ( 'NONE', #437, .T. ) ;
#2114 = CARTESIAN_POINT ( 'NONE',  ( -1.352549999999999031, -3.549609374999997957, -6.160244553787730837 ) ) ;
#2115 = ADVANCED_FACE ( 'NONE', ( #924 ), #2192, .F. ) ;
#2116 =( BOUNDED_SURFACE ( )  B_SPLINE_SURFACE ( 1, 2, ( 
 ( #3407, #3444, #609, #1239, #873, #2871, #572, #1355, #2615, #1880, #366, #1017, #2258, #1842, #3082, #1536, #1215, #2468, #1649, #1631, #3743, #898, #2168, #3428, #1319, #1956, #2891, #2572, #3520, #3838, #3199, #75, #203, #2078, #1708, #2361, #2992, #1462, #3630, #1750, #448, #2949, #1127, #426, #1418, #2702, #1062, #2635, #3328, #2317, #3564, #784, #2058, #507, #745, #3582, #1377, #158, #137, #2378, #1398, #3654, #807, #2020, #1772, #3877, #3309, #1687, #487, #2678, #3940, #183, #1441, #3961, #3239, #1999, #3263, #726, #1079, #1041, #2336, #3012, #2299, #2928, #1103, #113, #2654, #2970, #3897, #3918, #3610, #764, #2039, #3287, #468, #1729, #1868, #2775, #1145, #849, #1480, #3047, #1791, #242, #4036, #3977, #2755, #599, #2120, #2396, #1185, #1806, #3673, #1205, #3371, #3715, #2732, #1504, #4054, #3033, #3071, #222, #827, #3994, #1226, #3750, #523, #4016, #1165, #2477, #905, #3112, #2439, #2419, #1850, #1547, #2458, #868, #884, #2136, #3391, #561, #1830, #261, #1526, #3731, #2159, #3416, #581, #3092, #3435, #297, #2717, #2514, #2765, #2205, #858, #631, #2834, #3380, #2467, #1902, #897, #3123, #3467, #311, #3406, #2818, #285, #3723, #2430, #8, #1238, #2149, #1821, #571, #1261, #550, #3061, #1841, #3081, #269, #1535, #4043, #1214, #3427, #591, #3101, #1556, #2799, #4066, #3760, #915, #2677, #3286, #2532, #705, #2019, #3629, #1707, #1665, #1974, #3217, #1056, #3577, #3602, #741, #2012, #3255, #441, #1702, #1393, #3914, #1074, #758, #2035, #3280, #153, #780, #1744, #2053, #3304, #3493, #2900, #1051, #1926, #2308, #3556, #736, #1327, #2603, #3172, #1008, #360, #2562, #717, #2270, #3827, #83, #1800, #193, #3618, #2370 ),
 ( #149, #3298, #1471, #233, #2663, #1718, #3926, #1492, #1738, #3337, #4005, #2726, #2325, #2407, #1090, #1452, #2347, #3592, #1136, #3684, #213, #752, #2980, #494, #3359, #3950, #1114, #1429, #2069, #1761, #3662, #835, #3022, #444, #3936, #3237, #2314, #2054, #2698, #1122, #1997, #3068, #505, #539, #1503, #66, #2266, #467, #2360, #414, #1229, #2716, #3135, #1307, #1345, #2898, #2601, #3589, #1674, #3889, #2579, #3846, #3248, #2558, #3554, #733, #3188, #674, #126, #379, #1618, #415, #2917, #2643, #2881, #1639, #3511, #2289, #1006, #435, #3530, #1697, #2937, #67, #1387, #2324, #104, #3825, #1367, #715, #1988, #2624, #1050, #2307, #988, #48, #1326, #2857, #3209, #2247, #1028, #356, #396, #1924, #3169, #1067, #3570, #3906, #3230, #1943, #2267, #2005, #694, #1967, #1656, #81, #3865, #3356, #475, #2978, #211, #815, #2027, #794, #2744, #166, #3270, #3316, #3948, #1716, #2087, #1427, #1759, #3617, #3640, #2107, #1089, #1134, #3925, #458, #2344, #528, #1797, #2957, #2066, #2661, #3040, #833, #4002, #2684, #147, #3982, #3682, #3335, #493, #3020, #772, #2045, #3296, #1737, #1112, #1405, #513, #2368, #3966, #2999, #2384, #231, #1173, #1783, #1489, #191, #2428, #1448, #751, #2706, #3659, #1469, #2724, #1154, #2405, #2202, #3121, #1839, #1878, #2797, #872, #332, #309, #3758, #2445, #251, #2146, #2816, #3146, #1512, #547, #4023, #2832, #3079, #607, #24, #6, #3703, #1259, #3378, #4064, #1193, #1281, #1236, #2512, #1575, #2126, #1819, #1858, #629, #1212, #2465, #1595, #3721, #3403, #3425, #3780, #589, #568, #284, #3059, #856, #2762, #2490, #3741, #3465, #266, #1533, #1554, #2778, #895, #2165, #4041, #3099, #913, #2183, #936 ) ),
 .UNSPECIFIED., .F., .F., .F. ) 
 B_SPLINE_SURFACE_WITH_KNOTS ( ( 2, 2 ),
 ( 3, 2, 2, 2, 2, 2, 2, 2, 2, 2, 2, 2, 2, 2, 2, 2, 2, 2, 2, 2, 2, 2, 2, 2, 2, 2, 2, 2, 2, 2, 2, 2, 2, 2, 2, 2, 2, 2, 2, 2, 2, 2, 2, 2, 2, 2, 2, 2, 2, 2, 2, 2, 2, 2, 2, 2, 2, 2, 2, 2, 2, 2, 2, 2, 2, 2, 2, 2, 2, 2, 2, 2, 2, 2, 2, 2, 2, 2, 2, 2, 2, 2, 2, 2, 2, 2, 2, 2, 2, 2, 2, 2, 2, 2, 2, 2, 2, 2, 2, 2, 2, 2, 2, 2, 2, 2, 2, 2, 2, 2, 2, 2, 2, 2, 2, 2, 2, 2, 2, 2, 2, 3 ),
 ( 0.000000000000000000, 1.000000000000000000 ),
 ( 0.000000000000000000, 0.007812500000000000000, 0.01562500000000000000, 0.02343750000000000000, 0.03125000000000000000, 0.03906250000000000000, 0.04687500000000000000, 0.05468750000000000000, 0.06250000000000000000, 0.07031250000000000000, 0.07812500000000000000, 0.08593750000000000000, 0.09375000000000000000, 0.1015625000000000000, 0.1093750000000000000, 0.1171875000000000000, 0.1250000000000000000, 0.1328125000000000000, 0.1406250000000000000, 0.1484375000000000000, 0.1562500000000000000, 0.1640625000000000000, 0.1718750000000000000, 0.1796875000000000000, 0.1875000000000000000, 0.1953125000000000000, 0.2031250000000000000, 0.2109375000000000000, 0.2187500000000000000, 0.2265625000000000000, 0.2343750000000000000, 0.2421875000000000000, 0.2500000000000000000, 0.2578125000000000000, 0.2656250000000000000, 0.2734375000000000000, 0.2812500000000000000, 0.2890625000000000000, 0.2968750000000000000, 0.3046875000000000000, 0.3125000000000000000, 0.3203125000000000000, 0.3281250000000000000, 0.3359375000000000000, 0.3437500000000000000, 0.3515625000000000000, 0.3593750000000000000, 0.3671875000000000000, 0.3750000000000000000, 0.3828125000000000000, 0.3906250000000000000, 0.3984375000000000000, 0.4062500000000000000, 0.4140625000000000000, 0.4218750000000000000, 0.4296875000000000000, 0.4375000000000000000, 0.4453125000000000000, 0.4531250000000000000, 0.4609375000000000000, 0.4687500000000000000, 0.4765625000000000000, 0.4843750000000000000, 0.4921875000000000000, 0.5000000000000000000, 0.5078125000000000000, 0.5156250000000000000, 0.5234375000000000000, 0.5312500000000000000, 0.5390625000000000000, 0.5468750000000000000, 0.5546875000000000000, 0.5625000000000000000, 0.5703125000000000000, 0.5781250000000000000, 0.5859375000000000000, 0.5937500000000000000, 0.6015625000000000000, 0.6093750000000000000, 0.6171875000000000000, 0.6250000000000000000, 0.6328125000000000000, 0.6406250000000000000, 0.6484375000000000000, 0.6562500000000000000, 0.6640625000000000000, 0.6718750000000000000, 0.6796875000000000000, 0.6875000000000000000, 0.6953125000000000000, 0.7031250000000000000, 0.7109375000000000000, 0.7187500000000000000, 0.7265625000000000000, 0.7343750000000000000, 0.7421875000000000000, 0.7500000000000000000, 0.7578125000000000000, 0.7656250000000000000, 0.7734375000000000000, 0.7812500000000000000, 0.7890625000000000000, 0.7968750000000000000, 0.8046875000000000000, 0.8125000000000000000, 0.8203125000000000000, 0.8281250000000000000, 0.8359375000000000000, 0.8437500000000000000, 0.8515625000000000000, 0.8593750000000000000, 0.8671875000000000000, 0.8750000000000000000, 0.8828125000000000000, 0.8906250000000000000, 0.8984375000000000000, 0.9062500000000000000, 0.9140625000000000000, 0.9218750000000000000, 0.9296875000000000000, 0.9375000000000000000, 0.9448723532218840093 ),
 .UNSPECIFIED. ) 
 GEOMETRIC_REPRESENTATION_ITEM ( )  RATIONAL_B_SPLINE_SURFACE ( (
 ( 1.000000000000000000, 0.9238795325112869605, 1.000000000000000000, 0.9238795325112869605, 1.000000000000000000, 0.9238795325112869605, 1.000000000000000000, 0.9238795325112869605, 1.000000000000000000, 0.9238795325112869605, 1.000000000000000000, 0.9238795325112869605, 1.000000000000000000, 0.9238795325112869605, 1.000000000000000000, 0.9238795325112869605, 1.000000000000000000, 0.9238795325112869605, 1.000000000000000000, 0.9238795325112869605, 1.000000000000000000, 0.9238795325112869605, 1.000000000000000000, 0.9238795325112869605, 1.000000000000000000, 0.9238795325112869605, 1.000000000000000000, 0.9238795325112869605, 1.000000000000000000, 0.9238795325112869605, 1.000000000000000000, 0.9238795325112869605, 1.000000000000000000, 0.9238795325112869605, 1.000000000000000000, 0.9238795325112869605, 1.000000000000000000, 0.9238795325112869605, 1.000000000000000000, 0.9238795325112869605, 1.000000000000000000, 0.9238795325112869605, 1.000000000000000000, 0.9238795325112869605, 1.000000000000000000, 0.9238795325112869605, 1.000000000000000000, 0.9238795325112869605, 1.000000000000000000, 0.9238795325112869605, 1.000000000000000000, 0.9238795325112869605, 1.000000000000000000, 0.9238795325112869605, 1.000000000000000000, 0.9238795325112869605, 1.000000000000000000, 0.9238795325112869605, 1.000000000000000000, 0.9238795325112869605, 1.000000000000000000, 0.9238795325112869605, 1.000000000000000000, 0.9238795325112869605, 1.000000000000000000, 0.9238795325112869605, 1.000000000000000000, 0.9238795325112869605, 1.000000000000000000, 0.9238795325112869605, 1.000000000000000000, 0.9238795325112869605, 1.000000000000000000, 0.9238795325112869605, 1.000000000000000000, 0.9238795325112869605, 1.000000000000000000, 0.9238795325112869605, 1.000000000000000000, 0.9238795325112869605, 1.000000000000000000, 0.9238795325112869605, 1.000000000000000000, 0.9238795325112869605, 1.000000000000000000, 0.9238795325112869605, 1.000000000000000000, 0.9238795325112869605, 1.000000000000000000, 0.9238795325112869605, 1.000000000000000000, 0.9238795325112869605, 1.000000000000000000, 0.9238795325112869605, 1.000000000000000000, 0.9238795325112869605, 1.000000000000000000, 0.9238795325112869605, 1.000000000000000000, 0.9238795325112869605, 1.000000000000000000, 0.9238795325112869605, 1.000000000000000000, 0.9238795325112869605, 1.000000000000000000, 0.9238795325112869605, 1.000000000000000000, 0.9238795325112869605, 1.000000000000000000, 0.9238795325112869605, 1.000000000000000000, 0.9238795325112869605, 1.000000000000000000, 0.9238795325112869605, 1.000000000000000000, 0.9238795325112869605, 1.000000000000000000, 0.9238795325112869605, 1.000000000000000000, 0.9238795325112869605, 1.000000000000000000, 0.9238795325112869605, 1.000000000000000000, 0.9238795325112869605, 1.000000000000000000, 0.9238795325112869605, 1.000000000000000000, 0.9238795325112869605, 1.000000000000000000, 0.9238795325112869605, 1.000000000000000000, 0.9238795325112869605, 1.000000000000000000, 0.9238795325112869605, 1.000000000000000000, 0.9238795325112869605, 1.000000000000000000, 0.9238795325112869605, 1.000000000000000000, 0.9238795325112869605, 1.000000000000000000, 0.9238795325112869605, 1.000000000000000000, 0.9238795325112869605, 1.000000000000000000, 0.9238795325112869605, 1.000000000000000000, 0.9238795325112869605, 1.000000000000000000, 0.9238795325112869605, 1.000000000000000000, 0.9238795325112869605, 1.000000000000000000, 0.9238795325112869605, 1.000000000000000000, 0.9238795325112869605, 1.000000000000000000, 0.9238795325112869605, 1.000000000000000000, 0.9238795325112869605, 1.000000000000000000, 0.9238795325112869605, 1.000000000000000000, 0.9238795325112869605, 1.000000000000000000, 0.9238795325112869605, 1.000000000000000000, 0.9238795325112869605, 1.000000000000000000, 0.9238795325112869605, 1.000000000000000000, 0.9238795325112869605, 1.000000000000000000, 0.9238795325112869605, 1.000000000000000000, 0.9238795325112869605, 1.000000000000000000, 0.9238795325112869605, 1.000000000000000000, 0.9238795325112869605, 1.000000000000000000, 0.9238795325112869605, 1.000000000000000000, 0.9238795325112869605, 1.000000000000000000, 0.9238795325112869605, 1.000000000000000000, 0.9238795325112869605, 1.000000000000000000, 0.9238795325112869605, 1.000000000000000000, 0.9238795325112869605, 1.000000000000000000, 0.9238795325112869605, 1.000000000000000000, 0.9238795325112869605, 1.000000000000000000, 0.9238795325112869605, 1.000000000000000000, 0.9238795325112869605, 1.000000000000000000, 0.9238795325112869605, 1.000000000000000000, 0.9238795325112869605, 1.000000000000000000, 0.9238795325112869605, 1.000000000000000000, 0.9238795325112869605, 1.000000000000000000, 0.9238795325112869605, 1.000000000000000000, 0.9238795325112869605, 1.000000000000000000, 0.9238795325112869605, 1.000000000000000000, 0.9238795325112869605, 1.000000000000000000, 0.9238795325112869605, 1.000000000000000000, 0.9238795325112869605, 1.000000000000000000, 0.9238795325112869605, 1.000000000000000000, 0.9238795325112869605, 1.000000000000000000, 0.9238795325112869605, 1.000000000000000000, 0.9238795325112869605, 1.000000000000000000, 0.9238795325112869605, 1.000000000000000000, 0.9238795325112869605, 1.000000000000000000, 0.9238795325112869605, 1.000000000000000000, 0.9238795325112869605, 1.000000000000000000, 0.9238795325112869605, 1.000000000000000000, 0.9238795325112869605, 1.000000000000000000, 0.9281680673610589460, 0.9919061520084779815),
 ( 1.000000000000000000, 0.9238795325112869605, 1.000000000000000000, 0.9238795325112869605, 1.000000000000000000, 0.9238795325112869605, 1.000000000000000000, 0.9238795325112869605, 1.000000000000000000, 0.9238795325112869605, 1.000000000000000000, 0.9238795325112869605, 1.000000000000000000, 0.9238795325112869605, 1.000000000000000000, 0.9238795325112869605, 1.000000000000000000, 0.9238795325112869605, 1.000000000000000000, 0.9238795325112869605, 1.000000000000000000, 0.9238795325112869605, 1.000000000000000000, 0.9238795325112869605, 1.000000000000000000, 0.9238795325112869605, 1.000000000000000000, 0.9238795325112869605, 1.000000000000000000, 0.9238795325112869605, 1.000000000000000000, 0.9238795325112869605, 1.000000000000000000, 0.9238795325112869605, 1.000000000000000000, 0.9238795325112869605, 1.000000000000000000, 0.9238795325112869605, 1.000000000000000000, 0.9238795325112869605, 1.000000000000000000, 0.9238795325112869605, 1.000000000000000000, 0.9238795325112869605, 1.000000000000000000, 0.9238795325112869605, 1.000000000000000000, 0.9238795325112869605, 1.000000000000000000, 0.9238795325112869605, 1.000000000000000000, 0.9238795325112869605, 1.000000000000000000, 0.9238795325112869605, 1.000000000000000000, 0.9238795325112869605, 1.000000000000000000, 0.9238795325112869605, 1.000000000000000000, 0.9238795325112869605, 1.000000000000000000, 0.9238795325112869605, 1.000000000000000000, 0.9238795325112869605, 1.000000000000000000, 0.9238795325112869605, 1.000000000000000000, 0.9238795325112869605, 1.000000000000000000, 0.9238795325112869605, 1.000000000000000000, 0.9238795325112869605, 1.000000000000000000, 0.9238795325112869605, 1.000000000000000000, 0.9238795325112869605, 1.000000000000000000, 0.9238795325112869605, 1.000000000000000000, 0.9238795325112869605, 1.000000000000000000, 0.9238795325112869605, 1.000000000000000000, 0.9238795325112869605, 1.000000000000000000, 0.9238795325112869605, 1.000000000000000000, 0.9238795325112869605, 1.000000000000000000, 0.9238795325112869605, 1.000000000000000000, 0.9238795325112869605, 1.000000000000000000, 0.9238795325112869605, 1.000000000000000000, 0.9238795325112869605, 1.000000000000000000, 0.9238795325112869605, 1.000000000000000000, 0.9238795325112869605, 1.000000000000000000, 0.9238795325112869605, 1.000000000000000000, 0.9238795325112869605, 1.000000000000000000, 0.9238795325112869605, 1.000000000000000000, 0.9238795325112869605, 1.000000000000000000, 0.9238795325112869605, 1.000000000000000000, 0.9238795325112869605, 1.000000000000000000, 0.9238795325112869605, 1.000000000000000000, 0.9238795325112869605, 1.000000000000000000, 0.9238795325112869605, 1.000000000000000000, 0.9238795325112869605, 1.000000000000000000, 0.9238795325112869605, 1.000000000000000000, 0.9238795325112869605, 1.000000000000000000, 0.9238795325112869605, 1.000000000000000000, 0.9238795325112869605, 1.000000000000000000, 0.9238795325112869605, 1.000000000000000000, 0.9238795325112869605, 1.000000000000000000, 0.9238795325112869605, 1.000000000000000000, 0.9238795325112869605, 1.000000000000000000, 0.9238795325112869605, 1.000000000000000000, 0.9238795325112869605, 1.000000000000000000, 0.9238795325112869605, 1.000000000000000000, 0.9238795325112869605, 1.000000000000000000, 0.9238795325112869605, 1.000000000000000000, 0.9238795325112869605, 1.000000000000000000, 0.9238795325112869605, 1.000000000000000000, 0.9238795325112869605, 1.000000000000000000, 0.9238795325112869605, 1.000000000000000000, 0.9238795325112869605, 1.000000000000000000, 0.9238795325112869605, 1.000000000000000000, 0.9238795325112869605, 1.000000000000000000, 0.9238795325112869605, 1.000000000000000000, 0.9238795325112869605, 1.000000000000000000, 0.9238795325112869605, 1.000000000000000000, 0.9238795325112869605, 1.000000000000000000, 0.9238795325112869605, 1.000000000000000000, 0.9238795325112869605, 1.000000000000000000, 0.9238795325112869605, 1.000000000000000000, 0.9238795325112869605, 1.000000000000000000, 0.9238795325112869605, 1.000000000000000000, 0.9238795325112869605, 1.000000000000000000, 0.9238795325112869605, 1.000000000000000000, 0.9238795325112869605, 1.000000000000000000, 0.9238795325112869605, 1.000000000000000000, 0.9238795325112869605, 1.000000000000000000, 0.9238795325112869605, 1.000000000000000000, 0.9238795325112869605, 1.000000000000000000, 0.9238795325112869605, 1.000000000000000000, 0.9238795325112869605, 1.000000000000000000, 0.9238795325112869605, 1.000000000000000000, 0.9238795325112869605, 1.000000000000000000, 0.9238795325112869605, 1.000000000000000000, 0.9238795325112869605, 1.000000000000000000, 0.9238795325112869605, 1.000000000000000000, 0.9238795325112869605, 1.000000000000000000, 0.9238795325112869605, 1.000000000000000000, 0.9238795325112869605, 1.000000000000000000, 0.9238795325112869605, 1.000000000000000000, 0.9238795325112869605, 1.000000000000000000, 0.9238795325112869605, 1.000000000000000000, 0.9238795325112869605, 1.000000000000000000, 0.9238795325112869605, 1.000000000000000000, 0.9238795325112869605, 1.000000000000000000, 0.9238795325112869605, 1.000000000000000000, 0.9238795325112869605, 1.000000000000000000, 0.9238795325112869605, 1.000000000000000000, 0.9238795325112869605, 1.000000000000000000, 0.9238795325112869605, 1.000000000000000000, 0.9238795325112869605, 1.000000000000000000, 0.9238795325112869605, 1.000000000000000000, 0.9238795325112869605, 1.000000000000000000, 0.9281680673610589460, 0.9919061520084779815) ) ) 
 REPRESENTATION_ITEM ( '' )  SURFACE ( )  );
#2117 = ORIENTED_EDGE ( 'NONE', *, *, #567, .T. ) ;
#2118 = LINE ( 'NONE', #3695, #3257 ) ;
#2119 = EDGE_CURVE ( 'NONE', #1392, #192, #562, .T. ) ;
#2120 = CARTESIAN_POINT ( 'NONE',  ( 6.620278083690350397E-16, -2.855078123916060306, -3.817820211718750301 ) ) ;
#2121 = EDGE_LOOP ( 'NONE', ( #1937, #368, #560, #3021 ) ) ;
#2122 = DIRECTION ( 'NONE',  ( 1.000000000000000000, 0.000000000000000000, 0.000000000000000000 ) ) ;
#2123 = CARTESIAN_POINT ( 'NONE',  ( -0.7382030388933039644, -9.155468748916064214, -3.817820211718748968 ) ) ;
#2124 = CARTESIAN_POINT ( 'NONE',  ( 7.458591512543200075, 7.458591512543200075, 12.69999999999999929 ) ) ;
#2125 =( LENGTH_UNIT ( ) NAMED_UNIT ( * ) SI_UNIT ( .MILLI., .METRE. ) );
#2126 = CARTESIAN_POINT ( 'NONE',  ( 8.856364632188849751E-16, -8.262499997832120968, -6.952550000000000452 ) ) ;
#2127 = CARTESIAN_POINT ( 'NONE',  ( -3.340514801712094942E-16, 2.850000000000000089, -5.599999999999999645 ) ) ;
#2128 = CYLINDRICAL_SURFACE ( 'NONE', #240, 0.6285915125432001149 ) ;
#2129 = CARTESIAN_POINT ( 'NONE',  ( -1.260191413587276044, -7.617578123916060484, -4.339808586412725155 ) ) ;
#2130 = CARTESIAN_POINT ( 'NONE',  ( 0.5602445537877306370, -3.748046875000000444, -6.952550000000002228 ) ) ;
#2131 = CARTESIAN_POINT ( 'NONE',  ( -7.900000000000000355, -8.149999999999998579, 12.69999999999999929 ) ) ;
#2132 = EDGE_CURVE ( 'NONE', #3631, #1224, #3469, .T. ) ;
#2133 = CARTESIAN_POINT ( 'NONE',  ( 1.782179788281249566, -3.400781248916060040, -4.861796961106697346 ) ) ;
#2134 = ORIENTED_EDGE ( 'NONE', *, *, #3294, .T. ) ;
#2135 = CARTESIAN_POINT ( 'NONE',  ( -3.965000000000000746, -4.700000000000000178, 16.69999999999999929 ) ) ;
#2136 = CARTESIAN_POINT ( 'NONE',  ( 0.7382030388933061849, -4.392968748916064037, -3.817820211718748968 ) ) ;
#2137 = EDGE_LOOP ( 'NONE', ( #217, #707, #744, #620 ) ) ;
#2138 = CYLINDRICAL_SURFACE ( 'NONE', #3797, 0.6285915125432001149 ) ;
#2139 = ADVANCED_FACE ( 'NONE', ( #641 ), #1909, .F. ) ;
#2140 = CARTESIAN_POINT ( 'NONE',  ( 8.158592628451170249E-16, -7.667187500000000711, -6.952550000000000452 ) ) ;
#2141 = CARTESIAN_POINT ( 'NONE',  ( 1.352550000000000141, -5.484375000001339373, -5.599999999984880183 ) ) ;
#2142 = FACE_OUTER_BOUND ( 'NONE', #481, .T. ) ;
#2143 = PLANE ( 'NONE',  #3464 ) ;
#2144 = FACE_OUTER_BOUND ( 'NONE', #1742, .T. ) ;
#2145 = AXIS2_PLACEMENT_3D ( 'NONE', #3318, #3620, #1473 ) ;
#2146 = CARTESIAN_POINT ( 'NONE',  ( -1.352550000000000141, -7.270312497832120080, -5.599999999999999645 ) ) ;
#2147 = CARTESIAN_POINT ( 'NONE',  ( 0.7382030388933061849, -3.499999998916060839, -3.817820211718748968 ) ) ;
#2148 = DIRECTION ( 'NONE',  ( 0.000000000000000000, -1.000000000000000000, 0.000000000000000000 ) ) ;
#2149 = CARTESIAN_POINT ( 'NONE',  ( -0.7382030388933050746, -6.079687498916065636, -3.817820211718748968 ) ) ;
#2150 = DIRECTION ( 'NONE',  ( 0.000000000000000000, 0.000000000000000000, -1.000000000000000000 ) ) ;
#2151 = CARTESIAN_POINT ( 'NONE',  ( -1.782179788281249566, -6.178906248916060662, -4.861796961106696457 ) ) ;
#2152 = CARTESIAN_POINT ( 'NONE',  ( -0.04049772396375603267, -3.150000000003222222, -7.381719599744007709 ) ) ;
#2153 = AXIS2_PLACEMENT_3D ( 'NONE', #2578, #2265, #2623 ) ;
#2154 = B_SPLINE_CURVE_WITH_KNOTS ( 'NONE', 3,
 ( #410, #2914, #78, #3585, #3921, #1064, #2681, #1794, #3944, #3656, #830, #3963, #1754, #1130, #3291, #490 ),
 .UNSPECIFIED., .F., .F.,
 ( 4, 2, 2, 2, 2, 2, 2, 4 ),
 ( 4.578620562196072192E-17, 0.0003881403982653549201, 0.0007762807965306639784, 0.001164421194795972874, 0.001552561593061281553, 0.002328842389591898911, 0.002716982787857207590, 0.003105123186122515401 ),
 .UNSPECIFIED. ) ;
#2155 = CARTESIAN_POINT ( 'NONE',  ( -1.260191413587276044, -9.205078123916059951, -4.339808586412725155 ) ) ;
#2156 = CIRCLE ( 'NONE', #1227, 0.2500000000000000000 ) ;
#2157 = CARTESIAN_POINT ( 'NONE',  ( 1.352550000000012576, -7.716796872832115461, -5.039755446212275558 ) ) ;
#2158 = ORIENTED_EDGE ( 'NONE', *, *, #3521, .F. ) ;
#2159 = CARTESIAN_POINT ( 'NONE',  ( -1.260191413587276044, -4.740234373916059951, -6.860191413587279463 ) ) ;
#2160 = EDGE_LOOP ( 'NONE', ( #2859, #3289, #407, #664 ) ) ;
#2161 = DIRECTION ( 'NONE',  ( 0.000000000000000000, 0.000000000000000000, -1.000000000000000000 ) ) ;
#2162 = CARTESIAN_POINT ( 'NONE',  ( 0.9563972768938648894, -0.8210937500000019540, -4.643602723106139862 ) ) ;
#2163 = EDGE_CURVE ( 'NONE', #1071, #281, #2090, .T. ) ;
#2164 = ORIENTED_EDGE ( 'NONE', *, *, #3258, .T. ) ;
#2165 = CARTESIAN_POINT ( 'NONE',  ( -0.5602445537877294157, -9.502734372832122745, -4.247449999999998838 ) ) ;
#2166 = CYLINDRICAL_SURFACE ( 'NONE', #2080, 1.352550000000000141 ) ;
#2167 = AXIS2_PLACEMENT_3D ( 'NONE', #1648, #1039, #3178 ) ;
#2168 = CARTESIAN_POINT ( 'NONE',  ( 1.260191413587278042, 1.411328126083940093, -6.860191413587279463 ) ) ;
#2169 = CARTESIAN_POINT ( 'NONE',  ( 1.782179788281249566, -5.881249998916064037, -4.861796961106696457 ) ) ;
#2170 = CARTESIAN_POINT ( 'NONE',  ( -1.207245060317024832, -3.150000000000002132, -6.916266756315716080 ) ) ;
#2171 = CARTESIAN_POINT ( 'NONE',  ( 0.7382030388933050746, 1.560156251083937518, -7.382179788281247212 ) ) ;
#2172 = CARTESIAN_POINT ( 'NONE',  ( -0.4759644086198830393, -8.106208910303296378, -4.247449999999190595 ) ) ;
#2173 = CARTESIAN_POINT ( 'NONE',  ( -0.5602445537877294157, -2.557421875000001066, -4.247449999999998838 ) ) ;
#2174 = DIRECTION ( 'NONE',  ( 0.000000000000000000, 0.000000000000000000, -1.000000000000000000 ) ) ;
#2175 = EDGE_LOOP ( 'NONE', ( #3808, #2686, #1524, #2164 ) ) ;
#2176 = ORIENTED_EDGE ( 'NONE', *, *, #1178, .T. ) ;
#2177 = CARTESIAN_POINT ( 'NONE',  ( 0.7382030388932996345, -5.087499998916046984, -3.817820211718765400 ) ) ;
#2178 = CARTESIAN_POINT ( 'NONE',  ( -0.9563972768938640012, -7.567968750000000355, -6.556397276893870085 ) ) ;
#2179 = CARTESIAN_POINT ( 'NONE',  ( 1.352550000000000141, -5.484375000001339373, -5.599999999984880183 ) ) ;
#2180 = CARTESIAN_POINT ( 'NONE',  ( -2.146714468929635030E-17, -0.5234375000000000000, -6.952550000000000452 ) ) ;
#2181 = FILL_AREA_STYLE_COLOUR ( '', #3140 ) ;
#2182 = EDGE_CURVE ( 'NONE', #1234, #295, #946, .T. ) ;
#2183 = CARTESIAN_POINT ( 'NONE',  ( -1.352549999999999697, -9.698160637971412257, -6.126238321480033555 ) ) ;
#2184 = LINE ( 'NONE', #3487, #1348 ) ;
#2185 = LINE ( 'NONE', #1337, #2555 ) ;
#2186 = DIRECTION ( 'NONE',  ( 0.000000000000000000, 0.000000000000000000, -1.000000000000000000 ) ) ;
#2187 = EDGE_CURVE ( 'NONE', #2838, #1300, #2156, .T. ) ;
#2188 = CARTESIAN_POINT ( 'NONE',  ( 1.782179788281249566, -0.1265624989160617775, -6.338203038893299279 ) ) ;
#2189 = ORIENTED_EDGE ( 'NONE', *, *, #2835, .T. ) ;
#2190 = PLANE ( 'NONE',  #1954 ) ;
#2191 = CARTESIAN_POINT ( 'NONE',  ( 1.260191413587278042, -4.244140623916059951, -4.339808586412725155 ) ) ;
#2192 = CYLINDRICAL_SURFACE ( 'NONE', #3739, 1.352550000000000141 ) ;
#2193 = LINE ( 'NONE', #1910, #3820 ) ;
#2194 = CARTESIAN_POINT ( 'NONE',  ( 0.7382030388933050746, 0.6671875010839388720, -7.382179788281247212 ) ) ;
#2195 = ORIENTED_EDGE ( 'NONE', *, *, #1885, .T. ) ;
#2196 = CARTESIAN_POINT ( 'NONE',  ( 1.782179788281249566, 1.460937501083937606, -6.338203038893299279 ) ) ;
#2197 = LINE ( 'NONE', #908, #3955 ) ;
#2198 = CARTESIAN_POINT ( 'NONE',  ( -1.352550000000000141, -0.3250000000000000111, -5.599999999999999645 ) ) ;
#2199 = ORIENTED_EDGE ( 'NONE', *, *, #766, .T. ) ;
#2200 = CARTESIAN_POINT ( 'NONE',  ( -0.9563972768938580060, -7.369531250000000533, -4.643602723106149632 ) ) ;
#2201 = CARTESIAN_POINT ( 'NONE',  ( 1.782179788281233135, -3.400781248916049382, -4.861796961106700898 ) ) ;
#2202 = CARTESIAN_POINT ( 'NONE',  ( 0.5602445537877306370, -6.724609372832124343, -6.952550000000002228 ) ) ;
#2203 = AXIS2_PLACEMENT_3D ( 'NONE', #1859, #985, #3508 ) ;
#2204 = LINE ( 'NONE', #1615, #3665 ) ;
#2205 = CARTESIAN_POINT ( 'NONE',  ( 0.7382030388933061849, -5.186718748916064214, -3.817820211718748968 ) ) ;
#2206 = CARTESIAN_POINT ( 'NONE',  ( 6.336954265394160402, -3.149999999999999911, 12.69999999999999929 ) ) ;
#2207 = CARTESIAN_POINT ( 'NONE',  ( 1.782179788281249566, 2.254687501083938006, -6.338203038893299279 ) ) ;
#2208 = ORIENTED_EDGE ( 'NONE', *, *, #3231, .F. ) ;
#2209 = DIRECTION ( 'NONE',  ( 0.000000000000000000, -1.000000000000000000, 0.000000000000000000 ) ) ;
#2210 = EDGE_CURVE ( 'NONE', #3087, #2645, #3046, .T. ) ;
#2211 = AXIS2_PLACEMENT_3D ( 'NONE', #3931, #175, #1412 ) ;
#2212 = CARTESIAN_POINT ( 'NONE',  ( 1.782179788281249566, -4.095312498916060306, -6.338203038893299279 ) ) ;
#2213 = ORIENTED_EDGE ( 'NONE', *, *, #141, .F. ) ;
#2214 = DIRECTION ( 'NONE',  ( 1.000000000000000000, 0.000000000000000000, 0.000000000000000000 ) ) ;
#2215 = FACE_OUTER_BOUND ( 'NONE', #1897, .T. ) ;
#2216 = CARTESIAN_POINT ( 'NONE',  ( -1.782179788281249566, -9.254687498916059241, -4.861796961106697346 ) ) ;
#2217 = VERTEX_POINT ( 'NONE', #3216 ) ;
#2218 = CARTESIAN_POINT ( 'NONE',  ( 1.260191413587276044, 2.304296876083939960, -6.860191413587279463 ) ) ;
#2219 = CARTESIAN_POINT ( 'NONE',  ( 1.352549999999991481, -3.648828122832116438, -6.160244553787738830 ) ) ;
#2220 = CARTESIAN_POINT ( 'NONE',  ( 0.9563972768938648894, 0.9648437499999980016, -6.556397276893870085 ) ) ;
#2221 = VERTEX_POINT ( 'NONE', #3254 ) ;
#2222 = CARTESIAN_POINT ( 'NONE',  ( -0.9563972768944959402, -3.599218750000515055, -6.556397276894499804 ) ) ;
#2223 = CARTESIAN_POINT ( 'NONE',  ( -1.850000000000000089, -3.149999999999999911, 12.69999999999999929 ) ) ;
#2224 = CARTESIAN_POINT ( 'NONE',  ( -5.915000000000000036, -3.399999999999999911, -12.69999999999999929 ) ) ;
#2225 = CARTESIAN_POINT ( 'NONE',  ( 4.415000000000000036, -3.763250300240245316, 12.69999999999999929 ) ) ;
#2226 = DIRECTION ( 'NONE',  ( 0.000000000000000000, -1.000000000000000000, 0.000000000000000000 ) ) ;
#2227 = AXIS2_PLACEMENT_3D ( 'NONE', #2752, #4013, #1522 ) ;
#2228 = CARTESIAN_POINT ( 'NONE',  ( -1.260191413587278042, 1.907421876083940093, -4.339808586412725155 ) ) ;
#2229 = DIRECTION ( 'NONE',  ( 1.000000000000000000, 0.000000000000000000, 0.000000000000000000 ) ) ;
#2230 = LINE ( 'NONE', #2901, #676 ) ;
#2231 = CARTESIAN_POINT ( 'NONE',  ( 1.782179788281249566, -6.575781248916064747, -6.338203038893299279 ) ) ;
#2232 = EDGE_CURVE ( 'NONE', #3849, #488, #383, .T. ) ;
#2233 = ORIENTED_EDGE ( 'NONE', *, *, #3687, .F. ) ;
#2234 = DIRECTION ( 'NONE',  ( 1.000000000000000000, 0.000000000000000000, 0.000000000000000000 ) ) ;
#2235 = CARTESIAN_POINT ( 'NONE',  ( -1.260191413587278042, 1.609765626083940138, -6.860191413587279463 ) ) ;
#2236 = VERTEX_POINT ( 'NONE', #3279 ) ;
#2237 = CARTESIAN_POINT ( 'NONE',  ( -0.7382030388932976361, -5.484374998916050181, -7.382179788281236554 ) ) ;
#2238 = CARTESIAN_POINT ( 'NONE',  ( -0.7382030388933050746, 0.3695312510839379172, -3.817820211718748968 ) ) ;
#2239 = EDGE_CURVE ( 'NONE', #1202, #696, #1645, .T. ) ;
#2240 = FACE_OUTER_BOUND ( 'NONE', #2950, .T. ) ;
#2241 = CARTESIAN_POINT ( 'NONE',  ( -1.352550000000000141, 0.4687500000000000000, -5.599999999999999645 ) ) ;
#2242 = CARTESIAN_POINT ( 'NONE',  ( 0.7382030388932985243, -3.996093748916048849, -7.382179788281236554 ) ) ;
#2243 =( BOUNDED_CURVE ( )  B_SPLINE_CURVE ( 2, ( #2619, #689, #2244, #1962, #392, #3204, #1652, #3507, #2895 ),
 .UNSPECIFIED., .F., .T. ) 
 B_SPLINE_CURVE_WITH_KNOTS ( ( 3, 2, 2, 2, 3 ),
 ( 0.5625000000000000000, 0.5703125000000000000, 0.5781250000000000000, 0.5859375000000000000, 0.5937500000000000000 ),
 .UNSPECIFIED. ) 
 CURVE ( )  GEOMETRIC_REPRESENTATION_ITEM ( )  RATIONAL_B_SPLINE_CURVE ( ( 1.000000000000000000, 0.9238795325112859613, 1.000000000000000000, 0.9238795325112869605, 1.000000000000000000, 0.9238795325112869605, 1.000000000000000000, 0.9238795325112879597, 1.000000000000000000 ) ) 
 REPRESENTATION_ITEM ( '' )  );
#2244 = CARTESIAN_POINT ( 'NONE',  ( -0.9563972768938640012, -4.988281247832119902, -6.556397276893870085 ) ) ;
#2245 = CARTESIAN_POINT ( 'NONE',  ( 3.747354264323064843, -3.149999999999999911, 12.69999999999999929 ) ) ;
#2246 = DIRECTION ( 'NONE',  ( 0.000000000000000000, 0.000000000000000000, -1.000000000000000000 ) ) ;
#2247 = CARTESIAN_POINT ( 'NONE',  ( -0.5602445537877294157, -2.656640622832122212, -6.952550000000002228 ) ) ;
#2248 = CARTESIAN_POINT ( 'NONE',  ( -1.782179788281250010, 0.2207031260839384945, -5.599999999999999645 ) ) ;
#2249 = FACE_OUTER_BOUND ( 'NONE', #2137, .T. ) ;
#2250 = CARTESIAN_POINT ( 'NONE',  ( 0.7382030388933072951, -8.361718748916057820, -3.817820211718748968 ) ) ;
#2251 = CARTESIAN_POINT ( 'NONE',  ( 3.534445215420445455E-16, -3.946484373916060662, -7.382179788281249877 ) ) ;
#2252 = ORIENTED_EDGE ( 'NONE', *, *, #2719, .T. ) ;
#2253 = CARTESIAN_POINT ( 'NONE',  ( -0.7382030388933050746, 1.857812501083939694, -3.817820211718748968 ) ) ;
#2254 = EDGE_CURVE ( 'NONE', #678, #1972, #1331, .T. ) ;
#2255 = CARTESIAN_POINT ( 'NONE',  ( 1.022543344946348224E-15, -5.930859373916050004, -3.817820211718764956 ) ) ;
#2256 = CARTESIAN_POINT ( 'NONE',  ( 1.782179788281249566, 2.155468751083936763, -4.861796961106697346 ) ) ;
#2257 = CARTESIAN_POINT ( 'NONE',  ( -1.352549999999604680, -4.244140625000263789, -5.039755446210909540 ) ) ;
#2258 = CARTESIAN_POINT ( 'NONE',  ( 1.038102033460925965E-16, 1.907421876083940093, -3.817820211718750301 ) ) ;
#2259 = CARTESIAN_POINT ( 'NONE',  ( -7.458591512543200075, 7.458591512543200075, -12.69999999999999929 ) ) ;
#2260 = EDGE_CURVE ( 'NONE', #2006, #449, #1192, .T. ) ;
#2261 = CARTESIAN_POINT ( 'NONE',  ( -1.632508577804860028, -3.147877379917537244, -5.711361214574822043 ) ) ;
#2262 = DIRECTION ( 'NONE',  ( 0.000000000000000000, -1.000000000000000000, 0.000000000000000000 ) ) ;
#2263 = LINE ( 'NONE', #1922, #1814 ) ;
#2264 = CARTESIAN_POINT ( 'NONE',  ( 1.748961939092077644, -8.149999999999996803, -6.014440566595540716 ) ) ;
#2265 = DIRECTION ( 'NONE',  ( 0.000000000000000000, 0.000000000000000000, 1.000000000000000000 ) ) ;
#2266 = CARTESIAN_POINT ( 'NONE',  ( -0.9563972768938648894, -0.02734374783212174809, -4.643602723106139862 ) ) ;
#2267 = CARTESIAN_POINT ( 'NONE',  ( -0.9563972768938640012, -3.202343747832119725, -4.643602723106139862 ) ) ;
#2268 = CARTESIAN_POINT ( 'NONE',  ( -0.7382030388933050746, -1.515624998916060617, -7.382179788281247212 ) ) ;
#2269 = EDGE_LOOP ( 'NONE', ( #1478, #3436, #3048, #1667 ) ) ;
#2270 = CARTESIAN_POINT ( 'NONE',  ( 1.406317948399623994E-15, -9.205078123916059951, -3.817820211718750301 ) ) ;
#2271 = CARTESIAN_POINT ( 'NONE',  ( 1.782179788281249566, -8.262499998916062793, -4.861796961106697346 ) ) ;
#2272 = CIRCLE ( 'NONE', #430, 1.352550000000000141 ) ;
#2273 = ORIENTED_EDGE ( 'NONE', *, *, #2587, .T. ) ;
#2274 = CARTESIAN_POINT ( 'NONE',  ( 1.327081333320556888, -3.149999999999999467, -5.221392766843610644 ) ) ;
#2275 = CARTESIAN_POINT ( 'NONE',  ( -1.782179788281249566, -2.309374998916061905, -6.338203038893299279 ) ) ;
#2276 = AXIS2_PLACEMENT_3D ( 'NONE', #2595, #960, #3879 ) ;
#2277 = CARTESIAN_POINT ( 'NONE',  ( 1.260191413587278042, 1.510546876083940004, -6.860191413587279463 ) ) ;
#2278 = CARTESIAN_POINT ( 'NONE',  ( 1.260191413587278042, -4.839453123916060306, -6.860191413587279463 ) ) ;
#2279 = CARTESIAN_POINT ( 'NONE',  ( 1.352550000000702468, -3.946484375000392841, -5.039755446211999335 ) ) ;
#2280 = VECTOR ( 'NONE', #942, 1000.000000000000000 ) ;
#2281 = DIRECTION ( 'NONE',  ( 0.000000000000000000, -1.000000000000000000, 0.000000000000000000 ) ) ;
#2282 = ORIENTED_EDGE ( 'NONE', *, *, #1262, .T. ) ;
#2283 = CARTESIAN_POINT ( 'NONE',  ( 0.5602445537877598358, -6.129296875000041389, -6.952550000000077723 ) ) ;
#2284 = CARTESIAN_POINT ( 'NONE',  ( 1.600000000000000089, -2.899999999999999911, -12.69999999999999929 ) ) ;
#2285 = EDGE_CURVE ( 'NONE', #932, #2707, #2435, .T. ) ;
#2286 = DIRECTION ( 'NONE',  ( 0.000000000000000000, -1.000000000000000000, 0.000000000000000000 ) ) ;
#2287 = CARTESIAN_POINT ( 'NONE',  ( -1.352550000002433750, -7.518359375000263967, -6.160244553786446531 ) ) ;
#2288 = DIRECTION ( 'NONE',  ( 3.897404079615515347E-15, -1.000000000000000000, 0.000000000000000000 ) ) ;
#2289 = CARTESIAN_POINT ( 'NONE',  ( -0.5602445537877294157, -1.565234372832122078, -4.247449999999998838 ) ) ;
#2290 = CARTESIAN_POINT ( 'NONE',  ( -1.782179788281249566, -0.5234374989160613945, -4.861796961106697346 ) ) ;
#2291 = CARTESIAN_POINT ( 'NONE',  ( 1.782179788281250010, -8.212890623916059951, -5.599999999999999645 ) ) ;
#2292 = AXIS2_PLACEMENT_3D ( 'NONE', #2544, #2502, #3769 ) ;
#2293 = CARTESIAN_POINT ( 'NONE',  ( -1.260191413587276044, -6.228515623916059951, -6.860191413587279463 ) ) ;
#2294 = VERTEX_POINT ( 'NONE', #482 ) ;
#2295 = CARTESIAN_POINT ( 'NONE',  ( -1.260191413587278042, 0.02226562608393820031, -6.860191413587279463 ) ) ;
#2296 = CARTESIAN_POINT ( 'NONE',  ( 0.7382030388932985243, -7.171093748916048227, -7.382179788281236554 ) ) ;
#2297 = CARTESIAN_POINT ( 'NONE',  ( -0.7382030388933050746, -2.011718748916059063, -3.817820211718748968 ) ) ;
#2298 = CARTESIAN_POINT ( 'NONE',  ( 0.9563972768943500569, -3.996093750000394351, -4.643602723105659358 ) ) ;
#2299 = CARTESIAN_POINT ( 'NONE',  ( -1.260191413587278042, -1.565234373916059907, -6.860191413587279463 ) ) ;
#2300 = ORIENTED_EDGE ( 'NONE', *, *, #845, .F. ) ;
#2301 = DIRECTION ( 'NONE',  ( -1.000000000000000000, 0.000000000000000000, 0.000000000000000000 ) ) ;
#2302 = CARTESIAN_POINT ( 'NONE',  ( 1.352550000000000141, -5.285937497832120080, -5.599999999999999645 ) ) ;
#2303 = CARTESIAN_POINT ( 'NONE',  ( 3.733278214750525237, -2.914944194102520036, -12.69999999999999929 ) ) ;
#2304 = CARTESIAN_POINT ( 'NONE',  ( 1.782179788281249566, -7.369531248916060484, -6.338203038893300167 ) ) ;
#2305 = LINE ( 'NONE', #987, #3394 ) ;
#2306 = EDGE_CURVE ( 'NONE', #3976, #1972, #152, .T. ) ;
#2307 = CARTESIAN_POINT ( 'NONE',  ( -0.5602445537877294157, -2.358984372832119369, -4.247449999999998838 ) ) ;
#2308 = CARTESIAN_POINT ( 'NONE',  ( -1.260191413587276044, -8.708984373916059951, -6.860191413587279463 ) ) ;
#2309 = CARTESIAN_POINT ( 'NONE',  ( -1.274511370048528658, -3.151373416230963453, -6.845871457126031068 ) ) ;
#2310 = CARTESIAN_POINT ( 'NONE',  ( -0.7382030388933039644, -7.171093748916058885, -7.382179788281247212 ) ) ;
#2311 = CARTESIAN_POINT ( 'NONE',  ( 1.260191413587280040, -5.831640623916060306, -4.339808586412725155 ) ) ;
#2312 = CARTESIAN_POINT ( 'NONE',  ( 1.782179788281250010, -1.862890623916059862, -5.599999999999999645 ) ) ;
#2313 = CARTESIAN_POINT ( 'NONE',  ( 1.260191413587265830, -7.220703123916049293, -6.860191413587270581 ) ) ;
#2314 = CARTESIAN_POINT ( 'NONE',  ( -1.377624793231754046E-16, 0.4687500021678779882, -6.952550000000000452 ) ) ;
#2315 = CARTESIAN_POINT ( 'NONE',  ( -0.7382030388933050746, -1.217968748916061772, -3.817820211718748968 ) ) ;
#2316 = ORIENTED_EDGE ( 'NONE', *, *, #2930, .T. ) ;
#2317 = CARTESIAN_POINT ( 'NONE',  ( -1.782179788281249566, 0.07187500108393836407, -6.338203038893299279 ) ) ;
#2318 = ORIENTED_EDGE ( 'NONE', *, *, #1178, .F. ) ;
#2319 = CARTESIAN_POINT ( 'NONE',  ( -1.352549999999999031, -5.930859374999996270, -6.160244553787730837 ) ) ;
#2320 = CARTESIAN_POINT ( 'NONE',  ( 2.478591512543195208, 7.521408487456800351, 12.69999999999999929 ) ) ;
#2321 = DIRECTION ( 'NONE',  ( 1.000000000000000000, 0.000000000000000000, 0.000000000000000000 ) ) ;
#2322 = CARTESIAN_POINT ( 'NONE',  ( 1.260191413587278042, -7.220703123916059951, -6.860191413587279463 ) ) ;
#2323 = DIRECTION ( 'NONE',  ( 0.000000000000000000, 0.000000000000000000, -1.000000000000000000 ) ) ;
#2324 = CARTESIAN_POINT ( 'NONE',  ( 0.5602445537877306370, -1.962109372832121945, -6.952550000000002228 ) ) ;
#2325 = CARTESIAN_POINT ( 'NONE',  ( 5.396232505843960466E-17, 1.659375002167880142, -4.247449999999999726 ) ) ;
#2326 = CARTESIAN_POINT ( 'NONE',  ( -1.782179788281249566, -7.766406248916063682, -4.861796961106697346 ) ) ;
#2327 = CARTESIAN_POINT ( 'NONE',  ( -1.782179788281249566, -5.385156248916065813, -6.338203038893299279 ) ) ;
#2328 = ORIENTED_EDGE ( 'NONE', *, *, #2404, .T. ) ;
#2329 = CARTESIAN_POINT ( 'NONE',  ( 1.352549999999989483, -7.617578122832129317, -6.160244553787749489 ) ) ;
#2330 = EDGE_CURVE ( 'NONE', #1071, #1685, #3989, .T. ) ;
#2331 = CARTESIAN_POINT ( 'NONE',  ( -1.260191413587276044, 0.2207031260839384945, -4.339808586412725155 ) ) ;
#2332 = VECTOR ( 'NONE', #3985, 1000.000000000000000 ) ;
#2333 = CARTESIAN_POINT ( 'NONE',  ( -1.260191413587278042, 0.1214843760839380005, -6.860191413587279463 ) ) ;
#2334 = ORIENTED_EDGE ( 'NONE', *, *, #1614, .T. ) ;
#2335 = DIRECTION ( 'NONE',  ( 0.000000000000000000, 0.000000000000000000, 1.000000000000000000 ) ) ;
#2336 = CARTESIAN_POINT ( 'NONE',  ( -1.782179788281250010, -1.466015623916061994, -5.599999999999999645 ) ) ;
#2337 = VECTOR ( 'NONE', #1027, 1000.000000000000000 ) ;
#2338 = ORIENTED_EDGE ( 'NONE', *, *, #2535, .T. ) ;
#2339 = CARTESIAN_POINT ( 'NONE',  ( -0.5602445537877294157, -6.526171875000001066, -4.247449999999998838 ) ) ;
#2340 = VECTOR ( 'NONE', #2570, 1000.000000000000000 ) ;
#2341 = CARTESIAN_POINT ( 'NONE',  ( 6.582645735676950771, -3.149999999999999911, -12.69999999999999929 ) ) ;
#2342 = CARTESIAN_POINT ( 'NONE',  ( 1.782179788281249566, -5.682812498916062438, -6.338203038893299279 ) ) ;
#2343 = DIRECTION ( 'NONE',  ( -0.05977677641006642201, 0.9982117696170592636, 0.000000000000000000 ) ) ;
#2344 = CARTESIAN_POINT ( 'NONE',  ( 7.982524650890290216E-16, -4.690624997832120613, -4.247449999999999726 ) ) ;
#2345 = CARTESIAN_POINT ( 'NONE',  ( 0.7382030388933061849, -0.3249999989160619052, -3.817820211718748968 ) ) ;
#2346 = ORIENTED_EDGE ( 'NONE', *, *, #3315, .T. ) ;
#2347 = CARTESIAN_POINT ( 'NONE',  ( -1.352550000000000141, 1.460937502167878099, -5.599999999999999645 ) ) ;
#2348 = CARTESIAN_POINT ( 'NONE',  ( -1.260191413587276044, -5.533984373916060129, -6.860191413587279463 ) ) ;
#2349 = CARTESIAN_POINT ( 'NONE',  ( -6.165000000000000036, -3.399999999999999911, 12.69999999999999929 ) ) ;
#2350 = CARTESIAN_POINT ( 'NONE',  ( 1.782179788281249566, -4.889062498916055155, -6.338203038893299279 ) ) ;
#2351 = ORIENTED_EDGE ( 'NONE', *, *, #1094, .F. ) ;
#2352 = CARTESIAN_POINT ( 'NONE',  ( 7.458591512543200075, 7.458591512543200075, 12.69999999999999929 ) ) ;
#2353 = DIRECTION ( 'NONE',  ( -1.000000000000000000, 0.000000000000000000, 0.000000000000000000 ) ) ;
#2354 = CARTESIAN_POINT ( 'NONE',  ( 1.782179788281249566, -2.607031248916059418, -6.338203038893299279 ) ) ;
#2355 = VECTOR ( 'NONE', #1985, 1000.000000000000000 ) ;
#2356 = EDGE_CURVE ( 'NONE', #2236, #2594, #1692, .T. ) ;
#2357 = CARTESIAN_POINT ( 'NONE',  ( -1.782179788281249566, -0.5234374989160613945, -4.861796961106697346 ) ) ;
#2358 = VERTEX_POINT ( 'NONE', #2131 ) ;
#2359 = VECTOR ( 'NONE', #2811, 1000.000000000000000 ) ;
#2360 = CARTESIAN_POINT ( 'NONE',  ( -1.352550000000000141, -0.1265624978321215899, -5.599999999999999645 ) ) ;
#2361 = CARTESIAN_POINT ( 'NONE',  ( -0.7382030388933050746, 0.7664062510839383391, -7.382179788281247212 ) ) ;
#2362 = ORIENTED_EDGE ( 'NONE', *, *, #3597, .F. ) ;
#2363 = EDGE_CURVE ( 'NONE', #1419, #2294, #3127, .T. ) ;
#2364 = DIRECTION ( 'NONE',  ( 0.000000000000000000, -1.000000000000000000, 0.000000000000000000 ) ) ;
#2365 = CARTESIAN_POINT ( 'NONE',  ( -6.767287489215109808, 7.470609992384450670, 12.69999999999999929 ) ) ;
#2366 = CARTESIAN_POINT ( 'NONE',  ( -0.5602445537877306370, 1.907421874999997380, -6.952550000000002228 ) ) ;
#2367 = CARTESIAN_POINT ( 'NONE',  ( 1.782179788281249566, -7.369531248916060484, -4.861796961106697346 ) ) ;
#2368 = CARTESIAN_POINT ( 'NONE',  ( -0.5602445537877294157, -5.831640622832121146, -6.952550000000002228 ) ) ;
#2369 = EDGE_LOOP ( 'NONE', ( #3193, #2459, #1710, #2189, #1580, #2195, #174, #3522, #3776, #1042, #504, #2927, #3709, #2099, #1748, #2073, #2420, #466, #1767, #3722, #1228, #597, #3448, #2753, #3117, #735, #2993, #1912, #3065, #999, #2038, #1095, #212, #1568, #3152, #1268, #3093, #580, #2316, #267 ) ) ;
#2370 = CARTESIAN_POINT ( 'NONE',  ( -1.313558022700679784, -9.497503704329661289, -6.804462585038188571 ) ) ;
#2371 = CARTESIAN_POINT ( 'NONE',  ( -2.478591512543200093, 7.521408487456800351, 12.69999999999999929 ) ) ;
#2372 =( BOUNDED_CURVE ( )  B_SPLINE_CURVE ( 2, ( #1052, #2309, #2939, #1927, #2646, #3041, #753, #1137, #1115, #2110, #1801, #817, #2708, #2089, #168, #1453, #3593, #774, #234, #2029, #2386, #2070, #1493, #1762, #1785, #3360, #214, #477, #1472, #3663, #2047, #2747, #3984, #3338, #1091, #2960, #3299, #2408, #4006, #1406, #3273, #3685, #531, #3952, #1719, #3000, #2664, #1739, #195, #2981, #2348, #1430, #2687, #1216, #2469, #3706, #899, #2169, #874, #1176, #1240, #334, #2766, #2151, #3429, #9, #2494, #3724, #3408, #1843, #3124, #859, #3381, #2515, #3062, #1195, #2448, #632, #3083, #79, #3489, #2877, #2599, #1283, #1364, #3228, #432, #2304, #1940, #3862, #412, #1695, #1025, #1672, #672, #375, #2621, #656, #1654, #2915, #1305, #3509, #1004, #44, #64 ),
 .UNSPECIFIED., .F., .T. ) 
 B_SPLINE_CURVE_WITH_KNOTS ( ( 3, 2, 2, 2, 2, 2, 2, 2, 2, 2, 2, 2, 2, 2, 2, 2, 2, 2, 2, 2, 2, 2, 2, 2, 2, 2, 2, 2, 2, 2, 2, 2, 2, 2, 2, 2, 2, 2, 2, 2, 2, 2, 2, 2, 2, 2, 2, 2, 2, 2, 2, 2, 3 ),
 ( 0.4450810404944519627, 0.4453125000000000000, 0.4531250000000000000, 0.4609375000000000000, 0.4687500000000000000, 0.4765625000000000000, 0.4843750000000000000, 0.4921875000000000000, 0.5000000000000000000, 0.5078125000000000000, 0.5156250000000000000, 0.5234375000000000000, 0.5312500000000000000, 0.5390625000000000000, 0.5468750000000000000, 0.5546875000000000000, 0.5625000000000000000, 0.5703125000000000000, 0.5781250000000000000, 0.5859375000000000000, 0.5937500000000000000, 0.6015625000000000000, 0.6093750000000000000, 0.6171875000000000000, 0.6250000000000000000, 0.6328125000000000000, 0.6406250000000000000, 0.6484375000000000000, 0.6562500000000000000, 0.6640625000000000000, 0.6718750000000000000, 0.6796875000000000000, 0.6875000000000000000, 0.6953125000000000000, 0.7031250000000000000, 0.7109375000000000000, 0.7187500000000000000, 0.7265625000000000000, 0.7343750000000000000, 0.7421875000000000000, 0.7500000000000000000, 0.7578125000000000000, 0.7656250000000000000, 0.7734375000000000000, 0.7812500000000000000, 0.7890625000000000000, 0.7968750000000000000, 0.8046875000000000000, 0.8125000000000000000, 0.8203125000000000000, 0.8281250000000000000, 0.8359375000000000000, 0.8388351308957049390 ),
 .UNSPECIFIED. ) 
 CURVE ( )  GEOMETRIC_REPRESENTATION_ITEM ( )  RATIONAL_B_SPLINE_CURVE ( ( 0.9956232149406969434, 0.9977447928618219386, 1.000000000000000000, 0.9238795325112869605, 1.000000000000000000, 0.9238795325112869605, 1.000000000000000000, 0.9238795325112869605, 1.000000000000000000, 0.9238795325112869605, 1.000000000000000000, 0.9238795325112869605, 1.000000000000000000, 0.9238795325112869605, 1.000000000000000000, 0.9238795325112869605, 1.000000000000000000, 0.9238795325112869605, 1.000000000000000000, 0.9238795325112869605, 1.000000000000000000, 0.9238795325112869605, 1.000000000000000000, 0.9238795325112869605, 1.000000000000000000, 0.9238795325112869605, 1.000000000000000000, 0.9238795325112869605, 1.000000000000000000, 0.9238795325112869605, 1.000000000000000000, 0.9238795325112869605, 1.000000000000000000, 0.9238795325112869605, 1.000000000000000000, 0.9238795325112869605, 1.000000000000000000, 0.9238795325112869605, 1.000000000000000000, 0.9238795325112869605, 1.000000000000000000, 0.9238795325112869605, 1.000000000000000000, 0.9238795325112869605, 1.000000000000000000, 0.9238795325112869605, 1.000000000000000000, 0.9238795325112869605, 1.000000000000000000, 0.9238795325112869605, 1.000000000000000000, 0.9238795325112869605, 1.000000000000000000, 0.9238795325112869605, 1.000000000000000000, 0.9238795325112869605, 1.000000000000000000, 0.9238795325112869605, 1.000000000000000000, 0.9238795325112869605, 1.000000000000000000, 0.9238795325112869605, 1.000000000000000000, 0.9238795325112869605, 1.000000000000000000, 0.9238795325112869605, 1.000000000000000000, 0.9238795325112869605, 1.000000000000000000, 0.9238795325112869605, 1.000000000000000000, 0.9238795325112869605, 1.000000000000000000, 0.9238795325112869605, 1.000000000000000000, 0.9238795325112869605, 1.000000000000000000, 0.9238795325112869605, 1.000000000000000000, 0.9238795325112869605, 1.000000000000000000, 0.9238795325112869605, 1.000000000000000000, 0.9238795325112869605, 1.000000000000000000, 0.9238795325112869605, 1.000000000000000000, 0.9238795325112869605, 1.000000000000000000, 0.9238795325112869605, 1.000000000000000000, 0.9238795325112869605, 1.000000000000000000, 0.9238795325112869605, 1.000000000000000000, 0.9238795325112869605, 1.000000000000000000, 0.9238795325112869605, 1.000000000000000000, 0.9238795325112869605, 1.000000000000000000, 0.9238795325112869605, 1.000000000000000000, 0.9717671656459830887, 0.9644772645649269949 ) ) 
 REPRESENTATION_ITEM ( '' )  );
#2373 = CARTESIAN_POINT ( 'NONE',  ( -1.782179788281249566, -4.591406248916058530, -6.338203038893299279 ) ) ;
#2374 = ORIENTED_EDGE ( 'NONE', *, *, #2132, .F. ) ;
#2375 = CARTESIAN_POINT ( 'NONE',  ( 3.650740549800224856E-16, -4.045703123916060129, -7.382179788281249877 ) ) ;
#2376 = CARTESIAN_POINT ( 'NONE',  ( 1.260191413587278042, -0.8707031239160619718, -6.860191413587279463 ) ) ;
#2377 = EDGE_LOOP ( 'NONE', ( #2077, #3272, #2282, #1443 ) ) ;
#2378 = CARTESIAN_POINT ( 'NONE',  ( 0.7382030388933061849, -0.4242187489160610947, -3.817820211718748968 ) ) ;
#2379 = ORIENTED_EDGE ( 'NONE', *, *, #648, .F. ) ;
#2380 = CARTESIAN_POINT ( 'NONE',  ( -1.352549999999999031, -5.037890625000004619, -5.039755446212264900 ) ) ;
#2381 = LINE ( 'NONE', #1400, #1040 ) ;
#2382 = CARTESIAN_POINT ( 'NONE',  ( 1.782179788281250010, -7.319921873916060306, -5.599999999999999645 ) ) ;
#2383 = EDGE_CURVE ( 'NONE', #1033, #3599, #2542, .T. ) ;
#2384 = CARTESIAN_POINT ( 'NONE',  ( 0.9563972768938659996, -5.980468747832119902, -6.556397276893870085 ) ) ;
#2385 = EDGE_LOOP ( 'NONE', ( #3893, #2213, #344, #2252 ) ) ;
#2386 = CARTESIAN_POINT ( 'NONE',  ( 3.650740549800224856E-16, -4.045703123916060129, -7.382179788281249877 ) ) ;
#2387 = AXIS2_PLACEMENT_3D ( 'NONE', #2784, #275, #1581 ) ;
#2388 = LINE ( 'NONE', #3339, #2536 ) ;
#2389 = DIRECTION ( 'NONE',  ( 0.000000000000000000, 0.000000000000000000, -1.000000000000000000 ) ) ;
#2390 = CARTESIAN_POINT ( 'NONE',  ( 7.156912281452740462E-17, -1.317187500000001954, -6.952550000000000452 ) ) ;
#2391 = DIRECTION ( 'NONE',  ( 0.000000000000000000, 0.000000000000000000, -1.000000000000000000 ) ) ;
#2392 = CARTESIAN_POINT ( 'NONE',  ( 1.782179788281249566, -2.706249998916060218, -4.861796961106697346 ) ) ;
#2393 = LINE ( 'NONE', #1437, #1577 ) ;
#2394 = EDGE_LOOP ( 'NONE', ( #1774, #3034, #3992, #181, #3583, #804, #1374, #2273, #1378, #2948, #3730, #3351, #2208, #1330, #1605, #223, #1930, #3320, #3284, #3070, #2379, #3, #635, #184, #4042, #16, #3302, #2051, #3336, #2985, #2693, #3581, #3003, #3505, #3856, #1947, #1290, #305, #3240, #3060 ) ) ;
#2395 = PRODUCT_CONTEXT ( 'NONE', #2450, 'mechanical' ) ;
#2396 = CARTESIAN_POINT ( 'NONE',  ( -0.7382030388933050746, -2.904687498916061372, -3.817820211718748968 ) ) ;
#2397 = EDGE_LOOP ( 'NONE', ( #3090, #3297, #3372, #3878 ) ) ;
#2398 = CIRCLE ( 'NONE', #3460, 0.2500000000000002220 ) ;
#2399 = CARTESIAN_POINT ( 'NONE',  ( -1.352550000000389829, -5.137109374999992539, -6.160244553787429744 ) ) ;
#2400 = CARTESIAN_POINT ( 'NONE',  ( -0.9563972768938648894, 2.155468749999999822, -4.643602723106139862 ) ) ;
#2401 = CARTESIAN_POINT ( 'NONE',  ( -1.782179788281249566, -6.079687498916065636, -4.861796961106697346 ) ) ;
#2402 = CARTESIAN_POINT ( 'NONE',  ( -7.458591512543200075, 7.458591512543200075, 12.69999999999999929 ) ) ;
#2403 =( NAMED_UNIT ( * ) SI_UNIT ( $, .STERADIAN. ) SOLID_ANGLE_UNIT ( ) );
#2404 = EDGE_CURVE ( 'NONE', #1722, #3171, #801, .T. ) ;
#2405 = CARTESIAN_POINT ( 'NONE',  ( 6.995639282112380323E-16, -6.674999997832120613, -6.952550000000000452 ) ) ;
#2406 = VERTEX_POINT ( 'NONE', #2074 ) ;
#2407 = CARTESIAN_POINT ( 'NONE',  ( -0.5602445537877306370, 1.609765627167878410, -4.247449999999998838 ) ) ;
#2408 = CARTESIAN_POINT ( 'NONE',  ( 0.7382030388933050746, -4.889062498916056043, -7.382179788281247212 ) ) ;
#2409 = CARTESIAN_POINT ( 'NONE',  ( 8.149999999999998579, 7.458591512543200075, 12.69999999999999929 ) ) ;
#2410 = EDGE_CURVE ( 'NONE', #278, #1202, #1299, .T. ) ;
#2411 = FACE_OUTER_BOUND ( 'NONE', #128, .T. ) ;
#2412 = VERTEX_POINT ( 'NONE', #1096 ) ;
#2413 = DIRECTION ( 'NONE',  ( 0.000000000000000000, -1.000000000000000000, 0.000000000000000000 ) ) ;
#2414 = CARTESIAN_POINT ( 'NONE',  ( 1.352549999999999031, -3.053515624999999734, -6.160244553787730837 ) ) ;
#2415 = DIRECTION ( 'NONE',  ( 0.000000000000000000, 0.000000000000000000, 1.000000000000000000 ) ) ;
#2416 = CARTESIAN_POINT ( 'NONE',  ( 1.260191413587280040, -5.137109373916060484, -4.339808586412725155 ) ) ;
#2417 = ORIENTED_EDGE ( 'NONE', *, *, #892, .T. ) ;
#2418 = DIRECTION ( 'NONE',  ( 1.000000000000000000, 0.000000000000000000, 0.000000000000000000 ) ) ;
#2419 = CARTESIAN_POINT ( 'NONE',  ( 0.7382030388933050746, -4.095312498916060306, -7.382179788281247212 ) ) ;
#2420 = ORIENTED_EDGE ( 'NONE', *, *, #419, .T. ) ;
#2421 = DIRECTION ( 'NONE',  ( 1.000000000000000000, 0.000000000000000000, 0.000000000000000000 ) ) ;
#2422 = CIRCLE ( 'NONE', #2627, 0.6285915125432001149 ) ;
#2423 = CARTESIAN_POINT ( 'NONE',  ( 0.5602445537877306370, -8.510546874999993960, -6.952550000000002228 ) ) ;
#2424 = LINE ( 'NONE', #623, #2359 ) ;
#2425 = CARTESIAN_POINT ( 'NONE',  ( -1.782179788281249566, -9.350895014054685817, -6.293394920962167127 ) ) ;
#2426 = CARTESIAN_POINT ( 'NONE',  ( 3.982831157154790080, -3.149999999999999911, -12.69999999999999929 ) ) ;
#2427 = CYLINDRICAL_SURFACE ( 'NONE', #638, 1.352550000000000141 ) ;
#2428 = CARTESIAN_POINT ( 'NONE',  ( 9.843250000966769505E-16, -6.278124997832120080, -4.247449999999999726 ) ) ;
#2429 = CARTESIAN_POINT ( 'NONE',  ( 0.5602445537877316362, -6.228515622832124343, -4.247449999999998838 ) ) ;
#2430 = CARTESIAN_POINT ( 'NONE',  ( 1.260191413587280040, -5.930859373916060662, -4.339808586412725155 ) ) ;
#2431 = CARTESIAN_POINT ( 'NONE',  ( -4.415000000000000036, -3.399999999999999911, -12.69999999999999929 ) ) ;
#2432 = EDGE_CURVE ( 'NONE', #3839, #1033, #46, .T. ) ;
#2433 = CARTESIAN_POINT ( 'NONE',  ( -1.782179788281250010, -9.304296873916058530, -5.599999999999999645 ) ) ;
#2434 = CARTESIAN_POINT ( 'NONE',  ( 0.5602445537877306370, -2.954296874999998934, -6.952550000000002228 ) ) ;
#2435 = LINE ( 'NONE', #863, #2614 ) ;
#2436 = ADVANCED_FACE ( 'NONE', ( #519 ), #3623, .F. ) ;
#2437 = FACE_OUTER_BOUND ( 'NONE', #1826, .T. ) ;
#2438 = ORIENTED_EDGE ( 'NONE', *, *, #2163, .F. ) ;
#2439 = CARTESIAN_POINT ( 'NONE',  ( 3.650740549800224856E-16, -4.045703123916060129, -7.382179788281249877 ) ) ;
#2440 = VERTEX_POINT ( 'NONE', #1434 ) ;
#2441 = CARTESIAN_POINT ( 'NONE',  ( 0.9563972768938610036, -4.789843750000000178, -4.643602723106149632 ) ) ;
#2442 = CARTESIAN_POINT ( 'NONE',  ( -0.9563972768938648894, 1.957031250000000000, -6.556397276893870085 ) ) ;
#2443 = CARTESIAN_POINT ( 'NONE',  ( -1.352550000000000141, -6.675000000000000711, -5.600000000000339817 ) ) ;
#2444 = FILL_AREA_STYLE ('',( #3377 ) ) ;
#2445 = CARTESIAN_POINT ( 'NONE',  ( -0.9563972768938640012, -7.171093747832120613, -4.643602723106139862 ) ) ;
#2446 = CARTESIAN_POINT ( 'NONE',  ( 1.782179788281249566, -3.301562498916058797, -6.338203038893299279 ) ) ;
#2447 = CARTESIAN_POINT ( 'NONE',  ( -1.352550000000000141, -6.476562497832119902, -5.599999999999999645 ) ) ;
#2448 = CARTESIAN_POINT ( 'NONE',  ( 1.127209145888152052E-15, -6.823828123916060306, -3.817820211718750301 ) ) ;
#2449 = CARTESIAN_POINT ( 'NONE',  ( -6.365000000000000213, -4.700000000000000178, 6.700000000000000178 ) ) ;
#2450 = APPLICATION_CONTEXT ( 'automotive_design' ) ;
#2451 = CARTESIAN_POINT ( 'NONE',  ( -1.260191413587276044, -8.609765623916059596, -6.860191413587279463 ) ) ;
#2452 = CARTESIAN_POINT ( 'NONE',  ( 7.284752647152609728E-16, -4.095312500000000355, -4.247449999999999726 ) ) ;
#2453 = FACE_OUTER_BOUND ( 'NONE', #1561, .T. ) ;
#2454 = CARTESIAN_POINT ( 'NONE',  ( -1.260191413587276044, -5.533984373916060129, -6.860191413587279463 ) ) ;
#2455 = CARTESIAN_POINT ( 'NONE',  ( -1.782179788281249566, -3.003906248916061728, -6.338203038893299279 ) ) ;
#2456 = EDGE_CURVE ( 'NONE', #3096, #2485, #2694, .T. ) ;
#2457 = ORIENTED_EDGE ( 'NONE', *, *, #719, .T. ) ;
#2458 = CARTESIAN_POINT ( 'NONE',  ( 1.782179788281250010, -4.244140623916059951, -5.599999999999999645 ) ) ;
#2459 = ORIENTED_EDGE ( 'NONE', *, *, #1682, .T. ) ;
#2460 = DIRECTION ( 'NONE',  ( 0.000000000000000000, -1.000000000000000000, 0.000000000000000000 ) ) ;
#2461 = CARTESIAN_POINT ( 'NONE',  ( -0.5602445537877306370, -0.1761718750000012546, -4.247449999999998838 ) ) ;
#2462 = CARTESIAN_POINT ( 'NONE',  ( -0.5602445537877263071, -7.319921874999997691, -4.247450000000004167 ) ) ;
#2463 = CARTESIAN_POINT ( 'NONE',  ( 5.165000000000000036, -4.700000000000000178, -12.69999999999999929 ) ) ;
#2464 = AXIS2_PLACEMENT_3D ( 'NONE', #2728, #3688, #1496 ) ;
#2465 = CARTESIAN_POINT ( 'NONE',  ( 1.352550000000001473, -8.510546872832126297, -5.039755446212264900 ) ) ;
#2466 = DIRECTION ( 'NONE',  ( 1.000000000000000000, 0.000000000000000000, 0.000000000000000000 ) ) ;
#2467 = CARTESIAN_POINT ( 'NONE',  ( -1.782179788281250010, -5.434765623916060662, -5.599999999999999645 ) ) ;
#2468 = CARTESIAN_POINT ( 'NONE',  ( -1.782179788281249566, 1.659375001083938095, -6.338203038893299279 ) ) ;
#2469 = CARTESIAN_POINT ( 'NONE',  ( 1.260191413587278042, -5.732421873916059951, -6.860191413587279463 ) ) ;
#2470 = CARTESIAN_POINT ( 'NONE',  ( 3.965000000000000746, -4.700000000000000178, 12.69999999999999929 ) ) ;
#2471 = AXIS2_PLACEMENT_3D ( 'NONE', #3278, #3930, #1788 ) ;
#2472 = CARTESIAN_POINT ( 'NONE',  ( 8.149999999999998579, -8.149999999999998579, 12.69999999999999929 ) ) ;
#2473 = CARTESIAN_POINT ( 'NONE',  ( -0.9563972768938648894, -2.805468749999999734, -6.556397276893870085 ) ) ;
#2474 = CARTESIAN_POINT ( 'NONE',  ( 1.782179788281249566, -5.881249998916064925, -4.861796961106697346 ) ) ;
#2475 = B_SPLINE_CURVE_WITH_KNOTS ( 'NONE', 3,
 ( #702, #3481, #1298, #2846, #1916, #683 ),
 .UNSPECIFIED., .F., .F.,
 ( 4, 2, 4 ),
 ( 9.767038384975283943E-16, 0.0003867124122429176384, 0.0007734248244848586275 ),
 .UNSPECIFIED. ) ;
#2476 = ORIENTED_EDGE ( 'NONE', *, *, #1404, .T. ) ;
#2477 = CARTESIAN_POINT ( 'NONE',  ( -1.782179788281249566, -3.896874998916059152, -6.338203038893299279 ) ) ;
#2478 = ORIENTED_EDGE ( 'NONE', *, *, #2456, .F. ) ;
#2479 = EDGE_CURVE ( 'NONE', #2412, #1592, #3747, .T. ) ;
#2480 = CARTESIAN_POINT ( 'NONE',  ( -0.7382030388932985243, -5.186718748916053556, -3.817820211718765400 ) ) ;
#2481 = CARTESIAN_POINT ( 'NONE',  ( -1.352549999999999031, -7.419140625000003375, -5.039755446212264900 ) ) ;
#2482 = CARTESIAN_POINT ( 'NONE',  ( 7.900000000000000355, -8.149999999999998579, 12.69999999999999929 ) ) ;
#2483 = CIRCLE ( 'NONE', #1241, 0.2500000000000002220 ) ;
#2484 = CARTESIAN_POINT ( 'NONE',  ( -1.352549999999999031, 1.212890624999997335, -6.160244553787730837 ) ) ;
#2485 = VERTEX_POINT ( 'NONE', #3787 ) ;
#2486 = CARTESIAN_POINT ( 'NONE',  ( 1.100620334730553971E-15, -7.270312500000000178, -4.247449999999999726 ) ) ;
#2487 = ADVANCED_FACE ( 'NONE', ( #2453 ), #596, .T. ) ;
#2488 = CIRCLE ( 'NONE', #516, 1.199999999999999734 ) ;
#2489 = CARTESIAN_POINT ( 'NONE',  ( 6.995639282112380323E-16, -6.674999997832120613, -6.952550000000000452 ) ) ;
#2490 = CARTESIAN_POINT ( 'NONE',  ( 0.5602445537877306370, -9.105859372832119547, -6.952550000000002228 ) ) ;
#2491 = DIRECTION ( 'NONE',  ( -4.445560573694990261E-16, 1.000000000000000000, 0.000000000000000000 ) ) ;
#2492 =( GEOMETRIC_REPRESENTATION_CONTEXT ( 3 ) GLOBAL_UNCERTAINTY_ASSIGNED_CONTEXT ( ( #3494 ) ) GLOBAL_UNIT_ASSIGNED_CONTEXT ( ( #447, #2057, #1417 ) ) REPRESENTATION_CONTEXT ( 'NONE', 'WORKASPACE' ) );
#2493 = DIRECTION ( 'NONE',  ( 0.000000000000000000, 0.000000000000000000, -1.000000000000000000 ) ) ;
#2494 = CARTESIAN_POINT ( 'NONE',  ( -1.260191413587276044, -6.327734373916060306, -6.860191413587279463 ) ) ;
#2495 = CARTESIAN_POINT ( 'NONE',  ( -1.352550000000000141, -7.270312497832120080, -5.599999999999999645 ) ) ;
#2496 = CARTESIAN_POINT ( 'NONE',  ( -0.7382030388933050746, 0.8656250010839381392, -7.382179788281247212 ) ) ;
#2497 = ORIENTED_EDGE ( 'NONE', *, *, #2884, .F. ) ;
#2498 = CARTESIAN_POINT ( 'NONE',  ( -4.165000000000000036, -3.399999999999999911, -12.69999999999999929 ) ) ;
#2499 = CARTESIAN_POINT ( 'NONE',  ( 6.441828574914929492E-16, -6.426953123916060662, -7.382179788281249877 ) ) ;
#2500 = ORIENTED_EDGE ( 'NONE', *, *, #1538, .T. ) ;
#2501 = CARTESIAN_POINT ( 'NONE',  ( -1.352550000000000141, -6.675000000000000711, -5.600000000000339817 ) ) ;
#2502 = DIRECTION ( 'NONE',  ( 0.000000000000000000, 0.000000000000000000, -1.000000000000000000 ) ) ;
#2503 = CARTESIAN_POINT ( 'NONE',  ( -1.931435500429200193E-16, 0.7167968760839390496, -7.382179788281249877 ) ) ;
#2504 = EDGE_LOOP ( 'NONE', ( #2318, #1706, #3451, #1456, #605 ) ) ;
#2505 = CARTESIAN_POINT ( 'NONE',  ( 1.782179788281235133, -4.938671873916050004, -5.599999999999999645 ) ) ;
#2506 = CARTESIAN_POINT ( 'NONE',  ( -0.5602445537877294157, -7.617578125000004974, -6.952550000000002228 ) ) ;
#2507 =( BOUNDED_CURVE ( )  B_SPLINE_CURVE ( 2, ( #1156, #1802, #838, #235, #2111, #1431, #3361, #3042, #2982 ),
 .UNSPECIFIED., .F., .F. ) 
 B_SPLINE_CURVE_WITH_KNOTS ( ( 3, 2, 2, 2, 3 ),
 ( 0.6250000000000000000, 0.6328125000000000000, 0.6406250000000000000, 0.6484375000000000000, 0.6562500000000000000 ),
 .UNSPECIFIED. ) 
 CURVE ( )  GEOMETRIC_REPRESENTATION_ITEM ( )  RATIONAL_B_SPLINE_CURVE ( ( 1.000000000000000000, 0.9238795325112849621, 1.000000000000000000, 0.9238795325112869605, 1.000000000000000000, 0.9238795325112869605, 1.000000000000000000, 0.9238795325112879597, 1.000000000000000000 ) ) 
 REPRESENTATION_ITEM ( '' )  );
#2508 = CARTESIAN_POINT ( 'NONE',  ( 6.365000000000000213, -4.700000000000000178, 12.69999999999999929 ) ) ;
#2509 = CARTESIAN_POINT ( 'NONE',  ( 0.9563972768938648894, 0.1710937499999984901, -6.556397276893870085 ) ) ;
#2510 = EDGE_LOOP ( 'NONE', ( #1582, #3142, #727, #3010 ) ) ;
#2511 = CARTESIAN_POINT ( 'NONE',  ( -1.352549999997095798, -5.930859375000405720, -6.160244553790737321 ) ) ;
#2512 = CARTESIAN_POINT ( 'NONE',  ( -0.9563972768938640012, -8.163281247832120613, -6.556397276893870085 ) ) ;
#2513 = EDGE_CURVE ( 'NONE', #1020, #1068, #1520, .T. ) ;
#2514 = CARTESIAN_POINT ( 'NONE',  ( 1.782179788281249566, -5.087499998916056754, -4.861796961106697346 ) ) ;
#2515 = CARTESIAN_POINT ( 'NONE',  ( 1.782179788281249566, -6.674999998916060662, -4.861796961106696457 ) ) ;
#2516 = CARTESIAN_POINT ( 'NONE',  ( -1.352549999999993036, -7.220703122832124343, -5.039755446212258683 ) ) ;
#2517 = CARTESIAN_POINT ( 'NONE',  ( -1.782179788281249566, 0.9648437510839378284, -6.338203038893299279 ) ) ;
#2518 = ORIENTED_EDGE ( 'NONE', *, *, #3258, .F. ) ;
#2519 = CARTESIAN_POINT ( 'NONE',  ( 1.352550000000000141, -7.865624999999999645, -5.599999999999900169 ) ) ;
#2520 = DIRECTION ( 'NONE',  ( 0.000000000000000000, 0.000000000000000000, 1.000000000000000000 ) ) ;
#2521 = VERTEX_POINT ( 'NONE', #4031 ) ;
#2522 = DIRECTION ( 'NONE',  ( -4.243104671853940479E-15, 1.000000000000000000, 0.000000000000000000 ) ) ;
#2523 = CARTESIAN_POINT ( 'NONE',  ( -1.260191413587278042, 0.8160156260839379616, -6.860191413587279463 ) ) ;
#2524 = VERTEX_POINT ( 'NONE', #1846 ) ;
#2525 = CARTESIAN_POINT ( 'NONE',  ( 0.7382030388932996345, -5.881249998916053379, -3.817820211718765400 ) ) ;
#2526 = CARTESIAN_POINT ( 'NONE',  ( -1.352550000000833474, -3.450390625000514078, -5.039755446211827028 ) ) ;
#2527 = VERTEX_POINT ( 'NONE', #1907 ) ;
#2528 = CARTESIAN_POINT ( 'NONE',  ( -0.7556491964564573394, -3.177204486577362985, -4.442854642668729426 ) ) ;
#2529 = DIRECTION ( 'NONE',  ( 3.657556381180200085E-16, -1.000000000000000000, 0.000000000000000000 ) ) ;
#2530 = CARTESIAN_POINT ( 'NONE',  ( -8.149999999999998579, 7.458591512543200075, 12.69999999999999929 ) ) ;
#2531 = CARTESIAN_POINT ( 'NONE',  ( 4.415000000000000036, -3.399999999999999911, 12.69999999999999929 ) ) ;
#2532 = CARTESIAN_POINT ( 'NONE',  ( -0.7382030388933039644, -7.171093748916058885, -7.382179788281247212 ) ) ;
#2533 = CARTESIAN_POINT ( 'NONE',  ( 1.352550000000000141, -7.865624999999999645, -5.599999999999900169 ) ) ;
#2534 = FACE_OUTER_BOUND ( 'NONE', #834, .T. ) ;
#2535 = EDGE_CURVE ( 'NONE', #87, #2805, #339, .T. ) ;
#2536 = VECTOR ( 'NONE', #860, 1000.000000000000000 ) ;
#2537 = CARTESIAN_POINT ( 'NONE',  ( 1.782179788281249566, -0.2257812489160615776, -4.861796961106697346 ) ) ;
#2538 = CARTESIAN_POINT ( 'NONE',  ( 6.586916493176069309, -2.904345650964405223, 12.69999999999999929 ) ) ;
#2539 = DIRECTION ( 'NONE',  ( -1.000000000000000000, 3.247836733012930114E-15, 0.000000000000000000 ) ) ;
#2540 = STYLED_ITEM ( 'NONE', ( #3399 ), #1450 ) ;
#2541 = CARTESIAN_POINT ( 'NONE',  ( -0.7382030388933039644, -5.583593748916054977, -7.382179788281247212 ) ) ;
#2542 = CIRCLE ( 'NONE', #1825, 1.199999999999999734 ) ;
#2543 = VERTEX_POINT ( 'NONE', #943 ) ;
#2544 = CARTESIAN_POINT ( 'NONE',  ( -7.900000000000000355, -7.900000000000000355, -12.69999999999999929 ) ) ;
#2545 = CARTESIAN_POINT ( 'NONE',  ( 1.782179788281249566, 2.155468751083936763, -6.338203038893299279 ) ) ;
#2546 = ORIENTED_EDGE ( 'NONE', *, *, #1149, .T. ) ;
#2547 = CARTESIAN_POINT ( 'NONE',  ( -2.047730834808979840E-16, 0.8160156260839379616, -7.382179788281249877 ) ) ;
#2548 = CARTESIAN_POINT ( 'NONE',  ( 1.352550000000000141, -6.079687497832120258, -5.599999999999999645 ) ) ;
#2549 = CARTESIAN_POINT ( 'NONE',  ( -0.5602445537877306370, 1.411328124999998934, -4.247449999999998838 ) ) ;
#2550 = CARTESIAN_POINT ( 'NONE',  ( -0.7382030388932976361, -3.896874998916053823, -7.382179788281236554 ) ) ;
#2551 = COLOUR_RGB ( '',0.7921568627450980005, 0.8196078431372548767, 0.9333333333333333481 ) ;
#2552 = CARTESIAN_POINT ( 'NONE',  ( 6.336954265394160402, -2.899999999999999911, 12.69999999999999929 ) ) ;
#2553 = DIRECTION ( 'NONE',  ( 5.196538772820680293E-15, -1.000000000000000000, 0.000000000000000000 ) ) ;
#2554 = CARTESIAN_POINT ( 'NONE',  ( -0.9563972768944379865, -7.567968750000470202, -6.556397276894440296 ) ) ;
#2555 = VECTOR ( 'NONE', #1860, 1000.000000000000000 ) ;
#2556 = CARTESIAN_POINT ( 'NONE',  ( -0.3212667106488449886, -8.150000000000003908, -4.176111377509092115 ) ) ;
#2557 = VECTOR ( 'NONE', #2262, 1000.000000000000000 ) ;
#2558 = CARTESIAN_POINT ( 'NONE',  ( -1.352549999999999031, -0.8707031228321213678, -5.039755446212264900 ) ) ;
#2559 = DIRECTION ( 'NONE',  ( -1.000000000000000000, 0.000000000000000000, 0.000000000000000000 ) ) ;
#2560 = ORIENTED_EDGE ( 'NONE', *, *, #2587, .F. ) ;
#2561 = CARTESIAN_POINT ( 'NONE',  ( 1.260232849928653254, -3.149999999999999911, -5.108874082886366352 ) ) ;
#2562 = CARTESIAN_POINT ( 'NONE',  ( 1.260191413587280040, -9.105859373916059596, -4.339808586412725155 ) ) ;
#2563 = EDGE_CURVE ( 'NONE', #3171, #87, #3128, .T. ) ;
#2564 = CARTESIAN_POINT ( 'NONE',  ( 1.782179788281250010, -7.419140623916060662, -5.599999999999999645 ) ) ;
#2565 = VECTOR ( 'NONE', #1255, 1000.000000000000000 ) ;
#2566 = ADVANCED_FACE ( 'NONE', ( #291 ), #2839, .F. ) ;
#2567 = CARTESIAN_POINT ( 'NONE',  ( -1.782179788281250010, 1.708984376083940049, -5.599999999999999645 ) ) ;
#2568 = CARTESIAN_POINT ( 'NONE',  ( 0.7382030388933039644, 2.353906251083938805, -7.382179788281247212 ) ) ;
#2569 = CARTESIAN_POINT ( 'NONE',  ( -1.352550000000000141, -3.500000000000000000, -5.600000000000100009 ) ) ;
#2570 = DIRECTION ( 'NONE',  ( 0.000000000000000000, 0.000000000000000000, -1.000000000000000000 ) ) ;
#2571 = CARTESIAN_POINT ( 'NONE',  ( -0.9563972768938648894, -1.217968750000000044, -6.556397276893870085 ) ) ;
#2572 = CARTESIAN_POINT ( 'NONE',  ( 0.7382030388933061849, 1.163281251083938539, -3.817820211718748968 ) ) ;
#2573 = ORIENTED_EDGE ( 'NONE', *, *, #2432, .F. ) ;
#2574 = CARTESIAN_POINT ( 'NONE',  ( -5.165000000000000036, -4.700000000000000178, 16.69999999999999929 ) ) ;
#2575 = DIRECTION ( 'NONE',  ( 1.000000000000000000, 0.000000000000000000, 0.000000000000000000 ) ) ;
#2576 = CARTESIAN_POINT ( 'NONE',  ( -1.398146656345420125, -3.150000000000001243, -4.978384364871629053 ) ) ;
#2577 = CARTESIAN_POINT ( 'NONE',  ( 1.567983131771049976, -8.150000000000011013, -6.447109022640921339 ) ) ;
#2578 = CARTESIAN_POINT ( 'NONE',  ( 7.458591512543200075, 7.458591512543200075, -12.69999999999999929 ) ) ;
#2579 = CARTESIAN_POINT ( 'NONE',  ( 3.330711275699109742E-16, -0.7218749978321220562, -4.247449999999999726 ) ) ;
#2580 = CARTESIAN_POINT ( 'NONE',  ( -1.782179788281249566, 0.1710937510839384279, -6.338203038893299279 ) ) ;
#2581 = DIRECTION ( 'NONE',  ( 0.000000000000000000, 0.000000000000000000, -1.000000000000000000 ) ) ;
#2582 = CARTESIAN_POINT ( 'NONE',  ( 1.782179788281249566, -7.369531248916060484, -6.338203038893299279 ) ) ;
#2583 = VERTEX_POINT ( 'NONE', #1542 ) ;
#2584 = CARTESIAN_POINT ( 'NONE',  ( -0.5602445537877294157, -7.419140622832124166, -6.952550000000002228 ) ) ;
#2585 = CARTESIAN_POINT ( 'NONE',  ( 0.7382030388933050746, -2.507812498916063948, -7.382179788281247212 ) ) ;
#2586 = CARTESIAN_POINT ( 'NONE',  ( -0.7382030388932976361, -7.567968748916051425, -3.817820211718765400 ) ) ;
#2587 = EDGE_CURVE ( 'NONE', #3988, #87, #935, .T. ) ;
#2588 = CARTESIAN_POINT ( 'NONE',  ( -3.908456184885454939E-16, 2.403515626083939871, -7.382179788281249877 ) ) ;
#2589 = CARTESIAN_POINT ( 'NONE',  ( -1.782179788281250010, -4.541796873916060129, -5.599999999999999645 ) ) ;
#2590 = PLANE ( 'NONE',  #3077 ) ;
#2591 = AXIS2_PLACEMENT_3D ( 'NONE', #1245, #3766, #2539 ) ;
#2592 = CARTESIAN_POINT ( 'NONE',  ( -0.5602445537877294157, -1.763671875000000222, -4.247449999999998838 ) ) ;
#2593 = DIRECTION ( 'NONE',  ( 1.000000000000000000, 0.000000000000000000, 0.000000000000000000 ) ) ;
#2594 = VERTEX_POINT ( 'NONE', #30 ) ;
#2595 = CARTESIAN_POINT ( 'NONE',  ( -3.340514801712094942E-16, 2.850000000000000089, -5.599999999999999645 ) ) ;
#2596 = CARTESIAN_POINT ( 'NONE',  ( 6.297867278374709696E-16, -6.079687500000040323, -6.952550000000000452 ) ) ;
#2597 = CARTESIAN_POINT ( 'NONE',  ( -0.5602445537877294157, -5.533984372832123633, -4.247449999999998838 ) ) ;
#2598 = FACE_OUTER_BOUND ( 'NONE', #1867, .T. ) ;
#2599 = CARTESIAN_POINT ( 'NONE',  ( -1.260191413587276044, -7.121484373916060484, -6.860191413587279463 ) ) ;
#2600 = CARTESIAN_POINT ( 'NONE',  ( 5.165000000000000036, -4.700000000000000178, 12.69999999999999929 ) ) ;
#2601 = CARTESIAN_POINT ( 'NONE',  ( 1.352550000000000141, -0.5234374978321220118, -5.599999999999999645 ) ) ;
#2602 = CARTESIAN_POINT ( 'NONE',  ( 1.782179788281249566, -0.9203124989160613723, -6.338203038893299279 ) ) ;
#2603 = CARTESIAN_POINT ( 'NONE',  ( 1.260191413587280040, -8.907421873916058885, -6.860191413587279463 ) ) ;
#2604 = CARTESIAN_POINT ( 'NONE',  ( 0.7382030388933061849, -8.064062498916060306, -7.382179788281247212 ) ) ;
#2605 = AXIS2_PLACEMENT_3D ( 'NONE', #3525, #120, #1384 ) ;
#2606 = CIRCLE ( 'NONE', #2014, 0.2500000000000002220 ) ;
#2607 = ORIENTED_EDGE ( 'NONE', *, *, #2692, .T. ) ;
#2608 = CARTESIAN_POINT ( 'NONE',  ( -0.9563972768938640012, -7.369531247832120435, -6.556397276893870085 ) ) ;
#2609 = CARTESIAN_POINT ( 'NONE',  ( 1.260191413587278042, -1.763671873916059951, -6.860191413587279463 ) ) ;
#2610 = CIRCLE ( 'NONE', #821, 0.2500000000000002220 ) ;
#2611 = CARTESIAN_POINT ( 'NONE',  ( 6.325533240535150091E-16, -6.327734373916049648, -7.382179788281230337 ) ) ;
#2612 = CARTESIAN_POINT ( 'NONE',  ( 1.852169374119380169E-16, 1.212890626083938050, -3.817820211718750301 ) ) ;
#2613 = FACE_OUTER_BOUND ( 'NONE', #3440, .T. ) ;
#2614 = VECTOR ( 'NONE', #2415, 1000.000000000000000 ) ;
#2615 = CARTESIAN_POINT ( 'NONE',  ( 1.782179788281250010, 2.105859376083939694, -5.599999999999999645 ) ) ;
#2616 = EDGE_CURVE ( 'NONE', #4017, #1799, #314, .T. ) ;
#2617 = CYLINDRICAL_SURFACE ( 'NONE', #3253, 1.199999999999999734 ) ;
#2618 = CARTESIAN_POINT ( 'NONE',  ( 8.364708099386999996E-16, -4.343359373916049648, -3.817820211718764956 ) ) ;
#2619 = CARTESIAN_POINT ( 'NONE',  ( -1.352550000000000141, -4.889062497832120435, -5.599999999999999645 ) ) ;
#2620 = CARTESIAN_POINT ( 'NONE',  ( -3.106058958645210311, 7.558983661755359407, 12.69999999999999929 ) ) ;
#2621 = CARTESIAN_POINT ( 'NONE',  ( -1.782179788281250010, -7.816015623916060306, -5.599999999999999645 ) ) ;
#2622 = ADVANCED_FACE ( 'NONE', ( #3805 ), #3088, .F. ) ;
#2623 = DIRECTION ( 'NONE',  ( 1.000000000000000000, 0.000000000000000000, 0.000000000000000000 ) ) ;
#2624 = CARTESIAN_POINT ( 'NONE',  ( 0.5602445537877306370, -2.259765622832118570, -4.247449999999998838 ) ) ;
#2625 = VECTOR ( 'NONE', #825, 1000.000000000000000 ) ;
#2626 = CARTESIAN_POINT ( 'NONE',  ( 0.7382030388933072951, -6.774218748916054800, -3.817820211718748968 ) ) ;
#2627 = AXIS2_PLACEMENT_3D ( 'NONE', #2320, #3267, #2060 ) ;
#2628 = CARTESIAN_POINT ( 'NONE',  ( -1.782179788281249566, -5.285937498916058352, -4.861796961106697346 ) ) ;
#2629 = ORIENTED_EDGE ( 'NONE', *, *, #1026, .T. ) ;
#2630 = VECTOR ( 'NONE', #1168, 1000.000000000000114 ) ;
#2631 = CARTESIAN_POINT ( 'NONE',  ( 0.7382030388933061849, 0.3695312510839384723, -3.817820211718748968 ) ) ;
#2632 = CARTESIAN_POINT ( 'NONE',  ( 0.7382030388933061849, -1.118749998916061861, -3.817820211718748968 ) ) ;
#2633 = ORIENTED_EDGE ( 'NONE', *, *, #25, .T. ) ;
#2634 = CARTESIAN_POINT ( 'NONE',  ( 0.5602445537877306370, -1.664453124999999423, -4.247449999999998838 ) ) ;
#2635 = CARTESIAN_POINT ( 'NONE',  ( -1.782179788281249566, 0.1710937510839384279, -4.861796961106697346 ) ) ;
#2636 = EDGE_LOOP ( 'NONE', ( #1548, #3908, #202, #2676 ) ) ;
#2637 = CARTESIAN_POINT ( 'NONE',  ( 0.9563972768938648894, -4.591406250000000355, -6.556397276893870085 ) ) ;
#2638 = DIRECTION ( 'NONE',  ( 1.000000000000000000, 0.000000000000000000, 0.000000000000000000 ) ) ;
#2639 = CARTESIAN_POINT ( 'NONE',  ( -3.965000000000000746, -4.700000000000000178, 12.69999999999999929 ) ) ;
#2640 = CARTESIAN_POINT ( 'NONE',  ( 1.260191413587280040, -6.625390623916060484, -4.339808586412725155 ) ) ;
#2641 = CARTESIAN_POINT ( 'NONE',  ( 1.707728039888280369, -8.149999999920792604, -5.090265030101396526 ) ) ;
#2642 = EDGE_CURVE ( 'NONE', #1030, #2406, #2230, .T. ) ;
#2643 = CARTESIAN_POINT ( 'NONE',  ( 1.352550000000001473, -1.366796872832122034, -5.039755446212264900 ) ) ;
#2644 = CARTESIAN_POINT ( 'NONE',  ( -0.7382030388933050746, -0.4242187489160616498, -3.817820211718748968 ) ) ;
#2645 = VERTEX_POINT ( 'NONE', #84 ) ;
#2646 = CARTESIAN_POINT ( 'NONE',  ( 2.720377874761984719E-16, -3.251953123916060395, -7.382179788281249877 ) ) ;
#2647 = CARTESIAN_POINT ( 'NONE',  ( 1.260191413587280040, -8.907421873916058885, -6.860191413587279463 ) ) ;
#2648 = CARTESIAN_POINT ( 'NONE',  ( -1.782179788281250010, -6.129296873916060484, -5.599999999999999645 ) ) ;
#2649 = ORIENTED_EDGE ( 'NONE', *, *, #3109, .F. ) ;
#2650 = CARTESIAN_POINT ( 'NONE',  ( 0.5602445537877316362, -4.641015622832122212, -4.247449999999998838 ) ) ;
#2651 = CARTESIAN_POINT ( 'NONE',  ( 1.782179788281249566, -0.3249999989160607394, -4.861796961106697346 ) ) ;
#2652 = CARTESIAN_POINT ( 'NONE',  ( 1.782179788281249566, -0.1265624989160617775, -6.338203038893299279 ) ) ;
#2653 = ORIENTED_EDGE ( 'NONE', *, *, #665, .F. ) ;
#2654 = CARTESIAN_POINT ( 'NONE',  ( 1.260191413587278042, -1.763671873916059951, -6.860191413587279463 ) ) ;
#2655 = VERTEX_POINT ( 'NONE', #416 ) ;
#2656 = CARTESIAN_POINT ( 'NONE',  ( 0.5602445537877316362, -6.426953124999996270, -4.247449999999998838 ) ) ;
#2657 = CARTESIAN_POINT ( 'NONE',  ( 5.165000000000000036, -4.700000000000000178, -12.69999999999999929 ) ) ;
#2658 = CARTESIAN_POINT ( 'NONE',  ( 3.747354264323064843, -3.149999999999999911, 12.69999999999999929 ) ) ;
#2659 = CARTESIAN_POINT ( 'NONE',  ( -1.260191413587276044, -7.816015623916060306, -6.860191413587279463 ) ) ;
#2660 = VECTOR ( 'NONE', #3449, 1000.000000000000000 ) ;
#2661 = CARTESIAN_POINT ( 'NONE',  ( -1.352549999999999031, -4.938671872832118837, -6.160244553787730837 ) ) ;
#2662 = CARTESIAN_POINT ( 'NONE',  ( -0.7382030388933050746, -2.309374998916061905, -7.382179788281247212 ) ) ;
#2663 = CARTESIAN_POINT ( 'NONE',  ( -3.238350143308230131E-16, 2.056250002167880009, -6.952550000000000452 ) ) ;
#2664 = CARTESIAN_POINT ( 'NONE',  ( -1.260191413587276044, -5.335546873916060306, -4.339808586412725155 ) ) ;
#2665 = DIRECTION ( 'NONE',  ( 0.000000000000000000, 0.000000000000000000, -1.000000000000000000 ) ) ;
#2666 = EDGE_CURVE ( 'NONE', #2097, #1078, #2372, .T. ) ;
#2667 =( BOUNDED_CURVE ( )  B_SPLINE_CURVE ( 2, ( #37, #1609, #649 ),
 .UNSPECIFIED., .F., .T. ) 
 B_SPLINE_CURVE_WITH_KNOTS ( ( 3, 3 ),
 ( 0.8125000000000000000, 0.8192141144689429888 ),
 .UNSPECIFIED. ) 
 CURVE ( )  GEOMETRIC_REPRESENTATION_ITEM ( )  RATIONAL_B_SPLINE_CURVE ( ( 1.000000000000000000, 0.9345815638849639395, 0.9816052060945650304 ) ) 
 REPRESENTATION_ITEM ( '' )  );
#2668 = CARTESIAN_POINT ( 'NONE',  ( -1.782179788281249566, -4.492187498916058175, -4.861796961106697346 ) ) ;
#2669 = VERTEX_POINT ( 'NONE', #2533 ) ;
#2670 = DIRECTION ( 'NONE',  ( 1.000000000000000000, 0.000000000000000000, 0.000000000000000000 ) ) ;
#2671 = CARTESIAN_POINT ( 'NONE',  ( -0.7382030388933050746, -0.02734374891606110997, -7.382179788281247212 ) ) ;
#2672 = EDGE_CURVE ( 'NONE', #600, #2669, #1933, .T. ) ;
#2673 = CARTESIAN_POINT ( 'NONE',  ( 1.782179788281233135, -7.369531248916049826, -4.861796961106700898 ) ) ;
#2674 = AXIS2_PLACEMENT_3D ( 'NONE', #769, #2682, #748 ) ;
#2675 = CARTESIAN_POINT ( 'NONE',  ( -1.782179788281249566, -1.416406248916061150, -6.338203038893299279 ) ) ;
#2676 = ORIENTED_EDGE ( 'NONE', *, *, #141, .T. ) ;
#2677 = CARTESIAN_POINT ( 'NONE',  ( -1.782179788281249566, -7.071874998916062971, -6.338203038893299279 ) ) ;
#2678 = CARTESIAN_POINT ( 'NONE',  ( 0.7382030388933050746, -0.9203124989160613723, -7.382179788281247212 ) ) ;
#2679 = AXIS2_PLACEMENT_3D ( 'NONE', #2259, #97, #3857 ) ;
#2680 = AXIS2_PLACEMENT_3D ( 'NONE', #1890, #3415, #2214 ) ;
#2681 = CARTESIAN_POINT ( 'NONE',  ( -0.2649706229246227562, -8.149999999999874234, -7.092271616738778484 ) ) ;
#2682 = DIRECTION ( 'NONE',  ( -1.000000000000000000, -1.625580613857864815E-16, 0.000000000000000000 ) ) ;
#2683 = CARTESIAN_POINT ( 'NONE',  ( -1.260191413587276044, -6.823828123916060306, -4.339808586412725155 ) ) ;
#2684 = CARTESIAN_POINT ( 'NONE',  ( 0.5602445537877306370, -5.137109372832120435, -6.952550000000002228 ) ) ;
#2685 = CARTESIAN_POINT ( 'NONE',  ( -1.782179788281250010, -1.366796873916061861, -5.599999999999999645 ) ) ;
#2686 = ORIENTED_EDGE ( 'NONE', *, *, #2456, .T. ) ;
#2687 = CARTESIAN_POINT ( 'NONE',  ( 5.511465899876700201E-16, -5.633203123916060484, -7.382179788281249877 ) ) ;
#2688 = ORIENTED_EDGE ( 'NONE', *, *, #2884, .T. ) ;
#2689 = DIRECTION ( 'NONE',  ( 0.000000000000000000, 0.000000000000000000, 1.000000000000000000 ) ) ;
#2690 = CIRCLE ( 'NONE', #1442, 0.2500000000000002220 ) ;
#2691 = CARTESIAN_POINT ( 'NONE',  ( 1.260191413587280040, -6.625390623916060484, -4.339808586412725155 ) ) ;
#2692 = EDGE_CURVE ( 'NONE', #3599, #1206, #3800, .T. ) ;
#2693 = ORIENTED_EDGE ( 'NONE', *, *, #3607, .F. ) ;
#2694 = LINE ( 'NONE', #219, #4063 ) ;
#2695 = CARTESIAN_POINT ( 'NONE',  ( 0.7382030388933050746, -3.301562498916058797, -7.382179788281247212 ) ) ;
#2696 = CIRCLE ( 'NONE', #1838, 1.199999999999999734 ) ;
#2697 = DIRECTION ( 'NONE',  ( 0.000000000000000000, -1.000000000000000000, 0.000000000000000000 ) ) ;
#2698 = CARTESIAN_POINT ( 'NONE',  ( 0.9563972768938648894, 0.3695312521678780215, -6.556397276893870085 ) ) ;
#2699 = CARTESIAN_POINT ( 'NONE',  ( 1.782179788281249566, -1.019531248916061061, -4.861796961106697346 ) ) ;
#2700 = EDGE_CURVE ( 'NONE', #1078, #3348, #3029, .T. ) ;
#2701 = EDGE_LOOP ( 'NONE', ( #585, #499, #1918, #350 ) ) ;
#2702 = CARTESIAN_POINT ( 'NONE',  ( -0.7382030388933050746, 0.2703125010839386722, -3.817820211718748968 ) ) ;
#2703 = LINE ( 'NONE', #810, #2940 ) ;
#2704 = CARTESIAN_POINT ( 'NONE',  ( 1.782179788281249566, -7.270312498916064570, -6.338203038893299279 ) ) ;
#2705 = DIRECTION ( 'NONE',  ( 0.000000000000000000, 0.000000000000000000, -1.000000000000000000 ) ) ;
#2706 = CARTESIAN_POINT ( 'NONE',  ( -1.352549999999999031, -6.426953122832114396, -5.039755446212264900 ) ) ;
#2707 = VERTEX_POINT ( 'NONE', #2003 ) ;
#2708 = CARTESIAN_POINT ( 'NONE',  ( 7.550640758728589549E-16, -3.648828123916060484, -3.817820211718750301 ) ) ;
#2709 = DIRECTION ( 'NONE',  ( -1.000000000000000000, 0.000000000000000000, 0.000000000000000000 ) ) ;
#2710 = CARTESIAN_POINT ( 'NONE',  ( -0.7382030388933039644, -8.659374998916064214, -7.382179788281247212 ) ) ;
#2711 = DIRECTION ( 'NONE',  ( 1.000000000000000000, 0.000000000000000000, 0.000000000000000000 ) ) ;
#2712 = CARTESIAN_POINT ( 'NONE',  ( -0.9563972768938648894, -2.011718750000000000, -6.556397276893870085 ) ) ;
#2713 = CARTESIAN_POINT ( 'NONE',  ( 6.586916493176069309, -2.904345650964405223, 12.69999999999999929 ) ) ;
#2714 = CARTESIAN_POINT ( 'NONE',  ( -1.260191413587276044, -3.748046873916060395, -4.339808586412725155 ) ) ;
#2715 = CARTESIAN_POINT ( 'NONE',  ( 2.604082540382205318E-16, -3.152734373916060484, -7.382179788281249877 ) ) ;
#2716 = CARTESIAN_POINT ( 'NONE',  ( -0.5602445537877294157, -0.2753906228321215122, -6.952550000000002228 ) ) ;
#2717 = CARTESIAN_POINT ( 'NONE',  ( 1.782179788281250010, -5.037890623916060129, -5.599999999999999645 ) ) ;
#2718 = ORIENTED_EDGE ( 'NONE', *, *, #2513, .F. ) ;
#2719 = EDGE_CURVE ( 'NONE', #3622, #1419, #394, .T. ) ;
#2720 = CARTESIAN_POINT ( 'NONE',  ( -1.600000000000000089, -3.149999999999999911, 12.69999999999999929 ) ) ;
#2721 = CARTESIAN_POINT ( 'NONE',  ( 0.9563972768938648894, 2.353906250000000089, -4.643602723106139862 ) ) ;
#2722 = CARTESIAN_POINT ( 'NONE',  ( 1.260191413587278042, -6.426953123916060662, -6.860191413587279463 ) ) ;
#2723 = DIRECTION ( 'NONE',  ( 1.414368223951314019E-15, 1.000000000000000000, 0.000000000000000000 ) ) ;
#2724 = CARTESIAN_POINT ( 'NONE',  ( -0.9563972768938640012, -6.575781247832120258, -6.556397276893870085 ) ) ;
#2725 = ORIENTED_EDGE ( 'NONE', *, *, #2616, .F. ) ;
#2726 = CARTESIAN_POINT ( 'NONE',  ( 0.5602445537877306370, 1.708984377167876101, -4.247449999999998838 ) ) ;
#2727 = CARTESIAN_POINT ( 'NONE',  ( -0.5602445537877294157, -3.946484372832121945, -4.247449999999998838 ) ) ;
#2728 = CARTESIAN_POINT ( 'NONE',  ( -3.982831157154784751, -2.899999999999999911, 12.69999999999999929 ) ) ;
#2729 = ORIENTED_EDGE ( 'NONE', *, *, #3315, .F. ) ;
#2730 = CARTESIAN_POINT ( 'NONE',  ( -0.7382030388933050746, -3.698437498916062882, -3.817820211718748968 ) ) ;
#2731 = DIRECTION ( 'NONE',  ( -0.01738260385761379936, 0.9998489111276409602, 0.000000000000000000 ) ) ;
#2732 = CARTESIAN_POINT ( 'NONE',  ( 2.720377874761984719E-16, -3.251953123916060395, -7.382179788281249877 ) ) ;
#2733 = ORIENTED_EDGE ( 'NONE', *, *, #2239, .F. ) ;
#2734 = VECTOR ( 'NONE', #610, 1000.000000000000000 ) ;
#2735 = CARTESIAN_POINT ( 'NONE',  ( 1.352550000000001473, -7.022265624999999289, -6.160244553787730837 ) ) ;
#2736 = LINE ( 'NONE', #1834, #3011 ) ;
#2737 = EDGE_CURVE ( 'NONE', #1592, #3308, #451, .T. ) ;
#2738 = AXIS2_PLACEMENT_3D ( 'NONE', #787, #2100, #1752 ) ;
#2739 = CARTESIAN_POINT ( 'NONE',  ( -3.982831157154784751, -3.149999999999999911, -12.69999999999999929 ) ) ;
#2740 = CARTESIAN_POINT ( 'NONE',  ( 1.260191413587280040, -8.808203123916060306, -6.860191413587279463 ) ) ;
#2741 = DIRECTION ( 'NONE',  ( -0.9982117696170592636, -0.05977677641006642201, 0.000000000000000000 ) ) ;
#2742 = AXIS2_PLACEMENT_3D ( 'NONE', #1789, #779, #3027 ) ;
#2743 = DIRECTION ( 'NONE',  ( 0.000000000000000000, -1.000000000000000000, 0.000000000000000000 ) ) ;
#2744 = CARTESIAN_POINT ( 'NONE',  ( 7.052161975852059939E-16, -3.896874997832119991, -4.247449999999999726 ) ) ;
#2745 = EDGE_CURVE ( 'NONE', #3013, #446, #1803, .T. ) ;
#2746 = ORIENTED_EDGE ( 'NONE', *, *, #2953, .T. ) ;
#2747 = CARTESIAN_POINT ( 'NONE',  ( -1.782179788281249566, -4.591406248916058530, -4.861796961106696457 ) ) ;
#2748 = DIRECTION ( 'NONE',  ( 0.000000000000000000, -1.000000000000000000, 0.000000000000000000 ) ) ;
#2749 = CARTESIAN_POINT ( 'NONE',  ( -1.352550000000000141, -7.468750000000000000, -5.600000000000119549 ) ) ;
#2750 = CARTESIAN_POINT ( 'NONE',  ( -0.04049772396375603267, -3.150000000003222222, -7.381719599744007709 ) ) ;
#2751 = CARTESIAN_POINT ( 'NONE',  ( -1.782179788281250010, -3.053515623916060129, -5.599999999999999645 ) ) ;
#2752 = CARTESIAN_POINT ( 'NONE',  ( -6.336954265394150632, -2.899999999999999911, 12.69999999999999929 ) ) ;
#2753 = ORIENTED_EDGE ( 'NONE', *, *, #3235, .T. ) ;
#2754 = MANIFOLD_SOLID_BREP ( 'NONE', #3322 ) ;
#2755 = CARTESIAN_POINT ( 'NONE',  ( 1.260191413587278042, -2.755859373916060395, -4.339808586412725155 ) ) ;
#2756 =( GEOMETRIC_REPRESENTATION_CONTEXT ( 3 ) GLOBAL_UNCERTAINTY_ASSIGNED_CONTEXT ( ( #4070 ) ) GLOBAL_UNIT_ASSIGNED_CONTEXT ( ( #2125, #1817, #4022 ) ) REPRESENTATION_CONTEXT ( 'NONE', 'WORKASPACE' ) );
#2757 = ORIENTED_EDGE ( 'NONE', *, *, #2809, .F. ) ;
#2758 = CARTESIAN_POINT ( 'NONE',  ( 7.228229953412930112E-16, -6.873437500000000533, -6.952550000000000452 ) ) ;
#2759 = CARTESIAN_POINT ( 'NONE',  ( -0.5602445537877306370, 2.205078125000000444, -4.247449999999998838 ) ) ;
#2760 = PLANE ( 'NONE',  #954 ) ;
#2761 = EDGE_CURVE ( 'NONE', #1272, #2969, #3202, .T. ) ;
#2762 = CARTESIAN_POINT ( 'NONE',  ( 9.786727307227088903E-16, -9.056249997832120258, -6.952550000000000452 ) ) ;
#2763 = CARTESIAN_POINT ( 'NONE',  ( -1.782179788281250010, -2.954296873916060218, -5.599999999999999645 ) ) ;
#2764 = ORIENTED_EDGE ( 'NONE', *, *, #740, .F. ) ;
#2765 = CARTESIAN_POINT ( 'NONE',  ( 1.260191413587280040, -5.137109373916060484, -4.339808586412725155 ) ) ;
#2766 = CARTESIAN_POINT ( 'NONE',  ( -1.260191413587276044, -6.129296873916060484, -4.339808586412725155 ) ) ;
#2767 = CARTESIAN_POINT ( 'NONE',  ( -0.5602445537877294157, -7.121484372832127541, -4.247449999999998838 ) ) ;
#2768 = ADVANCED_FACE ( 'NONE', ( #2144 ), #2427, .F. ) ;
#2769 = CARTESIAN_POINT ( 'NONE',  ( 0.7382030388933072951, -8.262499998916062793, -3.817820211718748968 ) ) ;
#2770 = CARTESIAN_POINT ( 'NONE',  ( -3.733278214750519908, -2.914944194102520036, 12.69999999999999929 ) ) ;
#2771 = CARTESIAN_POINT ( 'NONE',  ( -1.782179788281249566, -3.896874998916059152, -6.338203038893299279 ) ) ;
#2772 = CARTESIAN_POINT ( 'NONE',  ( -6.767287489215109808, 7.470609992384450670, 12.69999999999999929 ) ) ;
#2773 = ORIENTED_EDGE ( 'NONE', *, *, #246, .F. ) ;
#2774 = MANIFOLD_SOLID_BREP ( 'NONE', #3456 ) ;
#2775 = CARTESIAN_POINT ( 'NONE',  ( -1.782179788281249566, -2.309374998916061905, -6.338203038893299279 ) ) ;
#2776 = CARTESIAN_POINT ( 'NONE',  ( -1.352549999999668406, -5.037890624999964650, -5.039755446211942491 ) ) ;
#2777 = CARTESIAN_POINT ( 'NONE',  ( 1.352549999999993036, -6.823828122832121146, -6.160244553787734390 ) ) ;
#2778 = CARTESIAN_POINT ( 'NONE',  ( 0.5602445537877316362, -9.403515622832118837, -4.247449999999998838 ) ) ;
#2779 = CARTESIAN_POINT ( 'NONE',  ( -8.149999999999998579, -7.900000000000000355, -12.69999999999999929 ) ) ;
#2780 = CARTESIAN_POINT ( 'NONE',  ( -4.415000000000000036, -3.763250300240245316, 12.69999999999999929 ) ) ;
#2781 = CARTESIAN_POINT ( 'NONE',  ( 1.352550000000000141, -6.873437497832120435, -5.599999999999999645 ) ) ;
#2782 = CARTESIAN_POINT ( 'NONE',  ( 0.7382030388933072951, -9.056249998916056754, -3.817820211718748968 ) ) ;
#2783 = CARTESIAN_POINT ( 'NONE',  ( 0.5602445537877306370, -2.458203125000000266, -4.247449999999998838 ) ) ;
#2784 = CARTESIAN_POINT ( 'NONE',  ( -1.600000000000000089, -2.899999999999999911, 12.69999999999999929 ) ) ;
#2785 = EDGE_CURVE ( 'NONE', #1545, #2527, #230, .T. ) ;
#2786 = CARTESIAN_POINT ( 'NONE',  ( -1.260191413587276044, -5.335546873916060306, -4.339808586412725155 ) ) ;
#2787 = CARTESIAN_POINT ( 'NONE',  ( -1.260191413587276044, -3.847265623916060306, -6.860191413587279463 ) ) ;
#2788 = VERTEX_POINT ( 'NONE', #912 ) ;
#2789 = CARTESIAN_POINT ( 'NONE',  ( -5.165000000000000036, -4.700000000000000178, 6.700000000000000178 ) ) ;
#2790 = ADVANCED_FACE ( 'NONE', ( #2874 ), #2894, .T. ) ;
#2791 = EDGE_LOOP ( 'NONE', ( #721, #1875, #885, #2764 ) ) ;
#2792 = CARTESIAN_POINT ( 'NONE',  ( 0.5602445537877586146, -5.335546875000045652, -6.952550000000067065 ) ) ;
#2793 = CARTESIAN_POINT ( 'NONE',  ( -1.352549999999999031, -1.069140625000001288, -5.039755446212264900 ) ) ;
#2794 = SURFACE_SIDE_STYLE ('',( #249 ) ) ;
#2795 = PRESENTATION_STYLE_ASSIGNMENT (( #1553 ) ) ;
#2796 = VECTOR ( 'NONE', #3801, 1000.000000000000000 ) ;
#2797 = CARTESIAN_POINT ( 'NONE',  ( 1.352550000000001473, -6.923046872832125054, -5.039755446212264900 ) ) ;
#2798 = DIRECTION ( 'NONE',  ( 0.000000000000000000, 0.000000000000000000, 1.000000000000000000 ) ) ;
#2799 = CARTESIAN_POINT ( 'NONE',  ( -0.7382030388933050746, -6.873437498916061372, -3.817820211718748968 ) ) ;
#2800 = CARTESIAN_POINT ( 'NONE',  ( -1.352550000000000585, 2.850000000000000089, -5.599999999999999645 ) ) ;
#2801 = CARTESIAN_POINT ( 'NONE',  ( 1.352550000000007024, -6.923046872832121501, -5.039755446212270229 ) ) ;
#2802 = AXIS2_PLACEMENT_3D ( 'NONE', #1782, #1487, #1735 ) ;
#2803 = CARTESIAN_POINT ( 'NONE',  ( 1.260191413587278042, 0.7167968760839379394, -6.860191413587279463 ) ) ;
#2804 = VECTOR ( 'NONE', #2944, 1000.000000000000000 ) ;
#2805 = VERTEX_POINT ( 'NONE', #1938 ) ;
#2806 = LINE ( 'NONE', #1251, #3886 ) ;
#2807 = CARTESIAN_POINT ( 'NONE',  ( -0.7382030388933050746, 0.7664062510839383391, -7.382179788281247212 ) ) ;
#2808 = ORIENTED_EDGE ( 'NONE', *, *, #2383, .F. ) ;
#2809 = EDGE_CURVE ( 'NONE', #2358, #3929, #5, .T. ) ;
#2810 = CARTESIAN_POINT ( 'NONE',  ( 0.9563972768938659996, -7.964843750000000888, -4.643602723106139862 ) ) ;
#2811 = DIRECTION ( 'NONE',  ( 0.000000000000000000, 0.000000000000000000, -1.000000000000000000 ) ) ;
#2812 = AXIS2_PLACEMENT_3D ( 'NONE', #3119, #961, #3778 ) ;
#2813 = CARTESIAN_POINT ( 'NONE',  ( -1.352550000000000141, -8.064062497832120258, -5.599999999999999645 ) ) ;
#2814 = VECTOR ( 'NONE', #1107, 1000.000000000000000 ) ;
#2815 = DIRECTION ( 'NONE',  ( 1.000000000000000000, 0.000000000000000000, 0.000000000000000000 ) ) ;
#2816 = CARTESIAN_POINT ( 'NONE',  ( -1.352549999999999031, -7.319921872832115817, -6.160244553787730837 ) ) ;
#2817 = DIRECTION ( 'NONE',  ( 0.000000000000000000, 0.000000000000000000, 1.000000000000000000 ) ) ;
#2818 = CARTESIAN_POINT ( 'NONE',  ( 1.782179788281249566, -5.782031248916056576, -6.338203038893299279 ) ) ;
#2819 = CARTESIAN_POINT ( 'NONE',  ( 1.352550000000000141, -5.484375000001339373, -5.599999999984880183 ) ) ;
#2820 = CARTESIAN_POINT ( 'NONE',  ( 1.260191413587278042, 1.312109376083937962, -4.339808586412725155 ) ) ;
#2821 = ORIENTED_EDGE ( 'NONE', *, *, #1262, .F. ) ;
#2822 = ORIENTED_EDGE ( 'NONE', *, *, #3005, .F. ) ;
#2823 = CARTESIAN_POINT ( 'NONE',  ( -5.915000000000000036, -3.149999999999999911, 12.69999999999999929 ) ) ;
#2824 = CARTESIAN_POINT ( 'NONE',  ( 1.782179788281249566, -8.957031248916061728, -4.861796961106697346 ) ) ;
#2825 = ORIENTED_EDGE ( 'NONE', *, *, #2010, .F. ) ;
#2826 = CARTESIAN_POINT ( 'NONE',  ( -1.782179788281249566, 1.857812501083939694, -4.861796961106697346 ) ) ;
#2827 = CARTESIAN_POINT ( 'NONE',  ( -0.7382030388933050746, -4.392968748916064037, -3.817820211718748968 ) ) ;
#2828 = CARTESIAN_POINT ( 'NONE',  ( -1.352550000000000141, -3.301562497832119636, -5.599999999999999645 ) ) ;
#2829 = CARTESIAN_POINT ( 'NONE',  ( -1.352549999999999031, 1.312109374999996803, -5.039755446212264900 ) ) ;
#2830 = EDGE_CURVE ( 'NONE', #2543, #2524, #2690, .T. ) ;
#2831 = CARTESIAN_POINT ( 'NONE',  ( 1.352550000000000141, -6.278124999998609290, -5.600000000015699975 ) ) ;
#2832 = CARTESIAN_POINT ( 'NONE',  ( 0.9563972768938659996, -7.567968747832120258, -6.556397276893870085 ) ) ;
#2833 = CARTESIAN_POINT ( 'NONE',  ( 5.915000000000000036, -3.399999999999999911, 12.69999999999999929 ) ) ;
#2834 = CARTESIAN_POINT ( 'NONE',  ( -1.260191413587276044, -5.335546873916060306, -4.339808586412725155 ) ) ;
#2835 = EDGE_CURVE ( 'NONE', #3929, #977, #970, .T. ) ;
#2836 = CARTESIAN_POINT ( 'NONE',  ( 8.149999999999998579, -7.900000000000000355, 12.69999999999999929 ) ) ;
#2837 = CARTESIAN_POINT ( 'NONE',  ( 2.782532049157620306E-16, 0.4191406260839385389, -3.817820211718750301 ) ) ;
#2838 = VERTEX_POINT ( 'NONE', #391 ) ;
#2839 = PLANE ( 'NONE',  #2591 ) ;
#2840 = ORIENTED_EDGE ( 'NONE', *, *, #2692, .F. ) ;
#2841 = CARTESIAN_POINT ( 'NONE',  ( -3.982831157154784751, -2.899999999999999911, 12.69999999999999929 ) ) ;
#2842 = CARTESIAN_POINT ( 'NONE',  ( 1.260191413587276044, 2.205078126083940049, -6.860191413587279463 ) ) ;
#2843 = EDGE_LOOP ( 'NONE', ( #1611, #3941, #34, #1338 ) ) ;
#2844 = CARTESIAN_POINT ( 'NONE',  ( -0.9969049010587717197, -9.150237268297072291, -6.514096341063131845 ) ) ;
#2845 = CARTESIAN_POINT ( 'NONE',  ( 0.7382030388933061849, -4.293749998916062793, -3.817820211718748968 ) ) ;
#2846 = CARTESIAN_POINT ( 'NONE',  ( -1.536858539617591557, -3.150000000000000355, -6.379300380582013652 ) ) ;
#2847 = CARTESIAN_POINT ( 'NONE',  ( -6.586916493176059539, -2.904345650964405223, -12.69999999999999929 ) ) ;
#2848 = CARTESIAN_POINT ( 'NONE',  ( 2.632939271961424817E-16, -0.1265625000000016043, -4.247449999999999726 ) ) ;
#2849 = CARTESIAN_POINT ( 'NONE',  ( -1.782179788281235133, -3.748046873916050181, -5.599999999999999645 ) ) ;
#2850 = EDGE_CURVE ( 'NONE', #1972, #1030, #2483, .T. ) ;
#2851 = DIRECTION ( 'NONE',  ( 0.000000000000000000, 0.000000000000000000, 1.000000000000000000 ) ) ;
#2852 = VECTOR ( 'NONE', #1879, 1000.000000000000000 ) ;
#2853 = FACE_OUTER_BOUND ( 'NONE', #2843, .T. ) ;
#2854 = CARTESIAN_POINT ( 'NONE',  ( 7.900000000000000355, -8.149999999999998579, -12.69999999999999929 ) ) ;
#2855 = VECTOR ( 'NONE', #3468, 1000.000000000000000 ) ;
#2856 = EDGE_CURVE ( 'NONE', #1722, #2805, #3485, .T. ) ;
#2857 = CARTESIAN_POINT ( 'NONE',  ( -1.352549999999999031, -2.557421872832121412, -6.160244553787730837 ) ) ;
#2858 = CARTESIAN_POINT ( 'NONE',  ( 0.7382030388933061849, 0.4687500010839380504, -3.817820211718748968 ) ) ;
#2859 = ORIENTED_EDGE ( 'NONE', *, *, #761, .T. ) ;
#2860 = AXIS2_PLACEMENT_3D ( 'NONE', #228, #2705, #474 ) ;
#2861 = CARTESIAN_POINT ( 'NONE',  ( -1.782179788281249566, -5.385156248916065813, -4.861796961106697346 ) ) ;
#2862 = AXIS2_PLACEMENT_3D ( 'NONE', #3474, #3091, #3131 ) ;
#2863 = ORIENTED_EDGE ( 'NONE', *, *, #4033, .F. ) ;
#2864 = CARTESIAN_POINT ( 'NONE',  ( 7.926001957150619474E-16, -7.468749997832119902, -6.952550000000000452 ) ) ;
#2865 = CARTESIAN_POINT ( 'NONE',  ( 1.782179788281249566, 0.5679687510839390718, -6.338203038893299279 ) ) ;
#2866 = ORIENTED_EDGE ( 'NONE', *, *, #1885, .F. ) ;
#2867 = CARTESIAN_POINT ( 'NONE',  ( -1.782179788281233135, -5.285937498916048582, -4.861796961106700898 ) ) ;
#2868 = CARTESIAN_POINT ( 'NONE',  ( -1.782179788281250010, 0.2207031260839384945, -5.599999999999999645 ) ) ;
#2869 = CARTESIAN_POINT ( 'NONE',  ( 0.5602445537877306370, -3.549609372832123189, -6.952550000000002228 ) ) ;
#2870 = CARTESIAN_POINT ( 'NONE',  ( 1.352550000000000141, -0.7218749999999999334, -5.599999999999999645 ) ) ;
#2871 = CARTESIAN_POINT ( 'NONE',  ( 0.7382030388933039644, 2.254687501083938006, -7.382179788281247212 ) ) ;
#2872 = EDGE_LOOP ( 'NONE', ( #808, #2923, #1884, #31 ) ) ;
#2873 = DIRECTION ( 'NONE',  ( 0.000000000000000000, 0.000000000000000000, -1.000000000000000000 ) ) ;
#2874 = FACE_OUTER_BOUND ( 'NONE', #1599, .T. ) ;
#2875 = DIRECTION ( 'NONE',  ( 1.172110456741085828E-16, -1.000000000000000000, 0.000000000000000000 ) ) ;
#2876 = DIRECTION ( 'NONE',  ( 0.000000000000000000, 0.000000000000000000, -1.000000000000000000 ) ) ;
#2877 = CARTESIAN_POINT ( 'NONE',  ( -1.782179788281249566, -7.071874998916062971, -6.338203038893300167 ) ) ;
#2878 = AXIS2_PLACEMENT_3D ( 'NONE', #1341, #1322, #429 ) ;
#2879 = DIRECTION ( 'NONE',  ( 1.000000000000000000, 0.000000000000000000, 0.000000000000000000 ) ) ;
#2880 = EDGE_CURVE ( 'NONE', #1315, #1799, #425, .T. ) ;
#2881 = CARTESIAN_POINT ( 'NONE',  ( 0.9563972768938648894, -1.416406247832121768, -4.643602723106139862 ) ) ;
#2882 = CARTESIAN_POINT ( 'NONE',  ( 0.7382030388933050746, -0.02734374891606154712, -7.382179788281247212 ) ) ;
#2883 = CARTESIAN_POINT ( 'NONE',  ( 1.260191413587280040, -8.312109373916058530, -4.339808586412725155 ) ) ;
#2884 = EDGE_CURVE ( 'NONE', #3461, #1565, #1420, .T. ) ;
#2885 = ORIENTED_EDGE ( 'NONE', *, *, #3905, .F. ) ;
#2886 = CARTESIAN_POINT ( 'NONE',  ( -6.365000000000000213, -4.700000000000000178, 12.69999999999999929 ) ) ;
#2887 = CARTESIAN_POINT ( 'NONE',  ( -0.7382030388933050746, -1.614843748916060751, -7.382179788281247212 ) ) ;
#2888 = CARTESIAN_POINT ( 'NONE',  ( -1.782179788281250010, 2.601953126083940138, -5.599999999999999645 ) ) ;
#2889 = CARTESIAN_POINT ( 'NONE',  ( 0.5602445537880142989, -4.045703125000398082, -4.247449999999312276 ) ) ;
#2890 = CARTESIAN_POINT ( 'NONE',  ( -0.9563972768938640012, -1.813281249999999956, -4.643602723106139862 ) ) ;
#2891 = CARTESIAN_POINT ( 'NONE',  ( 1.260191413587278042, 1.212890626083940049, -4.339808586412725155 ) ) ;
#2892 = ORIENTED_EDGE ( 'NONE', *, *, #3500, .T. ) ;
#2893 = CARTESIAN_POINT ( 'NONE',  ( -1.352550000000000141, -3.500000000000000000, -5.600000000000100009 ) ) ;
#2894 = PLANE ( 'NONE',  #1641 ) ;
#2895 = CARTESIAN_POINT ( 'NONE',  ( 1.352550000000000141, -5.285937497832120080, -5.599999999999999645 ) ) ;
#2896 = DIRECTION ( 'NONE',  ( 1.000000000000000000, 0.000000000000000000, 0.000000000000000000 ) ) ;
#2897 = CARTESIAN_POINT ( 'NONE',  ( -6.365000000000000213, -4.700000000000000178, 12.69999999999999929 ) ) ;
#2898 = CARTESIAN_POINT ( 'NONE',  ( 1.352549999999999031, -0.4738281228321220007, -6.160244553787730837 ) ) ;
#2899 = CARTESIAN_POINT ( 'NONE',  ( 3.712894724195855021E-16, -0.3746093739160619718, -3.817820211718750301 ) ) ;
#2900 = CARTESIAN_POINT ( 'NONE',  ( -1.782179788281249566, -8.560156248916058530, -4.861796961106697346 ) ) ;
#2901 = CARTESIAN_POINT ( 'NONE',  ( 6.336954265394160402, -3.149999999999999911, -12.69999999999999929 ) ) ;
#2902 = CARTESIAN_POINT ( 'NONE',  ( -1.782179788281249566, -7.071874998916062971, -6.338203038893299279 ) ) ;
#2903 = CARTESIAN_POINT ( 'NONE',  ( -1.782179788281250010, -5.335546873916060306, -5.599999999999999645 ) ) ;
#2904 = EDGE_CURVE ( 'NONE', #696, #3171, #4073, .T. ) ;
#2905 = ORIENTED_EDGE ( 'NONE', *, *, #2910, .F. ) ;
#2906 = DIRECTION ( 'NONE',  ( 0.000000000000000000, 0.000000000000000000, 1.000000000000000000 ) ) ;
#2907 = CARTESIAN_POINT ( 'NONE',  ( -1.782179788281249566, -0.7218749989160617719, -6.338203038893299279 ) ) ;
#2908 = CARTESIAN_POINT ( 'NONE',  ( 1.707728039888280369, -8.149999999920792604, -5.090265030101396526 ) ) ;
#2909 = CARTESIAN_POINT ( 'NONE',  ( -1.260191413587278042, 1.907421876083940093, -4.339808586412725155 ) ) ;
#2910 = EDGE_CURVE ( 'NONE', #449, #3348, #3350, .T. ) ;
#2911 = CARTESIAN_POINT ( 'NONE',  ( 7.900000000000000355, -8.149999999999998579, 12.69999999999999929 ) ) ;
#2912 = LINE ( 'NONE', #684, #1971 ) ;
#2913 = DIRECTION ( 'NONE',  ( 1.000000000000000000, 0.000000000000000000, 0.000000000000000000 ) ) ;
#2914 = CARTESIAN_POINT ( 'NONE',  ( -0.9894159420583753528, -8.149999999999893774, -6.561008630796279384 ) ) ;
#2915 = CARTESIAN_POINT ( 'NONE',  ( -0.7382030388933039644, -7.964843748916065280, -7.382179788281247212 ) ) ;
#2916 = CARTESIAN_POINT ( 'NONE',  ( 1.438020494236352587, -8.149999999999995026, -4.653342935430564431 ) ) ;
#2917 = CARTESIAN_POINT ( 'NONE',  ( 1.352550000000000141, -1.317187497832121856, -5.599999999999999645 ) ) ;
#2918 = CARTESIAN_POINT ( 'NONE',  ( 1.782179788281249566, -1.019531248916061061, -4.861796961106697346 ) ) ;
#2919 = LINE ( 'NONE', #1328, #3864 ) ;
#2920 = AXIS2_PLACEMENT_3D ( 'NONE', #1401, #2896, #1342 ) ;
#2921 = CARTESIAN_POINT ( 'NONE',  ( -0.7382030388933050746, -5.980468748916058175, -3.817820211718748968 ) ) ;
#2922 = AXIS2_PLACEMENT_3D ( 'NONE', #2600, #3887, #3863 ) ;
#2923 = ORIENTED_EDGE ( 'NONE', *, *, #3711, .T. ) ;
#2924 = CARTESIAN_POINT ( 'NONE',  ( 2.898827383537399707E-16, 0.3199218760839389608, -3.817820211718750301 ) ) ;
#2925 = AXIS2_PLACEMENT_3D ( 'NONE', #3765, #636, #920 ) ;
#2926 = CARTESIAN_POINT ( 'NONE',  ( 0.7382030388933050746, -2.408593748916063149, -7.382179788281247212 ) ) ;
#2927 = ORIENTED_EDGE ( 'NONE', *, *, #614, .T. ) ;
#2928 = CARTESIAN_POINT ( 'NONE',  ( -0.7382030388933050746, -1.614843748916060751, -7.382179788281247212 ) ) ;
#2929 = VERTEX_POINT ( 'NONE', #1681 ) ;
#2930 = EDGE_CURVE ( 'NONE', #3558, #462, #3367, .T. ) ;
#2931 = CARTESIAN_POINT ( 'NONE',  ( 1.260191413587265830, -4.045703123916049471, -6.860191413587270581 ) ) ;
#2932 = LINE ( 'NONE', #1635, #58 ) ;
#2933 = CYLINDRICAL_SURFACE ( 'NONE', #1763, 1.352550000000000141 ) ;
#2934 = DIRECTION ( 'NONE',  ( -1.000000000000000000, -5.196538772820689759E-15, 0.000000000000000000 ) ) ;
#2935 = CARTESIAN_POINT ( 'NONE',  ( 1.260191413587280040, -8.014453123916061017, -6.860191413587279463 ) ) ;
#2936 = PLANE ( 'NONE',  #173 ) ;
#2937 = CARTESIAN_POINT ( 'NONE',  ( -0.9563972768938648894, -1.813281247832120080, -6.556397276893870085 ) ) ;
#2938 = ORIENTED_EDGE ( 'NONE', *, *, #1485, .F. ) ;
#2939 = CARTESIAN_POINT ( 'NONE',  ( -1.260191413587276044, -3.152734373916060484, -6.860191413587279463 ) ) ;
#2940 = VECTOR ( 'NONE', #2082, 1000.000000000000000 ) ;
#2941 =( BOUNDED_CURVE ( )  B_SPLINE_CURVE ( 2, ( #1629, #2279, #2298, #2889, #3519, #3541, #981, #2257, #3139 ),
 .UNSPECIFIED., .F., .T. ) 
 B_SPLINE_CURVE_WITH_KNOTS ( ( 3, 2, 2, 2, 3 ),
 ( 0.07220799641784120260, 0.07326988575007609139, 0.07433177508231110509, 0.07539366441454610490, 0.07645555374678099370 ),
 .UNSPECIFIED. ) 
 CURVE ( )  GEOMETRIC_REPRESENTATION_ITEM ( )  RATIONAL_B_SPLINE_CURVE ( ( 1.000000000000000000, 0.9238795325112839629, 1.000000000000000000, 0.9238795325112869605, 1.000000000000000000, 0.9238795325112869605, 1.000000000000000000, 0.9238795325114779189, 0.9999999999998080424 ) ) 
 REPRESENTATION_ITEM ( '' )  );
#2942 = CARTESIAN_POINT ( 'NONE',  ( 0.7382030388933061849, -5.087499998916056754, -3.817820211718748968 ) ) ;
#2943 = ORIENTED_EDGE ( 'NONE', *, *, #2016, .T. ) ;
#2944 = DIRECTION ( 'NONE',  ( 0.000000000000000000, 0.000000000000000000, -1.000000000000000000 ) ) ;
#2945 = CARTESIAN_POINT ( 'NONE',  ( -1.782179788281249566, 0.07187500108393836407, -6.338203038893299279 ) ) ;
#2946 = CARTESIAN_POINT ( 'NONE',  ( -1.782179788281233135, -7.667187498916046451, -4.861796961106700898 ) ) ;
#2947 = CARTESIAN_POINT ( 'NONE',  ( -1.870054847325060050E-17, -0.7714843739160620606, -7.382179788281249877 ) ) ;
#2948 = ORIENTED_EDGE ( 'NONE', *, *, #2904, .F. ) ;
#2949 = CARTESIAN_POINT ( 'NONE',  ( 1.782179788281249566, 0.4687500010839392717, -4.861796961106697346 ) ) ;
#2950 = EDGE_LOOP ( 'NONE', ( #4014, #3330, #3076, #3671 ) ) ;
#2951 = CARTESIAN_POINT ( 'NONE',  ( -0.9563972768938640012, -5.782031250000000178, -4.643602723106139862 ) ) ;
#2952 = FACE_OUTER_BOUND ( 'NONE', #2872, .T. ) ;
#2953 = EDGE_CURVE ( 'NONE', #2645, #1370, #3212, .T. ) ;
#2954 = DIRECTION ( 'NONE',  ( -1.000000000000000000, -5.196538772820689759E-15, 0.000000000000000000 ) ) ;
#2955 = CARTESIAN_POINT ( 'NONE',  ( -1.782179788281249566, -6.972656248916058175, -6.338203038893299279 ) ) ;
#2956 = CARTESIAN_POINT ( 'NONE',  ( 1.352550000000000141, -3.698437497832119725, -5.599999999999999645 ) ) ;
#2957 = CARTESIAN_POINT ( 'NONE',  ( -1.352549999999999031, -4.839453122832119369, -5.039755446212264900 ) ) ;
#2958 = CARTESIAN_POINT ( 'NONE',  ( -1.782179788281250010, -2.160546873916060484, -5.599999999999999645 ) ) ;
#2959 = EDGE_CURVE ( 'NONE', #2022, #1010, #2393, .T. ) ;
#2960 = CARTESIAN_POINT ( 'NONE',  ( -0.7382030388933039644, -4.789843748916061017, -7.382179788281247212 ) ) ;
#2961 = CARTESIAN_POINT ( 'NONE',  ( -0.7382030388933039644, -9.254687498916059241, -3.817820211718748968 ) ) ;
#2962 = CARTESIAN_POINT ( 'NONE',  ( 0.7382030388933061849, -5.881249998916064925, -3.817820211718748968 ) ) ;
#2963 = ORIENTED_EDGE ( 'NONE', *, *, #1018, .F. ) ;
#2964 = DIRECTION ( 'NONE',  ( -1.625580613857864815E-16, 1.000000000000000000, 0.000000000000000000 ) ) ;
#2965 = CARTESIAN_POINT ( 'NONE',  ( -1.850000000000000089, 7.521408487456800351, 12.69999999999999929 ) ) ;
#2966 = CARTESIAN_POINT ( 'NONE',  ( -0.7382030388933050746, -2.408593748916063149, -7.382179788281247212 ) ) ;
#2967 = CARTESIAN_POINT ( 'NONE',  ( 0.7382030388933007448, -6.674999998916050004, -3.817820211718765400 ) ) ;
#2968 = CARTESIAN_POINT ( 'NONE',  ( -1.782179788281250010, -2.954296873916060218, -5.599999999999999645 ) ) ;
#2969 = VERTEX_POINT ( 'NONE', #3649 ) ;
#2970 = CARTESIAN_POINT ( 'NONE',  ( 1.782179788281249566, -1.813281248916063459, -6.338203038893299279 ) ) ;
#2971 = ORIENTED_EDGE ( 'NONE', *, *, #1018, .T. ) ;
#2972 = CARTESIAN_POINT ( 'NONE',  ( 0.9563972768938659996, -4.789843750000000178, -4.643602723106139862 ) ) ;
#2973 = CARTESIAN_POINT ( 'NONE',  ( 5.165000000000000036, -4.700000000000000178, 16.69999999999999929 ) ) ;
#2974 = DIRECTION ( 'NONE',  ( 0.000000000000000000, 0.000000000000000000, 1.000000000000000000 ) ) ;
#2975 = CARTESIAN_POINT ( 'NONE',  ( -1.782179788281249566, -5.285937498916058352, -4.861796961106697346 ) ) ;
#2976 = FACE_OUTER_BOUND ( 'NONE', #4025, .T. ) ;
#2977 = EDGE_CURVE ( 'NONE', #3643, #1071, #3669, .T. ) ;
#2978 = CARTESIAN_POINT ( 'NONE',  ( 1.352550000000001473, -3.648828122832119103, -6.160244553787730837 ) ) ;
#2979 = CARTESIAN_POINT ( 'NONE',  ( -1.782179788281249566, -0.6226562489160621938, -6.338203038893299279 ) ) ;
#2980 = CARTESIAN_POINT ( 'NONE',  ( 0.9563972768938648894, 1.163281252167878144, -6.556397276893870085 ) ) ;
#2981 = CARTESIAN_POINT ( 'NONE',  ( -1.782179788281249566, -5.484374998916059951, -6.338203038893300167 ) ) ;
#2982 = CARTESIAN_POINT ( 'NONE',  ( 1.352550000000000141, -6.079687497832120258, -5.599999999999999645 ) ) ;
#2983 = ADVANCED_FACE ( 'NONE', ( #2437 ), #846, .F. ) ;
#2984 = CARTESIAN_POINT ( 'NONE',  ( 1.782179788281249566, -6.476562498916058175, -6.338203038893299279 ) ) ;
#2985 = ORIENTED_EDGE ( 'NONE', *, *, #1586, .F. ) ;
#2986 = DIRECTION ( 'NONE',  ( 0.000000000000000000, 0.000000000000000000, -1.000000000000000000 ) ) ;
#2987 = CARTESIAN_POINT ( 'NONE',  ( 1.260191413587278042, -3.549609373916060129, -4.339808586412725155 ) ) ;
#2988 = CARTESIAN_POINT ( 'NONE',  ( 0.7382030388932985243, -7.964843748916054622, -7.382179788281236554 ) ) ;
#2989 = AXIS2_PLACEMENT_3D ( 'NONE', #255, #287, #965 ) ;
#2990 = CARTESIAN_POINT ( 'NONE',  ( -1.782179788281250010, -0.5730468739160620162, -5.599999999999999645 ) ) ;
#2991 = APPLICATION_PROTOCOL_DEFINITION ( 'draft international standard', 'automotive_design', 1998, #2450 ) ;
#2992 = CARTESIAN_POINT ( 'NONE',  ( -1.931435500429200193E-16, 0.7167968760839390496, -7.382179788281249877 ) ) ;
#2993 = ORIENTED_EDGE ( 'NONE', *, *, #3714, .T. ) ;
#2994 = CARTESIAN_POINT ( 'NONE',  ( -7.900000000000000355, -7.900000000000000355, 12.69999999999999929 ) ) ;
#2995 = CARTESIAN_POINT ( 'NONE',  ( 4.437141928298220052E-16, -4.492187500000000000, -6.952550000000000452 ) ) ;
#2996 = VECTOR ( 'NONE', #71, 1000.000000000000000 ) ;
#2997 = DIRECTION ( 'NONE',  ( -1.000000000000000000, 3.247836733012930114E-15, 0.000000000000000000 ) ) ;
#2998 = CARTESIAN_POINT ( 'NONE',  ( -0.7382030388933050746, -5.186718748916064214, -3.817820211718748968 ) ) ;
#2999 = CARTESIAN_POINT ( 'NONE',  ( 0.5602445537877306370, -5.930859372832115284, -6.952550000000002228 ) ) ;
#3000 = CARTESIAN_POINT ( 'NONE',  ( -0.7382030388933050746, -5.285937498916058352, -3.817820211718748968 ) ) ;
#3001 = CARTESIAN_POINT ( 'NONE',  ( 1.352549999999999697, 2.850000000000000089, -5.599999999999999645 ) ) ;
#3002 = CARTESIAN_POINT ( 'NONE',  ( 0.7382030388933072951, -7.468749998916066168, -3.817820211718748968 ) ) ;
#3003 = ORIENTED_EDGE ( 'NONE', *, *, #1995, .F. ) ;
#3004 = LINE ( 'NONE', #2094, #1950 ) ;
#3005 = EDGE_CURVE ( 'NONE', #2485, #3558, #1243, .T. ) ;
#3006 = CARTESIAN_POINT ( 'NONE',  ( 4.581103224838460064E-16, -4.839453123916060306, -7.382179788281249877 ) ) ;
#3007 = CIRCLE ( 'NONE', #3484, 0.2500000000000000000 ) ;
#3008 = CARTESIAN_POINT ( 'NONE',  ( 1.170397535104323992E-15, -7.865624997832120435, -4.247449999999999726 ) ) ;
#3009 = CARTESIAN_POINT ( 'NONE',  ( -1.782179788281250010, -2.160546873916060484, -5.599999999999999645 ) ) ;
#3010 = ORIENTED_EDGE ( 'NONE', *, *, #224, .F. ) ;
#3011 = VECTOR ( 'NONE', #2460, 1000.000000000000000 ) ;
#3012 = CARTESIAN_POINT ( 'NONE',  ( -1.782179788281249566, -1.515624998916060617, -6.338203038893299279 ) ) ;
#3013 = VERTEX_POINT ( 'NONE', #1183 ) ;
#3014 = CARTESIAN_POINT ( 'NONE',  ( 1.352550000000001473, -6.228515625000004441, -6.160244553787730837 ) ) ;
#3015 = CARTESIAN_POINT ( 'NONE',  ( -1.850000000000000089, -2.899999999999999911, 12.69999999999999929 ) ) ;
#3016 = CARTESIAN_POINT ( 'NONE',  ( 1.352549999999999031, 2.403515624999996270, -5.039755446212264900 ) ) ;
#3017 = CARTESIAN_POINT ( 'NONE',  ( 1.782179788281249566, -6.476562498916058175, -6.338203038893299279 ) ) ;
#3018 = CARTESIAN_POINT ( 'NONE',  ( -1.352550000000000141, -5.881250000001309708, -5.600000000014810020 ) ) ;
#3019 = SURFACE_STYLE_USAGE ( .BOTH. , #2106 ) ;
#3020 = CARTESIAN_POINT ( 'NONE',  ( 0.5602445537877316362, -5.434765622832117948, -4.247449999999998838 ) ) ;
#3021 = ORIENTED_EDGE ( 'NONE', *, *, #3959, .T. ) ;
#3022 = CARTESIAN_POINT ( 'NONE',  ( -1.352550000000000141, 0.6671875021678780326, -5.599999999999999645 ) ) ;
#3023 = LINE ( 'NONE', #2409, #38 ) ;
#3024 = CARTESIAN_POINT ( 'NONE',  ( 0.7382030388933061849, -8.758593748916061017, -7.382179788281247212 ) ) ;
#3025 = ORIENTED_EDGE ( 'NONE', *, *, #1913, .T. ) ;
#3026 = CARTESIAN_POINT ( 'NONE',  ( 1.352550000000001473, -3.152734375000000533, -5.039755446212264900 ) ) ;
#3027 = DIRECTION ( 'NONE',  ( -1.000000000000000000, 0.000000000000000000, 0.000000000000000000 ) ) ;
#3028 = CARTESIAN_POINT ( 'NONE',  ( 8.481003433766819826E-16, -4.442578123916060662, -3.817820211718750301 ) ) ;
#3029 = B_SPLINE_CURVE_WITH_KNOTS ( 'NONE', 3,
 ( #2577, #3844, #2264, #3526, #692, #1964, #3245, #3885 ),
 .UNSPECIFIED., .F., .F.,
 ( 4, 2, 2, 4 ),
 ( 3.878959614448864246E-18, 0.0007046105332488995093, 0.001056915799873347312, 0.001409221066497795116 ),
 .UNSPECIFIED. ) ;
#3030 = EDGE_CURVE ( 'NONE', #488, #1020, #3206, .T. ) ;
#3031 = EDGE_LOOP ( 'NONE', ( #2199, #3173, #2438, #1624 ) ) ;
#3032 = CARTESIAN_POINT ( 'NONE',  ( 1.352549999999999697, 2.850000000000000089, -5.599999999999999645 ) ) ;
#3033 = CARTESIAN_POINT ( 'NONE',  ( 1.782179788281249566, -3.400781248916060040, -6.338203038893299279 ) ) ;
#3034 = ORIENTED_EDGE ( 'NONE', *, *, #3085, .T. ) ;
#3035 = EDGE_CURVE ( 'NONE', #3631, #2017, #2806, .T. ) ;
#3036 = CARTESIAN_POINT ( 'NONE',  ( -1.352549999999999031, -8.312109375000005684, -6.160244553787730837 ) ) ;
#3037 = CARTESIAN_POINT ( 'NONE',  ( 3.747354264323064843, -3.149999999999999911, 12.69999999999999929 ) ) ;
#3038 = CARTESIAN_POINT ( 'NONE',  ( -1.782179788281249566, -8.460937498916063504, -4.861796961106697346 ) ) ;
#3039 = DIRECTION ( 'NONE',  ( 0.000000000000000000, -1.000000000000000000, 0.000000000000000000 ) ) ;
#3040 = CARTESIAN_POINT ( 'NONE',  ( -0.9563972768938640012, -4.988281247832119902, -6.556397276893870085 ) ) ;
#3041 = CARTESIAN_POINT ( 'NONE',  ( 0.7382030388933050746, -3.301562498916058797, -7.382179788281247212 ) ) ;
#3042 = CARTESIAN_POINT ( 'NONE',  ( 1.352549999999993036, -6.030078122832114751, -6.160244553787734390 ) ) ;
#3043 = CARTESIAN_POINT ( 'NONE',  ( -4.415000000000000036, -3.763250300240245316, 12.69999999999999929 ) ) ;
#3044 = CARTESIAN_POINT ( 'NONE',  ( 0.9563972768938598934, -4.591406250000000355, -6.556397276893870085 ) ) ;
#3045 = CARTESIAN_POINT ( 'NONE',  ( 0.9563972768938659996, -3.202343749999999822, -4.643602723106139862 ) ) ;
#3046 =( BOUNDED_CURVE ( )  B_SPLINE_CURVE ( 2, ( #679, #1347, #2608, #2584, #2864, #722, #1948, #2329, #3601 ),
 .UNSPECIFIED., .F., .T. ) 
 B_SPLINE_CURVE_WITH_KNOTS ( ( 3, 2, 2, 2, 3 ),
 ( 0.7500000000000000000, 0.7578125000000000000, 0.7656250000000000000, 0.7734375000000000000, 0.7812500000000000000 ),
 .UNSPECIFIED. ) 
 CURVE ( )  GEOMETRIC_REPRESENTATION_ITEM ( )  RATIONAL_B_SPLINE_CURVE ( ( 1.000000000000000000, 0.9238795325112859613, 1.000000000000000000, 0.9238795325112869605, 1.000000000000000000, 0.9238795325112869605, 1.000000000000000000, 0.9238795325112889589, 1.000000000000000000 ) ) 
 REPRESENTATION_ITEM ( '' )  );
#3047 = CARTESIAN_POINT ( 'NONE',  ( 0.7382030388933050746, -2.507812498916063948, -7.382179788281247212 ) ) ;
#3048 = ORIENTED_EDGE ( 'NONE', *, *, #2479, .T. ) ;
#3049 = CARTESIAN_POINT ( 'NONE',  ( 2.478591512543195208, 7.521408487456800351, 12.69999999999999929 ) ) ;
#3050 = VECTOR ( 'NONE', #2093, 1000.000000000000000 ) ;
#3051 = CARTESIAN_POINT ( 'NONE',  ( -0.5602445537877294157, -7.319921874999997691, -4.247449999999998838 ) ) ;
#3052 = DIRECTION ( 'NONE',  ( -1.000000000000000000, 0.000000000000000000, 0.000000000000000000 ) ) ;
#3053 = DIRECTION ( 'NONE',  ( 1.000000000000000000, 0.000000000000000000, 0.000000000000000000 ) ) ;
#3054 = CARTESIAN_POINT ( 'NONE',  ( 1.782179788281249566, 1.361718751083937917, -6.338203038893299279 ) ) ;
#3055 = EDGE_CURVE ( 'NONE', #1135, #2006, #3751, .T. ) ;
#3056 = CARTESIAN_POINT ( 'NONE',  ( 1.352550000000000141, -7.071874999999749889, -5.600000000002809841 ) ) ;
#3057 = CIRCLE ( 'NONE', #3870, 0.6914084874568007244 ) ;
#3058 = FILL_AREA_STYLE ('',( #2181 ) ) ;
#3059 = CARTESIAN_POINT ( 'NONE',  ( -0.9563972768938640012, -8.957031247832119902, -6.556397276893870085 ) ) ;
#3060 = ORIENTED_EDGE ( 'NONE', *, *, #1100, .T. ) ;
#3061 = CARTESIAN_POINT ( 'NONE',  ( -1.260191413587276044, -6.327734373916060306, -6.860191413587279463 ) ) ;
#3062 = CARTESIAN_POINT ( 'NONE',  ( 1.260191413587280040, -6.724609373916059951, -4.339808586412725155 ) ) ;
#3063 = DIRECTION ( 'NONE',  ( 1.000000000000000000, 0.000000000000000000, 0.000000000000000000 ) ) ;
#3064 = CARTESIAN_POINT ( 'NONE',  ( -0.7382030388933039644, -8.361718748916057820, -3.817820211718748968 ) ) ;
#3065 = ORIENTED_EDGE ( 'NONE', *, *, #3109, .T. ) ;
#3066 = DIRECTION ( 'NONE',  ( 1.000000000000000000, 0.000000000000000000, 0.000000000000000000 ) ) ;
#3067 = CARTESIAN_POINT ( 'NONE',  ( 1.352550000000001473, -3.946484375000002043, -5.039755446212264900 ) ) ;
#3068 = CARTESIAN_POINT ( 'NONE',  ( 1.352550000000001473, 0.2207031271678782935, -5.039755446212264900 ) ) ;
#3069 = CARTESIAN_POINT ( 'NONE',  ( -0.7382030388933050746, -3.103124998916062527, -7.382179788281247212 ) ) ;
#3070 = ORIENTED_EDGE ( 'NONE', *, *, #2187, .T. ) ;
#3071 = CARTESIAN_POINT ( 'NONE',  ( 1.782179788281250010, -3.450390623916060218, -5.599999999999999645 ) ) ;
#3072 = AXIS2_PLACEMENT_3D ( 'NONE', #14, #319, #1270 ) ;
#3073 = CARTESIAN_POINT ( 'NONE',  ( 0.9563972768938659996, -8.758593749999999289, -4.643602723106139862 ) ) ;
#3074 = CARTESIAN_POINT ( 'NONE',  ( -0.9563972768938590052, -4.988281250000000000, -4.643602723106149632 ) ) ;
#3075 = CARTESIAN_POINT ( 'NONE',  ( -3.005759472007674918E-16, 1.857812500000000089, -6.952550000000000452 ) ) ;
#3076 = ORIENTED_EDGE ( 'NONE', *, *, #1311, .F. ) ;
#3077 = AXIS2_PLACEMENT_3D ( 'NONE', #3198, #328, #364 ) ;
#3078 = EDGE_CURVE ( 'NONE', #54, #3867, #618, .T. ) ;
#3079 = CARTESIAN_POINT ( 'NONE',  ( 1.352550000000001473, -7.617578122832125764, -6.160244553787730837 ) ) ;
#3080 = CARTESIAN_POINT ( 'NONE',  ( 1.260191413587278042, -2.656640623916060484, -4.339808586412725155 ) ) ;
#3081 = CARTESIAN_POINT ( 'NONE',  ( 6.441828574914929492E-16, -6.426953123916060662, -7.382179788281249877 ) ) ;
#3082 = CARTESIAN_POINT ( 'NONE',  ( -1.260191413587278042, 1.808203126083939960, -4.339808586412725155 ) ) ;
#3083 = CARTESIAN_POINT ( 'NONE',  ( -1.260191413587276044, -6.923046873916060662, -4.339808586412725155 ) ) ;
#3084 = CARTESIAN_POINT ( 'NONE',  ( -1.288502226421477381, -3.150000000000069189, -6.831229795880974009 ) ) ;
#3085 = EDGE_CURVE ( 'NONE', #3790, #54, #643, .T. ) ;
#3086 = CARTESIAN_POINT ( 'NONE',  ( 1.260191413587280040, -8.014453123916061017, -6.860191413587279463 ) ) ;
#3087 = VERTEX_POINT ( 'NONE', #925 ) ;
#3088 = CYLINDRICAL_SURFACE ( 'NONE', #2387, 0.2500000000000000000 ) ;
#3089 = CARTESIAN_POINT ( 'NONE',  ( -1.782179788281250010, -3.748046873916060395, -5.599999999999999645 ) ) ;
#3090 = ORIENTED_EDGE ( 'NONE', *, *, #3835, .T. ) ;
#3091 = DIRECTION ( 'NONE',  ( 0.000000000000000000, 0.000000000000000000, 1.000000000000000000 ) ) ;
#3092 = CARTESIAN_POINT ( 'NONE',  ( 0.7382030388933050746, -4.889062498916055155, -7.382179788281247212 ) ) ;
#3093 = ORIENTED_EDGE ( 'NONE', *, *, #1941, .T. ) ;
#3094 = LINE ( 'NONE', #1854, #3488 ) ;
#3095 = CARTESIAN_POINT ( 'NONE',  ( -0.5602445537877294157, -0.9699218750000012657, -4.247449999999998838 ) ) ;
#3096 = VERTEX_POINT ( 'NONE', #1892 ) ;
#3097 = DIRECTION ( 'NONE',  ( -3.897404079615515347E-15, -1.000000000000000000, 0.000000000000000000 ) ) ;
#3098 = DIRECTION ( 'NONE',  ( 0.000000000000000000, 0.000000000000000000, -1.000000000000000000 ) ) ;
#3099 = CARTESIAN_POINT ( 'NONE',  ( -1.352549999999999031, -9.601953122832117771, -5.039755446212264900 ) ) ;
#3100 = DIRECTION ( 'NONE',  ( -1.000000000000000000, 3.247836733012930114E-15, 0.000000000000000000 ) ) ;
#3101 = CARTESIAN_POINT ( 'NONE',  ( 0.7382030388933072951, -6.774218748916054800, -3.817820211718748968 ) ) ;
#3102 = DIRECTION ( 'NONE',  ( 0.000000000000000000, -1.000000000000000000, 0.000000000000000000 ) ) ;
#3103 = CARTESIAN_POINT ( 'NONE',  ( -1.600000000000000089, -3.149999999999999911, 12.69999999999999929 ) ) ;
#3104 = CARTESIAN_POINT ( 'NONE',  ( 1.782179788281249566, 1.460937501083937606, -6.338203038893299279 ) ) ;
#3105 = AXIS2_PLACEMENT_3D ( 'NONE', #613, #576, #921 ) ;
#3106 = CARTESIAN_POINT ( 'NONE',  ( 5.424027297076140299E-16, -2.507812500000000000, -4.247449999999999726 ) ) ;
#3107 = CARTESIAN_POINT ( 'NONE',  ( -5.915000000000000036, -3.149999999999999911, -12.69999999999999929 ) ) ;
#3108 = CARTESIAN_POINT ( 'NONE',  ( -0.7382030388933050746, -6.079687498916065636, -3.817820211718748968 ) ) ;
#3109 = EDGE_CURVE ( 'NONE', #3849, #2543, #2193, .T. ) ;
#3110 = ORIENTED_EDGE ( 'NONE', *, *, #3883, .T. ) ;
#3111 = CARTESIAN_POINT ( 'NONE',  ( 0.5602445537877608350, -6.426953125000038902, -4.247449999999927783 ) ) ;
#3112 = CARTESIAN_POINT ( 'NONE',  ( -0.7382030388933050746, -3.996093748916059063, -7.382179788281247212 ) ) ;
#3113 = ORIENTED_EDGE ( 'NONE', *, *, #170, .F. ) ;
#3114 = CARTESIAN_POINT ( 'NONE',  ( 1.352550000000001473, -7.816015624999995026, -6.160244553787730837 ) ) ;
#3115 = CARTESIAN_POINT ( 'NONE',  ( 7.722139218849491019E-17, 1.460937500000000000, -4.247449999999999726 ) ) ;
#3116 = VECTOR ( 'NONE', #1138, 1000.000000000000114 ) ;
#3117 = ORIENTED_EDGE ( 'NONE', *, *, #2977, .T. ) ;
#3118 = CARTESIAN_POINT ( 'NONE',  ( 3.106058958645210311, 7.558983661755359407, -12.69999999999999929 ) ) ;
#3119 = CARTESIAN_POINT ( 'NONE',  ( -5.165000000000000036, -4.700000000000000178, -12.69999999999999929 ) ) ;
#3120 = AXIS2_PLACEMENT_3D ( 'NONE', #2352, #1723, #2052 ) ;
#3121 = CARTESIAN_POINT ( 'NONE',  ( 0.9563972768938659996, -6.774218747832120080, -6.556397276893870085 ) ) ;
#3122 = PLANE ( 'NONE',  #1081 ) ;
#3123 = CARTESIAN_POINT ( 'NONE',  ( -0.7382030388933039644, -5.583593748916054977, -7.382179788281247212 ) ) ;
#3124 = CARTESIAN_POINT ( 'NONE',  ( 1.260191413587278042, -6.526171873916060129, -6.860191413587279463 ) ) ;
#3125 = CARTESIAN_POINT ( 'NONE',  ( -1.850000000000000089, -2.899999999999999911, -12.69999999999999929 ) ) ;
#3126 = CARTESIAN_POINT ( 'NONE',  ( 1.782179788281249566, 2.155468751083936763, -4.861796961106697346 ) ) ;
#3127 = CIRCLE ( 'NONE', #3535, 0.6285915125432001149 ) ;
#3128 = LINE ( 'NONE', #3107, #869 ) ;
#3129 = EDGE_CURVE ( 'NONE', #1068, #3849, #3951, .T. ) ;
#3130 = EDGE_LOOP ( 'NONE', ( #2497, #2158, #3611, #3483, #1309, #1253 ) ) ;
#3131 = DIRECTION ( 'NONE',  ( 1.000000000000000000, 0.000000000000000000, 0.000000000000000000 ) ) ;
#3132 = DIRECTION ( 'NONE',  ( 0.000000000000000000, 0.000000000000000000, 1.000000000000000000 ) ) ;
#3133 = CARTESIAN_POINT ( 'NONE',  ( 1.038102033460925965E-16, 1.907421876083940093, -3.817820211718750301 ) ) ;
#3134 = ORIENTED_EDGE ( 'NONE', *, *, #2535, .F. ) ;
#3135 = CARTESIAN_POINT ( 'NONE',  ( -4.472621181935174828E-17, -0.3249999978321220229, -6.952550000000000452 ) ) ;
#3136 = CARTESIAN_POINT ( 'NONE',  ( -1.782179788281233135, -6.178906248916050004, -6.338203038893288621 ) ) ;
#3137 = CARTESIAN_POINT ( 'NONE',  ( 1.782179788281249566, 1.361718751083937917, -4.861796961106697346 ) ) ;
#3138 = ADVANCED_FACE ( 'NONE', ( #1566 ), #3154, .F. ) ;
#3139 = CARTESIAN_POINT ( 'NONE',  ( -1.352550000000000141, -4.293750000000000178, -5.599999999999999645 ) ) ;
#3140 = COLOUR_RGB ( '',0.7921568627450980005, 0.8196078431372548767, 0.9333333333333333481 ) ;
#3141 = CARTESIAN_POINT ( 'NONE',  ( 1.352549999999999031, 0.02226562499999840475, -5.039755446212264900 ) ) ;
#3142 = ORIENTED_EDGE ( 'NONE', *, *, #3756, .F. ) ;
#3143 = CARTESIAN_POINT ( 'NONE',  ( -1.352550000000000141, -7.468750000000000000, -5.600000000000119549 ) ) ;
#3144 = CIRCLE ( 'NONE', #4012, 1.199999999999999734 ) ;
#3145 = CARTESIAN_POINT ( 'NONE',  ( -8.149999999999998579, -8.149999999999998579, 12.69999999999999929 ) ) ;
#3146 = CARTESIAN_POINT ( 'NONE',  ( -0.9563972768938640012, -7.369531247832120435, -6.556397276893870085 ) ) ;
#3147 = CARTESIAN_POINT ( 'NONE',  ( -8.149999999999998579, -8.149999999999998579, 12.69999999999999929 ) ) ;
#3148 = CARTESIAN_POINT ( 'NONE',  ( -0.9291265281383225272, -3.150000000000008349, -7.125236129640802218 ) ) ;
#3149 = CARTESIAN_POINT ( 'NONE',  ( -0.7382030388933050746, 1.659375001083938095, -7.382179788281247212 ) ) ;
#3150 = CARTESIAN_POINT ( 'NONE',  ( -6.582645735676940113, -3.149999999999999911, 12.69999999999999929 ) ) ;
#3151 = UNCERTAINTY_MEASURE_WITH_UNIT (LENGTH_MEASURE( 1.000000000000000082E-05 ), #1837, 'distance_accuracy_value', 'NONE');
#3152 = ORIENTED_EDGE ( 'NONE', *, *, #2856, .T. ) ;
#3153 = DIRECTION ( 'NONE',  ( 0.000000000000000000, 0.000000000000000000, 1.000000000000000000 ) ) ;
#3154 = PLANE ( 'NONE',  #3072 ) ;
#3155 = CARTESIAN_POINT ( 'NONE',  ( 1.782179788281249566, -8.857812498916056043, -6.338203038893299279 ) ) ;
#3156 = ORIENTED_EDGE ( 'NONE', *, *, #1936, .T. ) ;
#3157 = ADVANCED_FACE ( 'NONE', ( #1583 ), #342, .F. ) ;
#3158 = CARTESIAN_POINT ( 'NONE',  ( -0.7382030388933050746, 2.453125001083939161, -7.382179788281247212 ) ) ;
#3159 = CARTESIAN_POINT ( 'NONE',  ( -6.165000000000000036, -3.149999999999999911, -12.69999999999999929 ) ) ;
#3160 = CARTESIAN_POINT ( 'NONE',  ( 0.9563972768938648894, 1.560156249999999911, -4.643602723106139862 ) ) ;
#3161 = ORIENTED_EDGE ( 'NONE', *, *, #2745, .T. ) ;
#3162 = CARTESIAN_POINT ( 'NONE',  ( -1.352549999999993036, -3.251953122832122567, -5.039755446212258683 ) ) ;
#3163 = ADVANCED_FACE ( 'NONE', ( #2215 ), #1982, .T. ) ;
#3164 = CARTESIAN_POINT ( 'NONE',  ( 1.782179788281235133, -3.351171873916050092, -5.599999999999999645 ) ) ;
#3165 = CARTESIAN_POINT ( 'NONE',  ( -1.352550000000000141, -5.682812497832120613, -5.599999999999999645 ) ) ;
#3166 = CARTESIAN_POINT ( 'NONE',  ( -1.315646059145944236, -3.150000000000002132, -4.860765624935563523 ) ) ;
#3167 = CARTESIAN_POINT ( 'NONE',  ( -0.5602445537880660353, -7.617578125000470379, -6.952550000000814023 ) ) ;
#3168 = CARTESIAN_POINT ( 'NONE',  ( -6.165000000000000036, -3.149999999999999911, 12.69999999999999929 ) ) ;
#3169 = CARTESIAN_POINT ( 'NONE',  ( 1.352550000000000141, -2.904687497832119991, -5.599999999999999645 ) ) ;
#3170 = CARTESIAN_POINT ( 'NONE',  ( 1.260191413587278042, 0.5183593760839380060, -4.339808586412725155 ) ) ;
#3171 = VERTEX_POINT ( 'NONE', #95 ) ;
#3172 = CARTESIAN_POINT ( 'NONE',  ( 1.782179788281249566, -8.957031248916061728, -6.338203038893299279 ) ) ;
#3173 = ORIENTED_EDGE ( 'NONE', *, *, #522, .F. ) ;
#3174 = CARTESIAN_POINT ( 'NONE',  ( 1.394688414961646054E-15, -9.105859373916059596, -3.817820211718750301 ) ) ;
#3175 = VECTOR ( 'NONE', #1324, 1000.000000000000000 ) ;
#3176 = ORIENTED_EDGE ( 'NONE', *, *, #3905, .T. ) ;
#3177 = CARTESIAN_POINT ( 'NONE',  ( -1.260191413587278042, 0.9152343760839379838, -6.860191413587279463 ) ) ;
#3178 = DIRECTION ( 'NONE',  ( -1.000000000000000000, 0.000000000000000000, 0.000000000000000000 ) ) ;
#3179 = CARTESIAN_POINT ( 'NONE',  ( -1.352549999999999031, -0.3746093750000017986, -6.160244553787730837 ) ) ;
#3180 = LINE ( 'NONE', #592, #1312 ) ;
#3181 = FACE_OUTER_BOUND ( 'NONE', #1194, .T. ) ;
#3182 = CARTESIAN_POINT ( 'NONE',  ( 0.9563972768939159597, -6.178906250000040679, -6.556397276893920711 ) ) ;
#3183 = CARTESIAN_POINT ( 'NONE',  ( 0.9563972768938659996, -5.385156247832120435, -4.643602723106139862 ) ) ;
#3184 = EDGE_CURVE ( 'NONE', #3013, #135, #916, .T. ) ;
#3185 = CARTESIAN_POINT ( 'NONE',  ( -1.526973866353175335, -3.150000000000001243, -5.231746373371329639 ) ) ;
#3186 = CARTESIAN_POINT ( 'NONE',  ( 0.8169658418186263038, -8.149999999999996803, -4.197708631957196346 ) ) ;
#3187 = VECTOR ( 'NONE', #163, 1000.000000000000000 ) ;
#3188 = CARTESIAN_POINT ( 'NONE',  ( -0.9563972768938648894, -1.019531247832121901, -6.556397276893870085 ) ) ;
#3189 = CARTESIAN_POINT ( 'NONE',  ( 1.782179788281249566, 1.361718751083937917, -4.861796961106697346 ) ) ;
#3190 = MECHANICAL_DESIGN_GEOMETRIC_PRESENTATION_REPRESENTATION (  '', ( #2540 ), #1758 ) ;
#3191 = CARTESIAN_POINT ( 'NONE',  ( -1.782179788281249566, -8.560156248916058530, -4.861796961106697346 ) ) ;
#3192 = VECTOR ( 'NONE', #3691, 1000.000000000000000 ) ;
#3193 = ORIENTED_EDGE ( 'NONE', *, *, #1485, .T. ) ;
#3194 = CARTESIAN_POINT ( 'NONE',  ( -1.352549999999993036, -4.839453122832116705, -5.039755446212258683 ) ) ;
#3195 = CARTESIAN_POINT ( 'NONE',  ( -1.260191413587276044, -0.5730468739160620162, -4.339808586412725155 ) ) ;
#3196 = CARTESIAN_POINT ( 'NONE',  ( -0.5602445537877294157, -8.907421874999998934, -4.247449999999998838 ) ) ;
#3197 = CARTESIAN_POINT ( 'NONE',  ( 1.782179788281249566, -4.988281248916062616, -4.861796961106697346 ) ) ;
#3198 = CARTESIAN_POINT ( 'NONE',  ( 4.415000000000000036, -3.149999999999999911, 12.69999999999999929 ) ) ;
#3199 = CARTESIAN_POINT ( 'NONE',  ( -1.260191413587276044, 1.014453126083938006, -4.339808586412725155 ) ) ;
#3200 = VERTEX_POINT ( 'NONE', #2780 ) ;
#3201 = CARTESIAN_POINT ( 'NONE',  ( -4.165000000000000036, -3.399999999999999911, 12.69999999999999929 ) ) ;
#3202 = CIRCLE ( 'NONE', #1372, 0.2500000000000002220 ) ;
#3203 = CARTESIAN_POINT ( 'NONE',  ( -0.9563972768938640012, -4.392968750000000533, -6.556397276893870085 ) ) ;
#3204 = CARTESIAN_POINT ( 'NONE',  ( 0.5602445537877306370, -5.137109372832120435, -6.952550000000002228 ) ) ;
#3205 = FACE_OUTER_BOUND ( 'NONE', #2701, .T. ) ;
#3206 = CIRCLE ( 'NONE', #1175, 0.2500000000000002220 ) ;
#3207 = CARTESIAN_POINT ( 'NONE',  ( 7.900000000000000355, -7.900000000000000355, -12.69999999999999929 ) ) ;
#3208 = EDGE_CURVE ( 'NONE', #1224, #3631, #836, .T. ) ;
#3209 = CARTESIAN_POINT ( 'NONE',  ( -0.9563972768938648894, -2.607031247832119814, -6.556397276893870085 ) ) ;
#3210 = CARTESIAN_POINT ( 'NONE',  ( 1.782179788281249566, -1.813281248916063459, -4.861796961106697346 ) ) ;
#3211 = VERTEX_POINT ( 'NONE', #4044 ) ;
#3212 =( BOUNDED_CURVE ( )  B_SPLINE_CURVE ( 2, ( #3975, #2157, #865, #1500, #3008, #3324, #1142, #558, #179 ),
 .UNSPECIFIED., .F., .T. ) 
 B_SPLINE_CURVE_WITH_KNOTS ( ( 3, 2, 2, 2, 3 ),
 ( 0.7812500000000000000, 0.7890625000000000000, 0.7968750000000000000, 0.8046875000000000000, 0.8125000000000000000 ),
 .UNSPECIFIED. ) 
 CURVE ( )  GEOMETRIC_REPRESENTATION_ITEM ( )  RATIONAL_B_SPLINE_CURVE ( ( 1.000000000000000000, 0.9238795325112849621, 1.000000000000000000, 0.9238795325112869605, 1.000000000000000000, 0.9238795325112869605, 1.000000000000000000, 0.9238795325112889589, 1.000000000000000000 ) ) 
 REPRESENTATION_ITEM ( '' )  );
#3213 = CARTESIAN_POINT ( 'NONE',  ( -1.782179788281249566, -7.865624998916059596, -6.338203038893299279 ) ) ;
#3214 = EDGE_CURVE ( 'NONE', #910, #867, #2912, .T. ) ;
#3215 = ORIENTED_EDGE ( 'NONE', *, *, #90, .F. ) ;
#3216 = CARTESIAN_POINT ( 'NONE',  ( -0.8470363399125259152, -8.149999999999989697, -4.545523380359911769 ) ) ;
#3217 = CARTESIAN_POINT ( 'NONE',  ( 1.260191413587280040, -7.518359373916060129, -4.339808586412725155 ) ) ;
#3218 = CARTESIAN_POINT ( 'NONE',  ( 1.782179788281250010, -2.656640623916060484, -5.599999999999999645 ) ) ;
#3219 = CARTESIAN_POINT ( 'NONE',  ( -0.7382030388932976361, -6.774218748916054800, -3.817820211718765400 ) ) ;
#3220 = CARTESIAN_POINT ( 'NONE',  ( -1.260191413587276044, 1.113671876083938139, -4.339808586412725155 ) ) ;
#3221 = CARTESIAN_POINT ( 'NONE',  ( 9.295070774425280563E-16, -5.137109373916060484, -3.817820211718750301 ) ) ;
#3222 = CARTESIAN_POINT ( 'NONE',  ( 6.165000000000000036, -3.399999999999999911, 12.69999999999999929 ) ) ;
#3223 = DIRECTION ( 'NONE',  ( 0.000000000000000000, 0.000000000000000000, -1.000000000000000000 ) ) ;
#3224 = ORIENTED_EDGE ( 'NONE', *, *, #1404, .F. ) ;
#3225 = CARTESIAN_POINT ( 'NONE',  ( 5.915000000000000036, -3.763250300240245316, -12.69999999999999929 ) ) ;
#3226 = CYLINDRICAL_SURFACE ( 'NONE', #4077, 0.2500000000000002220 ) ;
#3227 = DIRECTION ( 'NONE',  ( -1.000000000000000000, -4.445560573694990261E-16, 0.000000000000000000 ) ) ;
#3228 = CARTESIAN_POINT ( 'NONE',  ( 0.7382030388933061849, -7.270312498916064570, -7.382179788281247212 ) ) ;
#3229 = CARTESIAN_POINT ( 'NONE',  ( 1.567983131771049976, -8.150000000000011013, -6.447109022640921339 ) ) ;
#3230 = CARTESIAN_POINT ( 'NONE',  ( 6.121799300813819801E-16, -3.103124997832119814, -4.247449999999999726 ) ) ;
#3231 = EDGE_CURVE ( 'NONE', #739, #2079, #2185, .T. ) ;
#3232 = CARTESIAN_POINT ( 'NONE',  ( -0.7382030388933039644, -7.667187498916057109, -3.817820211718748968 ) ) ;
#3233 = CARTESIAN_POINT ( 'NONE',  ( 6.325533240535150091E-16, -6.327734373916060306, -7.382179788281249877 ) ) ;
#3234 = CARTESIAN_POINT ( 'NONE',  ( 0.9563972768938659996, -4.591406247832120258, -4.643602723106139862 ) ) ;
#3235 = EDGE_CURVE ( 'NONE', #3211, #3643, #3007, .T. ) ;
#3236 = CARTESIAN_POINT ( 'NONE',  ( -0.7382030388933050746, -0.5234374989160613945, -3.817820211718748968 ) ) ;
#3237 = CARTESIAN_POINT ( 'NONE',  ( -0.5602445537877294157, 0.5183593771678779438, -6.952550000000002228 ) ) ;
#3238 = CARTESIAN_POINT ( 'NONE',  ( 1.673719865343969864E-16, -2.358984373916060306, -7.382179788281249877 ) ) ;
#3239 = CARTESIAN_POINT ( 'NONE',  ( 1.260191413587278042, -1.168359373916059818, -4.339808586412725155 ) ) ;
#3240 = ORIENTED_EDGE ( 'NONE', *, *, #201, .F. ) ;
#3241 = CARTESIAN_POINT ( 'NONE',  ( -5.165000000000000036, -4.700000000000000178, 12.69999999999999929 ) ) ;
#3242 = CARTESIAN_POINT ( 'NONE',  ( 5.367504603336459697E-16, -5.285937500000000178, -6.952550000000000452 ) ) ;
#3243 = LINE ( 'NONE', #2530, #2355 ) ;
#3244 = CARTESIAN_POINT ( 'NONE',  ( 4.204551256997669770E-16, -4.293749997832120080, -6.952550000000000452 ) ) ;
#3245 = CARTESIAN_POINT ( 'NONE',  ( 1.741368891896382776, -8.150000000000002132, -5.202969532992491430 ) ) ;
#3246 = CARTESIAN_POINT ( 'NONE',  ( -3.733278214750519908, -2.914944194102520036, 12.69999999999999929 ) ) ;
#3247 = AXIS2_PLACEMENT_3D ( 'NONE', #1534, #3705, #3379 ) ;
#3248 = CARTESIAN_POINT ( 'NONE',  ( -0.9563972768938648894, -0.8210937478321220784, -4.643602723106139862 ) ) ;
#3249 = ORIENTED_EDGE ( 'NONE', *, *, #2239, .T. ) ;
#3250 = CARTESIAN_POINT ( 'NONE',  ( 1.782179788281249566, -8.957031248916061728, -6.338203038893299279 ) ) ;
#3251 = AXIS2_PLACEMENT_3D ( 'NONE', #1196, #3762, #657 ) ;
#3252 = CARTESIAN_POINT ( 'NONE',  ( -0.7382030388933050746, -5.186718748916064214, -3.817820211718748968 ) ) ;
#3253 = AXIS2_PLACEMENT_3D ( 'NONE', #3241, #428, #1690 ) ;
#3254 = CARTESIAN_POINT ( 'NONE',  ( -6.767287489215109808, 7.470609992384450670, -12.69999999999999929 ) ) ;
#3255 = CARTESIAN_POINT ( 'NONE',  ( -1.782179788281250010, -7.816015623916060306, -5.599999999999999645 ) ) ;
#3256 = CARTESIAN_POINT ( 'NONE',  ( -1.260191413587278042, -1.565234373916059907, -6.860191413587279463 ) ) ;
#3257 = VECTOR ( 'NONE', #848, 1000.000000000000000 ) ;
#3258 = EDGE_CURVE ( 'NONE', #1144, #3988, #3180, .T. ) ;
#3259 = CARTESIAN_POINT ( 'NONE',  ( 0.7382030388933061849, -2.706249998916060218, -3.817820211718748968 ) ) ;
#3260 = ORIENTED_EDGE ( 'NONE', *, *, #972, .T. ) ;
#3261 = CARTESIAN_POINT ( 'NONE',  ( 4.165000000000000036, -3.399999999999999911, 12.69999999999999929 ) ) ;
#3262 = CARTESIAN_POINT ( 'NONE',  ( -1.352550000000000141, -1.912499999999999867, -5.599999999999999645 ) ) ;
#3263 = CARTESIAN_POINT ( 'NONE',  ( 4.759552733613869136E-16, -1.267578123916059951, -3.817820211718750301 ) ) ;
#3264 = ORIENTED_EDGE ( 'NONE', *, *, #3208, .F. ) ;
#3265 = ADVANCED_FACE ( 'NONE', ( #388 ), #706, .T. ) ;
#3266 = CARTESIAN_POINT ( 'NONE',  ( -0.5602445537877294157, -6.030078125000002842, -6.952550000000002228 ) ) ;
#3267 = DIRECTION ( 'NONE',  ( 0.000000000000000000, 0.000000000000000000, 1.000000000000000000 ) ) ;
#3268 = DIRECTION ( 'NONE',  ( -8.881784197001251337E-16, 0.000000000000000000, 1.000000000000000000 ) ) ;
#3269 = CARTESIAN_POINT ( 'NONE',  ( 1.022543344946352169E-15, -5.930859373916060662, -3.817820211718750301 ) ) ;
#3270 = CARTESIAN_POINT ( 'NONE',  ( -0.9563972768938640012, -3.996093747832119902, -4.643602723106139862 ) ) ;
#3271 = CARTESIAN_POINT ( 'NONE',  ( 5.573620074272329873E-16, -1.962109373916059996, -3.817820211718750301 ) ) ;
#3272 = ORIENTED_EDGE ( 'NONE', *, *, #813, .F. ) ;
#3273 = CARTESIAN_POINT ( 'NONE',  ( 1.782179788281250010, -5.037890623916060129, -5.599999999999999645 ) ) ;
#3274 = ORIENTED_EDGE ( 'NONE', *, *, #450, .F. ) ;
#3275 = CARTESIAN_POINT ( 'NONE',  ( -1.313558022712302487, -9.497503704328483565, -6.804462585025517818 ) ) ;
#3276 = CARTESIAN_POINT ( 'NONE',  ( -1.260191413587276044, -4.442578123916060662, -4.339808586412725155 ) ) ;
#3277 = ORIENTED_EDGE ( 'NONE', *, *, #2666, .T. ) ;
#3278 = CARTESIAN_POINT ( 'NONE',  ( -7.900000000000000355, -7.900000000000000355, 12.69999999999999929 ) ) ;
#3279 = CARTESIAN_POINT ( 'NONE',  ( -1.352549999999999253, -8.149999999999998579, -5.599999999999999645 ) ) ;
#3280 = CARTESIAN_POINT ( 'NONE',  ( 1.782179788281250010, -8.212890623916059951, -5.599999999999999645 ) ) ;
#3281 = AXIS2_PLACEMENT_3D ( 'NONE', #1811, #2161, #3052 ) ;
#3282 = CARTESIAN_POINT ( 'NONE',  ( -1.782179788281250010, -2.259765623916060395, -5.599999999999999645 ) ) ;
#3283 = CARTESIAN_POINT ( 'NONE',  ( -0.7382030388933050746, -2.805468748916060573, -3.817820211718748968 ) ) ;
#3284 = ORIENTED_EDGE ( 'NONE', *, *, #1790, .F. ) ;
#3285 = CYLINDRICAL_SURFACE ( 'NONE', #125, 0.2500000000000002220 ) ;
#3286 = CARTESIAN_POINT ( 'NONE',  ( -1.260191413587276044, -7.121484373916060484, -6.860191413587279463 ) ) ;
#3287 = CARTESIAN_POINT ( 'NONE',  ( -0.7382030388933050746, -2.110937498916060306, -3.817820211718748968 ) ) ;
#3288 = ADVANCED_FACE ( 'NONE', ( #1666 ), #2116, .T. ) ;
#3289 = ORIENTED_EDGE ( 'NONE', *, *, #2513, .T. ) ;
#3290 = CARTESIAN_POINT ( 'NONE',  ( 1.352550000000001473, -5.533984375000003730, -5.039755446212264900 ) ) ;
#3291 = CARTESIAN_POINT ( 'NONE',  ( 1.491994362104745786, -8.150000000000021672, -6.553548081450428775 ) ) ;
#3292 = CARTESIAN_POINT ( 'NONE',  ( 9.552700222439850891E-16, -8.149999999999998579, -5.599999999999999645 ) ) ;
#3293 = CARTESIAN_POINT ( 'NONE',  ( 1.782179788281250010, -8.113671873916059596, -5.599999999999999645 ) ) ;
#3294 = EDGE_CURVE ( 'NONE', #3919, #2017, #2696, .T. ) ;
#3295 = CARTESIAN_POINT ( 'NONE',  ( 1.352549999999999697, 2.850000000000000089, -5.599999999999999645 ) ) ;
#3296 = CARTESIAN_POINT ( 'NONE',  ( -0.9563972768938640012, -5.583593747832120258, -4.643602723106139862 ) ) ;
#3297 = ORIENTED_EDGE ( 'NONE', *, *, #2306, .T. ) ;
#3298 = CARTESIAN_POINT ( 'NONE',  ( -1.352550000000001473, 2.205078127167880098, -6.160244553787730837 ) ) ;
#3299 = CARTESIAN_POINT ( 'NONE',  ( 4.581103224838460064E-16, -4.839453123916060306, -7.382179788281249877 ) ) ;
#3300 = DIRECTION ( 'NONE',  ( 0.000000000000000000, 0.000000000000000000, -1.000000000000000000 ) ) ;
#3301 = CARTESIAN_POINT ( 'NONE',  ( -1.782179788281250010, -6.923046873916060662, -5.599999999999999645 ) ) ;
#3302 = ORIENTED_EDGE ( 'NONE', *, *, #378, .F. ) ;
#3303 = CARTESIAN_POINT ( 'NONE',  ( 1.442321546045511882, -3.149999999999996803, -6.112084585897500588 ) ) ;
#3304 = CARTESIAN_POINT ( 'NONE',  ( -0.7382030388933039644, -8.460937498916063504, -3.817820211718748968 ) ) ;
#3305 = CARTESIAN_POINT ( 'NONE',  ( 1.260191413587278042, -4.144921873916060484, -6.860191413587279463 ) ) ;
#3306 = CARTESIAN_POINT ( 'NONE',  ( 0.7382030388932985243, -6.377343748916052490, -7.382179788281236554 ) ) ;
#3307 = CARTESIAN_POINT ( 'NONE',  ( 1.260191413587278042, -0.07695312391606169700, -6.860191413587279463 ) ) ;
#3308 = VERTEX_POINT ( 'NONE', #654 ) ;
#3309 = CARTESIAN_POINT ( 'NONE',  ( -1.260191413587278042, -0.7714843739160620606, -6.860191413587279463 ) ) ;
#3310 = ORIENTED_EDGE ( 'NONE', *, *, #543, .F. ) ;
#3311 = CARTESIAN_POINT ( 'NONE',  ( -0.5602445537877294157, -5.236328125000006217, -6.952550000000002228 ) ) ;
#3312 = DIRECTION ( 'NONE',  ( 1.000000000000000000, 0.000000000000000000, 0.000000000000000000 ) ) ;
#3313 = DIRECTION ( 'NONE',  ( -0.01738260385761379936, 0.9998489111276409602, 0.000000000000000000 ) ) ;
#3314 = DIRECTION ( 'NONE',  ( 0.000000000000000000, 0.000000000000000000, 1.000000000000000000 ) ) ;
#3315 = EDGE_CURVE ( 'NONE', #2022, #2655, #1403, .T. ) ;
#3316 = CARTESIAN_POINT ( 'NONE',  ( -1.352549999999999031, -4.045703122832122745, -5.039755446212264900 ) ) ;
#3317 = ORIENTED_EDGE ( 'NONE', *, *, #146, .T. ) ;
#3318 = CARTESIAN_POINT ( 'NONE',  ( -2.478591512543200093, 7.521408487456800351, -12.69999999999999929 ) ) ;
#3319 = CARTESIAN_POINT ( 'NONE',  ( 1.782179788281250010, -8.907421873916058885, -5.599999999999999645 ) ) ;
#3320 = ORIENTED_EDGE ( 'NONE', *, *, #766, .F. ) ;
#3321 = CARTESIAN_POINT ( 'NONE',  ( -0.5602445537877263071, -4.442578124999995381, -6.952549999999991570 ) ) ;
#3322 = CLOSED_SHELL ( 'NONE', ( #3547, #991, #3633, #69, #1961, #1280, #1511, #1359, #945, #2768, #3779, #1816, #2061, #47, #1638, #1285, #1204, #3288, #520, #639, #3910, #496, #4052, #3829, #354, #3265, #1809, #3446, #588, #476, #3363, #1199, #1383, #399, #4027, #1966, #1128, #3157, #792, #1459, #1891, #668, #292, #1736, #1715, #1230, #229, #3932, #1660, #2566, #3138, #1840, #471, #2622, #253, #3421, #2436, #1069, #2115 ) ) ;
#3323 = CARTESIAN_POINT ( 'NONE',  ( -0.7382030388933039644, -4.789843748916061017, -7.382179788281247212 ) ) ;
#3324 = CARTESIAN_POINT ( 'NONE',  ( -0.5602445537877294157, -7.915234372832123277, -4.247449999999998838 ) ) ;
#3325 = VECTOR ( 'NONE', #1242, 1000.000000000000000 ) ;
#3326 = CARTESIAN_POINT ( 'NONE',  ( 4.643257399234089735E-16, -1.168359373916061816, -3.817820211718750301 ) ) ;
#3327 = ORIENTED_EDGE ( 'NONE', *, *, #1835, .T. ) ;
#3328 = CARTESIAN_POINT ( 'NONE',  ( -1.782179788281250010, 0.1214843760839385972, -5.599999999999999645 ) ) ;
#3329 = VECTOR ( 'NONE', #60, 1000.000000000000000 ) ;
#3330 = ORIENTED_EDGE ( 'NONE', *, *, #3368, .F. ) ;
#3331 = VECTOR ( 'NONE', #3850, 1000.000000000000000 ) ;
#3332 = DIRECTION ( 'NONE',  ( 0.000000000000000000, 0.000000000000000000, -1.000000000000000000 ) ) ;
#3333 = CARTESIAN_POINT ( 'NONE',  ( -3.936122147045910126E-16, 2.651562499999999822, -6.952550000000000452 ) ) ;
#3334 = CARTESIAN_POINT ( 'NONE',  ( 0.7382030388933072951, -6.674999998916060662, -3.817820211718748968 ) ) ;
#3335 = CARTESIAN_POINT ( 'NONE',  ( 1.352550000000001473, -5.335546872832121146, -5.039755446212264900 ) ) ;
#3336 = ORIENTED_EDGE ( 'NONE', *, *, #372, .F. ) ;
#3337 = CARTESIAN_POINT ( 'NONE',  ( 1.352549999999999031, 1.808203127167876234, -5.039755446212264900 ) ) ;
#3338 = CARTESIAN_POINT ( 'NONE',  ( -1.782179788281249566, -4.690624998916059774, -6.338203038893300167 ) ) ;
#3339 = CARTESIAN_POINT ( 'NONE',  ( -1.352550000000000585, 2.850000000000000089, -5.599999999999999645 ) ) ;
#3340 = EDGE_CURVE ( 'NONE', #3988, #3096, #2932, .T. ) ;
#3341 = VECTOR ( 'NONE', #2731, 1000.000000000000000 ) ;
#3342 = CYLINDRICAL_SURFACE ( 'NONE', #2464, 0.2500000000000002220 ) ;
#3343 = EDGE_LOOP ( 'NONE', ( #21, #953, #2059, #2733 ) ) ;
#3344 = DIRECTION ( 'NONE',  ( 0.000000000000000000, 0.000000000000000000, -1.000000000000000000 ) ) ;
#3345 = CARTESIAN_POINT ( 'NONE',  ( -0.7382030388933050746, -3.202343748916057997, -7.382179788281247212 ) ) ;
#3346 = EDGE_CURVE ( 'NONE', #3087, #600, #3842, .T. ) ;
#3347 = DIRECTION ( 'NONE',  ( 0.000000000000000000, 0.000000000000000000, 1.000000000000000000 ) ) ;
#3348 = VERTEX_POINT ( 'NONE', #2001 ) ;
#3349 = CARTESIAN_POINT ( 'NONE',  ( -3.340514801712094942E-16, 2.850000000000000089, -5.599999999999999645 ) ) ;
#3350 =( BOUNDED_CURVE ( )  B_SPLINE_CURVE ( 2, ( #370, #3523, #934, #1633, #3841, #1920, #3164, #2201, #3463, #1321, #628, #1594, #1899, #351, #2849, #40, #1302, #2550, #983, #2242, #2931, #728, #1753, #409, #1360, #3584, #2618, #3880, #1379, #139, #1082, #3612, #3634, #765, #1731, #563, #1832, #1776, #2505, #3772, #300, #2177, #3791, #2480, #1606, #2867, #385, #978, #1296, #2237, #323, #3813, #3437, #928, #1647, #601, #3833, #2525, #2255, #1870, #3455, #3516, #622, #3136, #1587, #443, #2611, #3306, #1726, #1395, #1350, #1977, #3875, #2967, #484, #3219, #3539, #1662, #1746, #3561, #3605, #1058, #402, #2296, #2313, #1037, #155, #2673, #133, #422, #1704, #2586, #110, #2946, #724, #1333, #760, #3852, #1098, #2988, #1996, #1414, #3935, #1013, #2908 ),
 .UNSPECIFIED., .F., .T. ) 
 B_SPLINE_CURVE_WITH_KNOTS ( ( 3, 2, 2, 2, 2, 2, 2, 2, 2, 2, 2, 2, 2, 2, 2, 2, 2, 2, 2, 2, 2, 2, 2, 2, 2, 2, 2, 2, 2, 2, 2, 2, 2, 2, 2, 2, 2, 2, 2, 2, 2, 2, 2, 2, 2, 2, 2, 2, 2, 2, 2, 2, 3 ),
 ( 0.4793172022741030158, 0.4795621660735260305, 0.4878304792816869906, 0.4960987924898480061, 0.5043671056980100209, 0.5126354189061710365, 0.5209037321143329402, 0.5291720453224940668, 0.5374403585306549713, 0.5457086717388169861, 0.5539769849469780016, 0.5622452981551400164, 0.5705136113633009209, 0.5787819245714629357, 0.5870502377796240623, 0.5953185509877849668, 0.6035868641959469816, 0.6118551774041079971, 0.6201234906122700119, 0.6283918038204309164, 0.6366601170285920430, 0.6449284302367539468, 0.6531967434449149623, 0.6614650566530770881, 0.6697333698612379926, 0.6780016830693990082, 0.6862699962775610230, 0.6945383094857220385, 0.7028066226938839423, 0.7110749359020449578, 0.7193432491102059734, 0.7276115623183679881, 0.7358798755265290037, 0.7441481887346910185, 0.7524165019428520340, 0.7606848151510139378, 0.7689531283591750643, 0.7772214415673359689, 0.7854897547754979836, 0.7937580679836589992, 0.8020263811918211250, 0.8102946943999820295, 0.8185630076081429340, 0.8268313208163051709, 0.8350996340244659644, 0.8433679472326280901, 0.8516362604407889947, 0.8599045736489500102, 0.8681728868571121360, 0.8764412000652730406, 0.8847095132734350553, 0.8929778264815959599, 0.8960445170041380081 ),
 .UNSPECIFIED. ) 
 CURVE ( )  GEOMETRIC_REPRESENTATION_ITEM ( )  RATIONAL_B_SPLINE_CURVE ( ( 0.9956232149493089434, 0.9977447928663989440, 1.000000000000000000, 0.9238795325112869605, 1.000000000000000000, 0.9238795325112869605, 1.000000000000000000, 0.9238795325112869605, 1.000000000000000000, 0.9238795325112869605, 1.000000000000000000, 0.9238795325112869605, 1.000000000000000000, 0.9238795325112869605, 1.000000000000000000, 0.9238795325112869605, 1.000000000000000000, 0.9238795325112869605, 1.000000000000000000, 0.9238795325112869605, 1.000000000000000000, 0.9238795325112869605, 1.000000000000000000, 0.9238795325112869605, 1.000000000000000000, 0.9238795325112869605, 1.000000000000000000, 0.9238795325112869605, 1.000000000000000000, 0.9238795325112869605, 1.000000000000000000, 0.9238795325112869605, 1.000000000000000000, 0.9238795325112869605, 1.000000000000000000, 0.9238795325112869605, 1.000000000000000000, 0.9238795325112869605, 1.000000000000000000, 0.9238795325112869605, 1.000000000000000000, 0.9238795325112869605, 1.000000000000000000, 0.9238795325112869605, 1.000000000000000000, 0.9238795325112869605, 1.000000000000000000, 0.9238795325112869605, 1.000000000000000000, 0.9238795325112869605, 1.000000000000000000, 0.9238795325112869605, 1.000000000000000000, 0.9238795325112869605, 1.000000000000000000, 0.9238795325112869605, 1.000000000000000000, 0.9238795325112869605, 1.000000000000000000, 0.9238795325112869605, 1.000000000000000000, 0.9238795325112869605, 1.000000000000000000, 0.9238795325112869605, 1.000000000000000000, 0.9238795325112869605, 1.000000000000000000, 0.9238795325112869605, 1.000000000000000000, 0.9238795325112869605, 1.000000000000000000, 0.9238795325112869605, 1.000000000000000000, 0.9238795325112869605, 1.000000000000000000, 0.9238795325112869605, 1.000000000000000000, 0.9238795325112869605, 1.000000000000000000, 0.9238795325112869605, 1.000000000000000000, 0.9238795325112869605, 1.000000000000000000, 0.9238795325112869605, 1.000000000000000000, 0.9238795325112869605, 1.000000000000000000, 0.9238795325112869605, 1.000000000000000000, 0.9238795325112869605, 1.000000000000000000, 0.9238795325112869605, 1.000000000000000000, 0.9238795325112869605, 1.000000000000000000, 0.9238795325112869605, 1.000000000000000000, 0.9238795325112869605, 1.000000000000000000, 0.9238795325112869605, 1.000000000000000000, 0.9238795325112869605, 1.000000000000000000, 0.9717671657637900751, 0.9644772646257639970 ) ) 
 REPRESENTATION_ITEM ( '' )  );
#3351 = ORIENTED_EDGE ( 'NONE', *, *, #1835, .F. ) ;
#3352 = CARTESIAN_POINT ( 'NONE',  ( -0.9563972768938640012, -8.163281249999998934, -4.643602723106139862 ) ) ;
#3353 = CARTESIAN_POINT ( 'NONE',  ( -0.5602445537877576154, -5.236328125000050626, -6.952550000000067065 ) ) ;
#3354 = CARTESIAN_POINT ( 'NONE',  ( -1.260191413587276044, -7.617578123916060484, -4.339808586412725155 ) ) ;
#3355 = FACE_OUTER_BOUND ( 'NONE', #661, .T. ) ;
#3356 = CARTESIAN_POINT ( 'NONE',  ( 0.5602445537877306370, -3.549609372832123633, -6.952550000000002228 ) ) ;
#3357 = CARTESIAN_POINT ( 'NONE',  ( 1.782179788281249566, -3.400781248916060040, -4.861796961106697346 ) ) ;
#3358 = ORIENTED_EDGE ( 'NONE', *, *, #4008, .F. ) ;
#3359 = CARTESIAN_POINT ( 'NONE',  ( 1.352550000000000141, 1.064062502167878010, -5.599999999999999645 ) ) ;
#3360 = CARTESIAN_POINT ( 'NONE',  ( 1.782179788281249566, -4.293749998916061905, -4.861796961106696457 ) ) ;
#3361 = CARTESIAN_POINT ( 'NONE',  ( 0.9563972768938659996, -5.980468747832119902, -6.556397276893870085 ) ) ;
#3362 = CARTESIAN_POINT ( 'NONE',  ( -1.782179788281249566, -7.766406248916063682, -6.338203038893299279 ) ) ;
#3363 = ADVANCED_FACE ( 'NONE', ( #119 ), #1613, .F. ) ;
#3364 = CARTESIAN_POINT ( 'NONE',  ( 1.352550000000000141, -4.690625000000060218, -5.599999999999369926 ) ) ;
#3365 = CARTESIAN_POINT ( 'NONE',  ( 5.165000000000000036, -4.700000000000000178, 12.69999999999999929 ) ) ;
#3366 = CARTESIAN_POINT ( 'NONE',  ( 0.7382030388933061849, -3.599218748916061639, -3.817820211718748968 ) ) ;
#3367 = LINE ( 'NONE', #2772, #3341 ) ;
#3368 = EDGE_CURVE ( 'NONE', #2521, #2788, #3243, .T. ) ;
#3369 = ORIENTED_EDGE ( 'NONE', *, *, #2672, .F. ) ;
#3370 = CARTESIAN_POINT ( 'NONE',  ( 1.600000000000000089, -3.149999999999999911, 12.69999999999999929 ) ) ;
#3371 = CARTESIAN_POINT ( 'NONE',  ( -1.260191413587276044, -3.152734373916060484, -6.860191413587279463 ) ) ;
#3372 = ORIENTED_EDGE ( 'NONE', *, *, #2254, .F. ) ;
#3373 = CARTESIAN_POINT ( 'NONE',  ( 0.9563972768939129621, -5.583593750000040323, -4.643602723106099006 ) ) ;
#3374 = DIRECTION ( 'NONE',  ( 1.000000000000000000, 0.000000000000000000, 0.000000000000000000 ) ) ;
#3375 = CARTESIAN_POINT ( 'NONE',  ( 1.782179788281249566, 1.262500001083940226, -4.861796961106697346 ) ) ;
#3376 = CARTESIAN_POINT ( 'NONE',  ( 0.5602445537877283055, -7.220703125000001776, -4.247450000000004167 ) ) ;
#3377 = FILL_AREA_STYLE_COLOUR ( '', #2551 ) ;
#3378 = CARTESIAN_POINT ( 'NONE',  ( -0.5602445537877294157, -7.915234372832122389, -4.247449999999998838 ) ) ;
#3379 = DIRECTION ( 'NONE',  ( -1.000000000000000000, 0.000000000000000000, 0.000000000000000000 ) ) ;
#3380 = CARTESIAN_POINT ( 'NONE',  ( -1.782179788281249566, -5.385156248916065813, -4.861796961106697346 ) ) ;
#3381 = CARTESIAN_POINT ( 'NONE',  ( 1.782179788281250010, -6.625390623916060484, -5.599999999999999645 ) ) ;
#3382 = DIRECTION ( 'NONE',  ( -1.000000000000000000, -1.172110456741085828E-16, 0.000000000000000000 ) ) ;
#3383 = CARTESIAN_POINT ( 'NONE',  ( -1.782179788281249566, -8.460937498916063504, -4.861796961106697346 ) ) ;
#3384 = CARTESIAN_POINT ( 'NONE',  ( 0.9563972768938648894, -3.797656249999999734, -6.556397276893870085 ) ) ;
#3385 = DIRECTION ( 'NONE',  ( 1.000000000000000000, 0.000000000000000000, 0.000000000000000000 ) ) ;
#3386 = CARTESIAN_POINT ( 'NONE',  ( -1.782179788281249566, -3.103124998916062527, -6.338203038893299279 ) ) ;
#3387 = PRODUCT_RELATED_PRODUCT_CATEGORY ( 'part', '', ( #3969 ) ) ;
#3388 = VECTOR ( 'NONE', #2876, 1000.000000000000000 ) ;
#3389 = VERTEX_POINT ( 'NONE', #1670 ) ;
#3390 = CARTESIAN_POINT ( 'NONE',  ( -4.415000000000000036, -3.763250300240245316, -12.69999999999999929 ) ) ;
#3391 = CARTESIAN_POINT ( 'NONE',  ( 8.481003433766819826E-16, -4.442578123916060662, -3.817820211718750301 ) ) ;
#3392 = DIRECTION ( 'NONE',  ( 0.000000000000000000, 0.000000000000000000, -1.000000000000000000 ) ) ;
#3393 = EDGE_CURVE ( 'NONE', #2406, #3976, #1777, .T. ) ;
#3394 = VECTOR ( 'NONE', #1048, 1000.000000000000000 ) ;
#3395 = CARTESIAN_POINT ( 'NONE',  ( 1.352550000000001473, -8.609765625000004974, -6.160244553787730837 ) ) ;
#3396 = LINE ( 'NONE', #2482, #578 ) ;
#3397 = VECTOR ( 'NONE', #2723, 1000.000000000000000 ) ;
#3398 = CARTESIAN_POINT ( 'NONE',  ( 0.9563972768938648894, 1.758593749999999956, -6.556397276893870085 ) ) ;
#3399 = PRESENTATION_STYLE_ASSIGNMENT (( #265 ) ) ;
#3400 = ADVANCED_FACE ( 'NONE', ( #3860 ), #962, .T. ) ;
#3401 = VECTOR ( 'NONE', #1525, 1000.000000000000000 ) ;
#3402 = CARTESIAN_POINT ( 'NONE',  ( 0.9563972768938659996, -6.774218747832120080, -6.556397276893870085 ) ) ;
#3403 = CARTESIAN_POINT ( 'NONE',  ( 1.263433802608147907E-15, -8.659374997832120613, -4.247449999999999726 ) ) ;
#3404 = CARTESIAN_POINT ( 'NONE',  ( 1.260191413587278042, -2.458203123916060218, -6.860191413587279463 ) ) ;
#3405 = CARTESIAN_POINT ( 'NONE',  ( -1.352549999999984820, -6.426953122832112619, -5.039755446212253354 ) ) ;
#3406 = CARTESIAN_POINT ( 'NONE',  ( 1.260191413587278042, -5.732421873916059951, -6.860191413587279463 ) ) ;
#3407 = CARTESIAN_POINT ( 'NONE',  ( -1.782179788281250010, 2.502734376083940226, -5.599999999999999645 ) ) ;
#3408 = CARTESIAN_POINT ( 'NONE',  ( 6.441828574914929492E-16, -6.426953123916060662, -7.382179788281249877 ) ) ;
#3409 = CARTESIAN_POINT ( 'NONE',  ( -0.5060122446789575568, -3.149999999999997691, -7.324697207063756821 ) ) ;
#3410 = LINE ( 'NONE', #1218, #171 ) ;
#3411 = DIRECTION ( 'NONE',  ( 0.000000000000000000, 0.000000000000000000, -1.000000000000000000 ) ) ;
#3412 = DIRECTION ( 'NONE',  ( -4.243104671853940479E-15, 1.000000000000000000, 0.000000000000000000 ) ) ;
#3413 = AXIS2_PLACEMENT_3D ( 'NONE', #2463, #1172, #1211 ) ;
#3414 = ORIENTED_EDGE ( 'NONE', *, *, #3981, .F. ) ;
#3415 = DIRECTION ( 'NONE',  ( 0.000000000000000000, 0.000000000000000000, -1.000000000000000000 ) ) ;
#3416 = CARTESIAN_POINT ( 'NONE',  ( -0.7382030388933039644, -4.789843748916061017, -7.382179788281247212 ) ) ;
#3417 = VERTEX_POINT ( 'NONE', #1023 ) ;
#3418 = DIRECTION ( 'NONE',  ( -3.657556381180200085E-16, 1.000000000000000000, 0.000000000000000000 ) ) ;
#3419 = CARTESIAN_POINT ( 'NONE',  ( -1.352549999999999031, -7.518359374999999289, -6.160244553787730837 ) ) ;
#3420 = CARTESIAN_POINT ( 'NONE',  ( 1.352550000006405906, -5.434765625000834710, -6.160244553781419441 ) ) ;
#3421 = ADVANCED_FACE ( 'NONE', ( #1303 ), #3798, .F. ) ;
#3422 = CARTESIAN_POINT ( 'NONE',  ( 0.5602445537877306370, -0.8707031250000014655, -4.247449999999998838 ) ) ;
#3423 = ORIENTED_EDGE ( 'NONE', *, *, #2356, .T. ) ;
#3424 = CARTESIAN_POINT ( 'NONE',  ( -4.415000000000000036, -3.149999999999999911, 12.69999999999999929 ) ) ;
#3425 = CARTESIAN_POINT ( 'NONE',  ( -0.5602445537877294157, -8.708984372832116350, -4.247449999999998838 ) ) ;
#3426 = EDGE_CURVE ( 'NONE', #322, #3752, #123, .T. ) ;
#3427 = CARTESIAN_POINT ( 'NONE',  ( 1.782179788281249566, -6.674999998916060662, -4.861796961106697346 ) ) ;
#3428 = CARTESIAN_POINT ( 'NONE',  ( 1.782179788281249566, 1.361718751083937917, -6.338203038893299279 ) ) ;
#3429 = CARTESIAN_POINT ( 'NONE',  ( -1.782179788281250010, -6.228515623916059951, -5.599999999999999645 ) ) ;
#3430 = LINE ( 'NONE', #1537, #3325 ) ;
#3431 = CARTESIAN_POINT ( 'NONE',  ( -1.260191413587278042, 2.502734376083940226, -6.860191413587279463 ) ) ;
#3432 = CARTESIAN_POINT ( 'NONE',  ( -8.149999999999998579, -8.149999999999998579, -12.69999999999999929 ) ) ;
#3433 = DIRECTION ( 'NONE',  ( 0.000000000000000000, 0.000000000000000000, 1.000000000000000000 ) ) ;
#3434 = ORIENTED_EDGE ( 'NONE', *, *, #3959, .F. ) ;
#3435 = CARTESIAN_POINT ( 'NONE',  ( 1.260191413587278042, -4.938671873916060662, -6.860191413587279463 ) ) ;
#3436 = ORIENTED_EDGE ( 'NONE', *, *, #614, .F. ) ;
#3437 = CARTESIAN_POINT ( 'NONE',  ( 1.260191413587265830, -5.633203123916049826, -6.860191413587270581 ) ) ;
#3438 = DIRECTION ( 'NONE',  ( 0.000000000000000000, 0.000000000000000000, 1.000000000000000000 ) ) ;
#3439 = CARTESIAN_POINT ( 'NONE',  ( 0.9563972768938648894, -0.6226562500000019096, -6.556397276893870085 ) ) ;
#3440 = EDGE_LOOP ( 'NONE', ( #1060, #3134, #2560, #2518 ) ) ;
#3441 = CARTESIAN_POINT ( 'NONE',  ( -1.352550000000012576, -6.526171872832124521, -6.160244553787712185 ) ) ;
#3442 = DIRECTION ( 'NONE',  ( 0.000000000000000000, 0.000000000000000000, 1.000000000000000000 ) ) ;
#3443 = CARTESIAN_POINT ( 'NONE',  ( -1.010007512721613043, -3.149999999999832934, -4.562627742640871453 ) ) ;
#3444 = CARTESIAN_POINT ( 'NONE',  ( -1.782179788281249566, 2.453125001083939161, -6.338203038893299279 ) ) ;
#3445 = CARTESIAN_POINT ( 'NONE',  ( -1.850000000000000089, -3.149999999999999911, 12.69999999999999929 ) ) ;
#3446 = ADVANCED_FACE ( 'NONE', ( #3882 ), #3226, .F. ) ;
#3447 = CARTESIAN_POINT ( 'NONE',  ( 1.782179788281250010, -0.1761718739160615110, -5.599999999999999645 ) ) ;
#3448 = ORIENTED_EDGE ( 'NONE', *, *, #1044, .T. ) ;
#3449 = DIRECTION ( 'NONE',  ( 0.000000000000000000, 0.000000000000000000, 1.000000000000000000 ) ) ;
#3450 = CARTESIAN_POINT ( 'NONE',  ( 0.7382030388933061849, -4.293749998916062793, -3.817820211718748968 ) ) ;
#3451 = ORIENTED_EDGE ( 'NONE', *, *, #3475, .F. ) ;
#3452 = DIRECTION ( 'NONE',  ( -1.000000000000000000, 3.897404079615515347E-15, 0.000000000000000000 ) ) ;
#3453 = CARTESIAN_POINT ( 'NONE',  ( -0.7382030388933039644, -8.361718748916057820, -3.817820211718748968 ) ) ;
#3454 = ORIENTED_EDGE ( 'NONE', *, *, #2959, .T. ) ;
#3455 = CARTESIAN_POINT ( 'NONE',  ( -1.260191413587264053, -6.030078123916049471, -4.339808586412740254 ) ) ;
#3456 = CLOSED_SHELL ( 'NONE', ( #3163, #2790, #2139, #177 ) ) ;
#3457 = CARTESIAN_POINT ( 'NONE',  ( -1.782179788281249566, 1.064062501083937740, -4.861796961106697346 ) ) ;
#3458 = CARTESIAN_POINT ( 'NONE',  ( 1.352550000000000141, -4.690625000000060218, -5.599999999999369926 ) ) ;
#3459 = CARTESIAN_POINT ( 'NONE',  ( 0.9563972768938648894, -0.02734375000000134961, -4.643602723106139862 ) ) ;
#3460 = AXIS2_PLACEMENT_3D ( 'NONE', #2349, #2689, #3927 ) ;
#3461 = VERTEX_POINT ( 'NONE', #710 ) ;
#3462 = CARTESIAN_POINT ( 'NONE',  ( -1.352549999999144825, -6.724609375000112799, -6.160244553788580824 ) ) ;
#3463 = CARTESIAN_POINT ( 'NONE',  ( 1.260191413587265830, -3.450390623916050004, -4.339808586412740254 ) ) ;
#3464 = AXIS2_PLACEMENT_3D ( 'NONE', #3424, #3097, #282 ) ;
#3465 = CARTESIAN_POINT ( 'NONE',  ( 1.352550000000001473, -9.205078122832118126, -6.160244553787730837 ) ) ;
#3466 = DIRECTION ( 'NONE',  ( 0.000000000000000000, 0.000000000000000000, -1.000000000000000000 ) ) ;
#3467 = CARTESIAN_POINT ( 'NONE',  ( 5.511465899876700201E-16, -5.633203123916060484, -7.382179788281249877 ) ) ;
#3468 = DIRECTION ( 'NONE',  ( 0.000000000000000000, 0.000000000000000000, 1.000000000000000000 ) ) ;
#3469 = CIRCLE ( 'NONE', #2862, 1.199999999999999734 ) ;
#3470 = CARTESIAN_POINT ( 'NONE',  ( 1.260191413587278042, 2.105859376083939694, -4.339808586412725155 ) ) ;
#3471 = EDGE_CURVE ( 'NONE', #295, #2022, #2243, .T. ) ;
#3472 = CARTESIAN_POINT ( 'NONE',  ( -1.782179788281249566, -5.484374998916059951, -6.338203038893299279 ) ) ;
#3473 = ORIENTED_EDGE ( 'NONE', *, *, #1543, .T. ) ;
#3474 = CARTESIAN_POINT ( 'NONE',  ( -5.165000000000000036, -4.700000000000000178, 6.700000000000000178 ) ) ;
#3475 = EDGE_CURVE ( 'NONE', #2594, #1078, #2154, .T. ) ;
#3476 = DIRECTION ( 'NONE',  ( 0.000000000000000000, 0.000000000000000000, 1.000000000000000000 ) ) ;
#3477 = CARTESIAN_POINT ( 'NONE',  ( -0.7382030388933050746, 2.353906251083938805, -7.382179788281247212 ) ) ;
#3478 = ORIENTED_EDGE ( 'NONE', *, *, #1257, .T. ) ;
#3479 = CARTESIAN_POINT ( 'NONE',  ( 9.218066990811449612E-17, 2.006640626083939782, -3.817820211718750301 ) ) ;
#3480 = CARTESIAN_POINT ( 'NONE',  ( 0.7382030388933050746, -3.996093748916059063, -7.382179788281247212 ) ) ;
#3481 = CARTESIAN_POINT ( 'NONE',  ( -1.367058625642834979, -3.150000000000001243, -6.726975891724236156 ) ) ;
#3482 = VECTOR ( 'NONE', #2529, 1000.000000000000000 ) ;
#3483 = ORIENTED_EDGE ( 'NONE', *, *, #1049, .F. ) ;
#3484 = AXIS2_PLACEMENT_3D ( 'NONE', #998, #2150, #3543 ) ;
#3485 = LINE ( 'NONE', #3821, #1773 ) ;
#3486 = DIRECTION ( 'NONE',  ( 0.000000000000000000, 0.000000000000000000, 1.000000000000000000 ) ) ;
#3487 = CARTESIAN_POINT ( 'NONE',  ( 3.982831157154790080, -3.149999999999999911, 12.69999999999999929 ) ) ;
#3488 = VECTOR ( 'NONE', #1529, 1000.000000000000000 ) ;
#3489 = CARTESIAN_POINT ( 'NONE',  ( -1.782179788281250010, -7.022265623916060129, -5.599999999999999645 ) ) ;
#3490 = CYLINDRICAL_SURFACE ( 'NONE', #3251, 1.352550000000000141 ) ;
#3491 = CARTESIAN_POINT ( 'NONE',  ( -0.7382030388933050746, 1.163281251083938539, -3.817820211718748968 ) ) ;
#3492 = CARTESIAN_POINT ( 'NONE',  ( 5.915000000000000036, -3.149999999999999911, -12.69999999999999929 ) ) ;
#3493 = CARTESIAN_POINT ( 'NONE',  ( -1.260191413587276044, -8.510546873916059241, -4.339808586412725155 ) ) ;
#3494 = UNCERTAINTY_MEASURE_WITH_UNIT (LENGTH_MEASURE( 1.000000000000000082E-05 ), #447, 'distance_accuracy_value', 'NONE');
#3495 = CARTESIAN_POINT ( 'NONE',  ( -1.782179788281250010, -6.228515623916059951, -5.599999999999999645 ) ) ;
#3496 = CARTESIAN_POINT ( 'NONE',  ( 1.260191413587278042, -4.045703123916060129, -6.860191413587279463 ) ) ;
#3497 = ORIENTED_EDGE ( 'NONE', *, *, #146, .F. ) ;
#3498 = CARTESIAN_POINT ( 'NONE',  ( -0.7382030388933050746, 1.560156251083937518, -7.382179788281247212 ) ) ;
#3499 = ORIENTED_EDGE ( 'NONE', *, *, #994, .T. ) ;
#3500 = EDGE_CURVE ( 'NONE', #1969, #2707, #2488, .T. ) ;
#3501 = CARTESIAN_POINT ( 'NONE',  ( -1.260191413587276044, 0.3199218760839385167, -4.339808586412725155 ) ) ;
#3502 = CARTESIAN_POINT ( 'NONE',  ( 1.782179788281249566, -4.194531248916061550, -4.861796961106697346 ) ) ;
#3503 = DIRECTION ( 'NONE',  ( 0.000000000000000000, 0.000000000000000000, 1.000000000000000000 ) ) ;
#3504 = CARTESIAN_POINT ( 'NONE',  ( -0.5602445537877294157, 1.113671874999997646, -6.952550000000002228 ) ) ;
#3505 = ORIENTED_EDGE ( 'NONE', *, *, #2119, .T. ) ;
#3506 = CARTESIAN_POINT ( 'NONE',  ( 6.336954265394160402, -2.899999999999999911, 12.69999999999999929 ) ) ;
#3507 = CARTESIAN_POINT ( 'NONE',  ( 1.352549999999993036, -5.236328122832120791, -6.160244553787734390 ) ) ;
#3508 = DIRECTION ( 'NONE',  ( 1.000000000000000000, 0.000000000000000000, 0.000000000000000000 ) ) ;
#3509 = CARTESIAN_POINT ( 'NONE',  ( 0.7382030388933061849, -8.064062498916060306, -7.382179788281247212 ) ) ;
#3510 = CARTESIAN_POINT ( 'NONE',  ( -6.582645735676940113, -3.149999999999999911, 12.69999999999999929 ) ) ;
#3511 = CARTESIAN_POINT ( 'NONE',  ( 4.261073950737345442E-16, -1.515624997832120124, -4.247449999999999726 ) ) ;
#3512 = CARTESIAN_POINT ( 'NONE',  ( -0.7382030388933050746, 1.957031251083940715, -3.817820211718748968 ) ) ;
#3513 = CARTESIAN_POINT ( 'NONE',  ( -1.260191413587276044, -8.510546873916059241, -4.339808586412725155 ) ) ;
#3514 = ORIENTED_EDGE ( 'NONE', *, *, #3858, .F. ) ;
#3515 = CARTESIAN_POINT ( 'NONE',  ( -0.7382030388933050746, 1.064062501083938628, -3.817820211718748968 ) ) ;
#3516 = CARTESIAN_POINT ( 'NONE',  ( -1.782179788281233135, -6.079687498916054977, -4.861796961106700898 ) ) ;
#3517 = CARTESIAN_POINT ( 'NONE',  ( -1.352549999999999031, -9.006640625000008171, -5.039755446212264900 ) ) ;
#3518 = CARTESIAN_POINT ( 'NONE',  ( -0.7382030388933050746, -3.896874998916064481, -7.382179788281247212 ) ) ;
#3519 = CARTESIAN_POINT ( 'NONE',  ( 7.284752647154329445E-16, -4.095312500000394706, -4.247449999999314940 ) ) ;
#3520 = CARTESIAN_POINT ( 'NONE',  ( 1.968464708499160309E-16, 1.113671876083940138, -3.817820211718750301 ) ) ;
#3521 = EDGE_CURVE ( 'NONE', #1300, #3461, #3614, .T. ) ;
#3522 = ORIENTED_EDGE ( 'NONE', *, *, #2850, .T. ) ;
#3523 = CARTESIAN_POINT ( 'NONE',  ( -0.02025147659889934074, -3.151373416233725688, -7.382179788281236554 ) ) ;
#3524 = DIRECTION ( 'NONE',  ( 0.000000000000000000, 0.000000000000000000, 1.000000000000000000 ) ) ;
#3525 = CARTESIAN_POINT ( 'NONE',  ( 3.982831157154790080, -2.899999999999999911, -12.69999999999999929 ) ) ;
#3526 = CARTESIAN_POINT ( 'NONE',  ( 1.784767932738577922, -8.149999999999996803, -5.666213567302353482 ) ) ;
#3527 = EDGE_CURVE ( 'NONE', #3752, #2527, #2381, .T. ) ;
#3528 = FACE_OUTER_BOUND ( 'NONE', #783, .T. ) ;
#3529 = VECTOR ( 'NONE', #1092, 1000.000000000000000 ) ;
#3530 = CARTESIAN_POINT ( 'NONE',  ( -1.352550000000000141, -1.714062497832120169, -5.599999999999999645 ) ) ;
#3531 = CARTESIAN_POINT ( 'NONE',  ( -1.782179788281249566, -1.416406248916061150, -6.338203038893299279 ) ) ;
#3532 = VERTEX_POINT ( 'NONE', #3900 ) ;
#3533 = CIRCLE ( 'NONE', #1823, 1.199999999999999734 ) ;
#3534 = CARTESIAN_POINT ( 'NONE',  ( 1.313281680895800079E-15, -8.411328123916060662, -3.817820211718750301 ) ) ;
#3535 = AXIS2_PLACEMENT_3D ( 'NONE', #1120, #843, #3385 ) ;
#3536 = EDGE_LOOP ( 'NONE', ( #2863, #108, #941, #4055 ) ) ;
#3537 = CARTESIAN_POINT ( 'NONE',  ( 1.376033342708202101, -3.149999999999999023, -5.340798798311889861 ) ) ;
#3538 = CARTESIAN_POINT ( 'NONE',  ( -1.260191413587276044, -1.366796873916061861, -4.339808586412725155 ) ) ;
#3539 = CARTESIAN_POINT ( 'NONE',  ( -1.260191413587264053, -6.823828123916049648, -4.339808586412740254 ) ) ;
#3540 = CARTESIAN_POINT ( 'NONE',  ( -1.782179788281249566, 2.552343751083939960, -6.338203038893299279 ) ) ;
#3541 = CARTESIAN_POINT ( 'NONE',  ( -0.5602445537880130777, -4.144921875000398437, -4.247449999999312276 ) ) ;
#3542 = CARTESIAN_POINT ( 'NONE',  ( 0.9563972768938648894, -1.416406250000001865, -6.556397276893870085 ) ) ;
#3543 = DIRECTION ( 'NONE',  ( 1.000000000000000000, 0.000000000000000000, 0.000000000000000000 ) ) ;
#3544 = EDGE_LOOP ( 'NONE', ( #50, #2338, #3608, #2328 ) ) ;
#3545 = CARTESIAN_POINT ( 'NONE',  ( -1.632398063694550538, -3.147891848543919124, -5.920088587977565098 ) ) ;
#3546 = STYLED_ITEM ( 'NONE', ( #2795 ), #2774 ) ;
#3547 = ADVANCED_FACE ( 'NONE', ( #186 ), #1446, .F. ) ;
#3548 = DIRECTION ( 'NONE',  ( 0.000000000000000000, 0.000000000000000000, 1.000000000000000000 ) ) ;
#3549 = CARTESIAN_POINT ( 'NONE',  ( 8.149999999999998579, -8.149999999999998579, 12.69999999999999929 ) ) ;
#3550 = VECTOR ( 'NONE', #642, 1000.000000000000000 ) ;
#3551 = CARTESIAN_POINT ( 'NONE',  ( 1.590671918421229902, -8.149999999999993250, -4.860055883929736531 ) ) ;
#3552 = EDGE_CURVE ( 'NONE', #1357, #3622, #3636, .T. ) ;
#3553 = CIRCLE ( 'NONE', #390, 0.2500000000000002220 ) ;
#3554 = CARTESIAN_POINT ( 'NONE',  ( -1.352550000000000141, -0.9203124978321221006, -5.599999999999999645 ) ) ;
#3555 = CARTESIAN_POINT ( 'NONE',  ( -1.260191413587278042, -0.6722656239160620384, -6.860191413587279463 ) ) ;
#3556 = CARTESIAN_POINT ( 'NONE',  ( -0.7382030388933039644, -8.758593748916061017, -7.382179788281247212 ) ) ;
#3557 = CARTESIAN_POINT ( 'NONE',  ( -0.7382030388933039644, -4.690624998916059774, -7.382179788281247212 ) ) ;
#3558 = VERTEX_POINT ( 'NONE', #788 ) ;
#3559 = CARTESIAN_POINT ( 'NONE',  ( 1.452014569534004762, -3.149999999999997247, -5.723353573769011327 ) ) ;
#3560 = CARTESIAN_POINT ( 'NONE',  ( -1.782179788281249566, -0.6226562489160610836, -4.861796961106697346 ) ) ;
#3561 = CARTESIAN_POINT ( 'NONE',  ( -1.782179788281233135, -6.972656248916046628, -6.338203038893288621 ) ) ;
#3562 = CARTESIAN_POINT ( 'NONE',  ( -1.260191413587276044, -1.267578123916061950, -4.339808586412725155 ) ) ;
#3563 = CARTESIAN_POINT ( 'NONE',  ( -0.9563972768944980496, -3.400781250000520117, -4.643602723105509256 ) ) ;
#3564 = CARTESIAN_POINT ( 'NONE',  ( -1.260191413587278042, 0.02226562608393820031, -6.860191413587279463 ) ) ;
#3565 = CARTESIAN_POINT ( 'NONE',  ( 0.5602445537881007853, -3.748046875000514699, -6.952550000000890407 ) ) ;
#3566 = CARTESIAN_POINT ( 'NONE',  ( 1.352550000000007024, -5.335546872832117593, -5.039755446212270229 ) ) ;
#3567 = DIRECTION ( 'NONE',  ( 1.000000000000000000, 0.000000000000000000, 0.000000000000000000 ) ) ;
#3568 = CARTESIAN_POINT ( 'NONE',  ( 0.9563972768944409841, -7.766406250000470024, -6.556397276894440296 ) ) ;
#3569 = CARTESIAN_POINT ( 'NONE',  ( 4.415000000000000036, -3.763250300240245316, -12.69999999999999929 ) ) ;
#3570 = CARTESIAN_POINT ( 'NONE',  ( 0.9563972768938659996, -3.003906247832119902, -4.643602723106139862 ) ) ;
#3571 = CARTESIAN_POINT ( 'NONE',  ( 0.7382030388933050746, -1.614843748916060751, -7.382179788281247212 ) ) ;
#3572 = B_SPLINE_CURVE_WITH_KNOTS ( 'NONE', 3,
 ( #3781, #963, #3185, #2576, #3166, #374, #3443, #1636, #1555, #63 ),
 .UNSPECIFIED., .F., .F.,
 ( 4, 2, 2, 2, 4 ),
 ( 9.697399036122160616E-19, 0.0004237073721058513950, 0.0008474147442117018142, 0.001271122116317552125, 0.001694829488423402544 ),
 .UNSPECIFIED. ) ;
#3573 = CARTESIAN_POINT ( 'NONE',  ( 1.127209145888152052E-15, -6.823828123916060306, -3.817820211718750301 ) ) ;
#3574 = EDGE_CURVE ( 'NONE', #3622, #1545, #2422, .T. ) ;
#3575 = CARTESIAN_POINT ( 'NONE',  ( 1.260191413587278042, -5.037890623916060129, -4.339808586412725155 ) ) ;
#3576 = ORIENTED_EDGE ( 'NONE', *, *, #3078, .F. ) ;
#3577 = CARTESIAN_POINT ( 'NONE',  ( 1.220245413391975967E-15, -7.617578123916060484, -3.817820211718750301 ) ) ;
#3578 = CARTESIAN_POINT ( 'NONE',  ( -1.782179788281250010, 0.1214843760839385972, -5.599999999999999645 ) ) ;
#3579 = EDGE_CURVE ( 'NONE', #2406, #192, #453, .T. ) ;
#3580 = CARTESIAN_POINT ( 'NONE',  ( 0.7382030388933061849, -1.912499998916064037, -3.817820211718748968 ) ) ;
#3581 = ORIENTED_EDGE ( 'NONE', *, *, #2737, .F. ) ;
#3582 = CARTESIAN_POINT ( 'NONE',  ( 1.782179788281249566, -0.2257812489160611058, -6.338203038893299279 ) ) ;
#3583 = ORIENTED_EDGE ( 'NONE', *, *, #2068, .F. ) ;
#3584 = CARTESIAN_POINT ( 'NONE',  ( 0.7382030388932996345, -4.293749998916052135, -3.817820211718765400 ) ) ;
#3585 = CARTESIAN_POINT ( 'NONE',  ( -0.7216235721732172648, -8.150000000000000355, -6.843359547200688731 ) ) ;
#3586 = DIRECTION ( 'NONE',  ( 0.000000000000000000, 0.000000000000000000, 1.000000000000000000 ) ) ;
#3587 = CARTESIAN_POINT ( 'NONE',  ( -1.782179788281250010, -6.129296873916060484, -5.599999999999999645 ) ) ;
#3588 = LINE ( 'NONE', #1696, #1222 ) ;
#3589 = CARTESIAN_POINT ( 'NONE',  ( 1.352550000000001473, -0.5730468728321223004, -5.039755446212264900 ) ) ;
#3590 = CARTESIAN_POINT ( 'NONE',  ( 1.260191413587278042, -0.8707031239160619718, -6.860191413587279463 ) ) ;
#3591 = ORIENTED_EDGE ( 'NONE', *, *, #114, .F. ) ;
#3592 = CARTESIAN_POINT ( 'NONE',  ( -1.352550000000001473, 1.411328127167878588, -6.160244553787730837 ) ) ;
#3593 = CARTESIAN_POINT ( 'NONE',  ( -1.782179788281250010, -3.847265623916060306, -5.599999999999999645 ) ) ;
#3594 = CARTESIAN_POINT ( 'NONE',  ( -1.782179788281250010, -7.816015623916060306, -5.599999999999999645 ) ) ;
#3595 = AXIS2_PLACEMENT_3D ( 'NONE', #3902, #3884, #2321 ) ;
#3596 = CARTESIAN_POINT ( 'NONE',  ( -1.260191413587276044, -7.022265623916060129, -6.860191413587279463 ) ) ;
#3597 = EDGE_CURVE ( 'NONE', #2969, #221, #2703, .T. ) ;
#3598 = CIRCLE ( 'NONE', #434, 1.199999999999999734 ) ;
#3599 = VERTEX_POINT ( 'NONE', #2103 ) ;
#3600 = CYLINDRICAL_SURFACE ( 'NONE', #3120, 0.6914084874567998362 ) ;
#3601 = CARTESIAN_POINT ( 'NONE',  ( 1.352550000000000141, -7.667187497832120613, -5.599999999999999645 ) ) ;
#3602 = CARTESIAN_POINT ( 'NONE',  ( -0.7382030388933039644, -7.667187498916057109, -3.817820211718748968 ) ) ;
#3603 = CARTESIAN_POINT ( 'NONE',  ( 1.782179788281250010, -1.069140623916059907, -5.599999999999999645 ) ) ;
#3604 = VECTOR ( 'NONE', #3973, 1000.000000000000000 ) ;
#3605 = CARTESIAN_POINT ( 'NONE',  ( -1.260191413587264053, -7.022265623916049471, -6.860191413587270581 ) ) ;
#3606 = CARTESIAN_POINT ( 'NONE',  ( 1.782179788281250010, -1.763671873916059951, -5.599999999999999645 ) ) ;
#3607 = EDGE_CURVE ( 'NONE', #3308, #3962, #3144, .T. ) ;
#3608 = ORIENTED_EDGE ( 'NONE', *, *, #2856, .F. ) ;
#3609 = SHAPE_DEFINITION_REPRESENTATION ( #4072, #893 ) ;
#3610 = CARTESIAN_POINT ( 'NONE',  ( 1.260191413587278042, -1.962109373916059996, -4.339808586412725155 ) ) ;
#3611 = ORIENTED_EDGE ( 'NONE', *, *, #2187, .F. ) ;
#3612 = CARTESIAN_POINT ( 'NONE',  ( -1.782179788281233135, -4.591406248916048760, -6.338203038893288621 ) ) ;
#3613 = CARTESIAN_POINT ( 'NONE',  ( -0.9563972768938640012, -6.575781250000000355, -4.643602723106139862 ) ) ;
#3614 = LINE ( 'NONE', #2720, #2814 ) ;
#3615 = PLANE ( 'NONE',  #2674 ) ;
#3616 = CARTESIAN_POINT ( 'NONE',  ( 1.260191413587280040, -7.419140623916060662, -4.339808586412725155 ) ) ;
#3617 = CARTESIAN_POINT ( 'NONE',  ( 0.5602445537877306370, -4.343359372832120258, -6.952550000000002228 ) ) ;
#3618 = CARTESIAN_POINT ( 'NONE',  ( -1.782179788281251120, -9.450113764055354082, -6.293394920972068540 ) ) ;
#3619 = AXIS2_PLACEMENT_3D ( 'NONE', #3761, #3223, #406 ) ;
#3620 = DIRECTION ( 'NONE',  ( 0.000000000000000000, 0.000000000000000000, 1.000000000000000000 ) ) ;
#3621 = CARTESIAN_POINT ( 'NONE',  ( 1.782179788281250010, -6.526171873916060129, -5.599999999999999645 ) ) ;
#3622 = VERTEX_POINT ( 'NONE', #509 ) ;
#3623 = CYLINDRICAL_SURFACE ( 'NONE', #2742, 1.199999999999999734 ) ;
#3624 = CARTESIAN_POINT ( 'NONE',  ( 0.7382030388933061849, -4.392968748916064037, -3.817820211718748968 ) ) ;
#3625 =( BOUNDED_SURFACE ( )  B_SPLINE_SURFACE ( 1, 2, ( 
 ( #1905, #3826, #3431, #966, #357, #3784, #68, #2207, #1244, #3126, #3470, #1883, #49, #3512, #2228, #1264, #634, #1863, #940, #3149, #313, #2171, #27, #3104, #1944, #3189, #2820, #1579, #989, #3491, #336, #11, #658, #2517, #611, #2496, #288, #1598, #2803, #1560, #4069, #3763, #3170, #2858, #2837, #1308, #918, #675, #2248, #2580, #380, #1286, #1640, #2882, #3847, #2188, #3447, #2537, #3802, #2345, #2899, #2644, #773, #2290, #3866, #2979, #3555, #82, #1989, #397, #3590, #2602, #127, #2918, #1388, #2046, #167, #2028, #1428, #1029, #2685, #3531, #1007, #2268, #1968, #3571, #695, #734, #459, #3210, #1717, #1675, #3271, #3907, #716, #436, #2958, #148, #1698, #2662, #3660, #252, #3404, #1449, #795, #3967, #3080, #514, #548, #327, #1513, #3641, #2763, #2067, #1490, #1470, #1589, #4003, #4024, #2446, #2108, #3357, #529, #2147, #1798, #3704, #569, #1608, #3815, #995, #404, #3518, #980, #3480, #1335, #1015, #682, #3502, #1317, #2845, #1628, #2827, #3854, #18, #2589, #1915, #666, #92, #1353, #1932, #2278, #56, #1952, #3197, #701, #1979, #3221, #2998, #121, #2975, #831, #1087, #1385, #1425, #2044, #3903, #188, #2342, #3946, #1714, #1734, #208, #3269, #2085, #491, #2401, #3587, #1467, #3980, #1066, #164, #749, #2722, #3017, #2104, #770, #2640, #3334, #1781, #1447, #2683, #1132, #2026, #2955, #456, #511, #1109, #1402, #2322, #2704, #2382, #2367, #3616, #3638, #144, #473, #3354, #3965, #3680, #1757, #2659, #3923, #1151, #526, #2935, #3658, #3293, #791, #2064, #811, #853, #3453, #1911, #3038, #1893, #3832, #4078, #227, #321, #926, #2740, #3155, #1252, #2824, #545, #619, #3174, #2123, #975, #2216, #1314, #2425, #361 ),
 ( #33, #3701, #1604, #3477, #644, #1293, #2842, #2545, #1170, #3999, #248, #1484, #3133, #2253, #1584, #3811, #2567, #343, #2235, #3498, #3770, #952, #1795, #3054, #993, #3375, #663, #15, #1625, #3515, #1813, #3789, #1567, #1271, #2523, #2807, #2503, #2194, #1929, #2865, #53, #1976, #1035, #2631, #2924, #421, #2331, #1949, #3578, #2945, #2295, #2671, #723, #3851, #1661, #1994, #401, #2651, #2036, #742, #3874, #3236, #3195, #3560, #1680, #2907, #680, #3894, #384, #464, #1725, #1349, #3603, #759, #3933, #2013, #1646, #89, #3538, #109, #1012, #1371, #3256, #2887, #1057, #1097, #2609, #73, #2312, #442, #1332, #1703, #132, #1394, #698, #3915, #3282, #2275, #1075, #2966, #154, #2585, #1413, #2354, #3218, #2392, #1436, #864, #3712, #1521, #1458, #781, #2751, #3386, #844, #3345, #4011, #2695, #3648, #3958, #1121, #501, #2987, #3366, #176, #2730, #2714, #3991, #557, #2771, #535, #1828, #2375, #258, #3305, #4032, #1200, #483, #521, #3624, #3028, #1182, #1745, #802, #1769, #2075, #1162, #3323, #3006, #3974, #3692, #1141, #220, #1477, #2416, #1928, #276, #577, #2786, #2861, #1866, #3472, #2454, #2541, #1847, #3806, #4051, #1267, #1221, #2474, #944, #969, #340, #3108, #293, #315, #3495, #4071, #1246, #1563, #2499, #922, #637, #2231, #659, #3848, #3828, #2626, #3573, #1031, #1970, #3869, #1642, #2902, #460, #2310, #754, #106, #677, #2582, #2564, #85, #1346, #1009, #1310, #3232, #990, #2326, #3594, #3213, #398, #129, #1368, #2604, #1657, #3891, #2291, #2271, #2883, #2250, #3534, #1945, #3513, #3191, #70, #737, #2008, #718, #1053, #381, #2647, #3250, #1720, #2031, #1990, #439, #1699, #2961, #1390, #3909, #417, #1676, #3275 ) ),
 .UNSPECIFIED., .F., .F., .F. ) 
 B_SPLINE_SURFACE_WITH_KNOTS ( ( 2, 2 ),
 ( 3, 2, 2, 2, 2, 2, 2, 2, 2, 2, 2, 2, 2, 2, 2, 2, 2, 2, 2, 2, 2, 2, 2, 2, 2, 2, 2, 2, 2, 2, 2, 2, 2, 2, 2, 2, 2, 2, 2, 2, 2, 2, 2, 2, 2, 2, 2, 2, 2, 2, 2, 2, 2, 2, 2, 2, 2, 2, 2, 2, 2, 2, 2, 2, 2, 2, 2, 2, 2, 2, 2, 2, 2, 2, 2, 2, 2, 2, 2, 2, 2, 2, 2, 2, 2, 2, 2, 2, 2, 2, 2, 2, 2, 2, 2, 2, 2, 2, 2, 2, 2, 2, 2, 2, 2, 2, 2, 2, 2, 2, 2, 2, 2, 2, 2, 2, 2, 2, 2, 2, 2, 3 ),
 ( 0.000000000000000000, 1.000000000000000000 ),
 ( 0.000000000000000000, 0.007812500000000000000, 0.01562500000000000000, 0.02343750000000000000, 0.03125000000000000000, 0.03906250000000000000, 0.04687500000000000000, 0.05468750000000000000, 0.06250000000000000000, 0.07031250000000000000, 0.07812500000000000000, 0.08593750000000000000, 0.09375000000000000000, 0.1015625000000000000, 0.1093750000000000000, 0.1171875000000000000, 0.1250000000000000000, 0.1328125000000000000, 0.1406250000000000000, 0.1484375000000000000, 0.1562500000000000000, 0.1640625000000000000, 0.1718750000000000000, 0.1796875000000000000, 0.1875000000000000000, 0.1953125000000000000, 0.2031250000000000000, 0.2109375000000000000, 0.2187500000000000000, 0.2265625000000000000, 0.2343750000000000000, 0.2421875000000000000, 0.2500000000000000000, 0.2578125000000000000, 0.2656250000000000000, 0.2734375000000000000, 0.2812500000000000000, 0.2890625000000000000, 0.2968750000000000000, 0.3046875000000000000, 0.3125000000000000000, 0.3203125000000000000, 0.3281250000000000000, 0.3359375000000000000, 0.3437500000000000000, 0.3515625000000000000, 0.3593750000000000000, 0.3671875000000000000, 0.3750000000000000000, 0.3828125000000000000, 0.3906250000000000000, 0.3984375000000000000, 0.4062500000000000000, 0.4140625000000000000, 0.4218750000000000000, 0.4296875000000000000, 0.4375000000000000000, 0.4453125000000000000, 0.4531250000000000000, 0.4609375000000000000, 0.4687500000000000000, 0.4765625000000000000, 0.4843750000000000000, 0.4921875000000000000, 0.5000000000000000000, 0.5078125000000000000, 0.5156250000000000000, 0.5234375000000000000, 0.5312500000000000000, 0.5390625000000000000, 0.5468750000000000000, 0.5546875000000000000, 0.5625000000000000000, 0.5703125000000000000, 0.5781250000000000000, 0.5859375000000000000, 0.5937500000000000000, 0.6015625000000000000, 0.6093750000000000000, 0.6171875000000000000, 0.6250000000000000000, 0.6328125000000000000, 0.6406250000000000000, 0.6484375000000000000, 0.6562500000000000000, 0.6640625000000000000, 0.6718750000000000000, 0.6796875000000000000, 0.6875000000000000000, 0.6953125000000000000, 0.7031250000000000000, 0.7109375000000000000, 0.7187500000000000000, 0.7265625000000000000, 0.7343750000000000000, 0.7421875000000000000, 0.7500000000000000000, 0.7578125000000000000, 0.7656250000000000000, 0.7734375000000000000, 0.7812500000000000000, 0.7890625000000000000, 0.7968750000000000000, 0.8046875000000000000, 0.8125000000000000000, 0.8203125000000000000, 0.8281250000000000000, 0.8359375000000000000, 0.8437500000000000000, 0.8515625000000000000, 0.8593750000000000000, 0.8671875000000000000, 0.8750000000000000000, 0.8828125000000000000, 0.8906250000000000000, 0.8984375000000000000, 0.9062500000000000000, 0.9140625000000000000, 0.9218750000000000000, 0.9296875000000000000, 0.9375000000000000000, 0.9448723532217860877 ),
 .UNSPECIFIED. ) 
 GEOMETRIC_REPRESENTATION_ITEM ( )  RATIONAL_B_SPLINE_SURFACE ( (
 ( 1.000000000000000000, 0.9238795325112869605, 1.000000000000000000, 0.9238795325112869605, 1.000000000000000000, 0.9238795325112869605, 1.000000000000000000, 0.9238795325112869605, 1.000000000000000000, 0.9238795325112869605, 1.000000000000000000, 0.9238795325112869605, 1.000000000000000000, 0.9238795325112869605, 1.000000000000000000, 0.9238795325112869605, 1.000000000000000000, 0.9238795325112869605, 1.000000000000000000, 0.9238795325112869605, 1.000000000000000000, 0.9238795325112869605, 1.000000000000000000, 0.9238795325112869605, 1.000000000000000000, 0.9238795325112869605, 1.000000000000000000, 0.9238795325112869605, 1.000000000000000000, 0.9238795325112869605, 1.000000000000000000, 0.9238795325112869605, 1.000000000000000000, 0.9238795325112869605, 1.000000000000000000, 0.9238795325112869605, 1.000000000000000000, 0.9238795325112869605, 1.000000000000000000, 0.9238795325112869605, 1.000000000000000000, 0.9238795325112869605, 1.000000000000000000, 0.9238795325112869605, 1.000000000000000000, 0.9238795325112869605, 1.000000000000000000, 0.9238795325112869605, 1.000000000000000000, 0.9238795325112869605, 1.000000000000000000, 0.9238795325112869605, 1.000000000000000000, 0.9238795325112869605, 1.000000000000000000, 0.9238795325112869605, 1.000000000000000000, 0.9238795325112869605, 1.000000000000000000, 0.9238795325112869605, 1.000000000000000000, 0.9238795325112869605, 1.000000000000000000, 0.9238795325112869605, 1.000000000000000000, 0.9238795325112869605, 1.000000000000000000, 0.9238795325112869605, 1.000000000000000000, 0.9238795325112869605, 1.000000000000000000, 0.9238795325112869605, 1.000000000000000000, 0.9238795325112869605, 1.000000000000000000, 0.9238795325112869605, 1.000000000000000000, 0.9238795325112869605, 1.000000000000000000, 0.9238795325112869605, 1.000000000000000000, 0.9238795325112869605, 1.000000000000000000, 0.9238795325112869605, 1.000000000000000000, 0.9238795325112869605, 1.000000000000000000, 0.9238795325112869605, 1.000000000000000000, 0.9238795325112869605, 1.000000000000000000, 0.9238795325112869605, 1.000000000000000000, 0.9238795325112869605, 1.000000000000000000, 0.9238795325112869605, 1.000000000000000000, 0.9238795325112869605, 1.000000000000000000, 0.9238795325112869605, 1.000000000000000000, 0.9238795325112869605, 1.000000000000000000, 0.9238795325112869605, 1.000000000000000000, 0.9238795325112869605, 1.000000000000000000, 0.9238795325112869605, 1.000000000000000000, 0.9238795325112869605, 1.000000000000000000, 0.9238795325112869605, 1.000000000000000000, 0.9238795325112869605, 1.000000000000000000, 0.9238795325112869605, 1.000000000000000000, 0.9238795325112869605, 1.000000000000000000, 0.9238795325112869605, 1.000000000000000000, 0.9238795325112869605, 1.000000000000000000, 0.9238795325112869605, 1.000000000000000000, 0.9238795325112869605, 1.000000000000000000, 0.9238795325112869605, 1.000000000000000000, 0.9238795325112869605, 1.000000000000000000, 0.9238795325112869605, 1.000000000000000000, 0.9238795325112869605, 1.000000000000000000, 0.9238795325112869605, 1.000000000000000000, 0.9238795325112869605, 1.000000000000000000, 0.9238795325112869605, 1.000000000000000000, 0.9238795325112869605, 1.000000000000000000, 0.9238795325112869605, 1.000000000000000000, 0.9238795325112869605, 1.000000000000000000, 0.9238795325112869605, 1.000000000000000000, 0.9238795325112869605, 1.000000000000000000, 0.9238795325112869605, 1.000000000000000000, 0.9238795325112869605, 1.000000000000000000, 0.9238795325112869605, 1.000000000000000000, 0.9238795325112869605, 1.000000000000000000, 0.9238795325112869605, 1.000000000000000000, 0.9238795325112869605, 1.000000000000000000, 0.9238795325112869605, 1.000000000000000000, 0.9238795325112869605, 1.000000000000000000, 0.9238795325112869605, 1.000000000000000000, 0.9238795325112869605, 1.000000000000000000, 0.9238795325112869605, 1.000000000000000000, 0.9238795325112869605, 1.000000000000000000, 0.9238795325112869605, 1.000000000000000000, 0.9238795325112869605, 1.000000000000000000, 0.9238795325112869605, 1.000000000000000000, 0.9238795325112869605, 1.000000000000000000, 0.9238795325112869605, 1.000000000000000000, 0.9238795325112869605, 1.000000000000000000, 0.9238795325112869605, 1.000000000000000000, 0.9238795325112869605, 1.000000000000000000, 0.9238795325112869605, 1.000000000000000000, 0.9238795325112869605, 1.000000000000000000, 0.9238795325112869605, 1.000000000000000000, 0.9238795325112869605, 1.000000000000000000, 0.9238795325112869605, 1.000000000000000000, 0.9238795325112869605, 1.000000000000000000, 0.9238795325112869605, 1.000000000000000000, 0.9238795325112869605, 1.000000000000000000, 0.9238795325112869605, 1.000000000000000000, 0.9238795325112869605, 1.000000000000000000, 0.9238795325112869605, 1.000000000000000000, 0.9238795325112869605, 1.000000000000000000, 0.9238795325112869605, 1.000000000000000000, 0.9238795325112869605, 1.000000000000000000, 0.9238795325112869605, 1.000000000000000000, 0.9238795325112869605, 1.000000000000000000, 0.9238795325112869605, 1.000000000000000000, 0.9238795325112869605, 1.000000000000000000, 0.9238795325112869605, 1.000000000000000000, 0.9238795325112869605, 1.000000000000000000, 0.9238795325112869605, 1.000000000000000000, 0.9238795325112869605, 1.000000000000000000, 0.9238795325112869605, 1.000000000000000000, 0.9238795325112869605, 1.000000000000000000, 0.9238795325112869605, 1.000000000000000000, 0.9281680673620109623, 0.9919061520067889992),
 ( 1.000000000000000000, 0.9238795325112869605, 1.000000000000000000, 0.9238795325112869605, 1.000000000000000000, 0.9238795325112869605, 1.000000000000000000, 0.9238795325112869605, 1.000000000000000000, 0.9238795325112869605, 1.000000000000000000, 0.9238795325112869605, 1.000000000000000000, 0.9238795325112869605, 1.000000000000000000, 0.9238795325112869605, 1.000000000000000000, 0.9238795325112869605, 1.000000000000000000, 0.9238795325112869605, 1.000000000000000000, 0.9238795325112869605, 1.000000000000000000, 0.9238795325112869605, 1.000000000000000000, 0.9238795325112869605, 1.000000000000000000, 0.9238795325112869605, 1.000000000000000000, 0.9238795325112869605, 1.000000000000000000, 0.9238795325112869605, 1.000000000000000000, 0.9238795325112869605, 1.000000000000000000, 0.9238795325112869605, 1.000000000000000000, 0.9238795325112869605, 1.000000000000000000, 0.9238795325112869605, 1.000000000000000000, 0.9238795325112869605, 1.000000000000000000, 0.9238795325112869605, 1.000000000000000000, 0.9238795325112869605, 1.000000000000000000, 0.9238795325112869605, 1.000000000000000000, 0.9238795325112869605, 1.000000000000000000, 0.9238795325112869605, 1.000000000000000000, 0.9238795325112869605, 1.000000000000000000, 0.9238795325112869605, 1.000000000000000000, 0.9238795325112869605, 1.000000000000000000, 0.9238795325112869605, 1.000000000000000000, 0.9238795325112869605, 1.000000000000000000, 0.9238795325112869605, 1.000000000000000000, 0.9238795325112869605, 1.000000000000000000, 0.9238795325112869605, 1.000000000000000000, 0.9238795325112869605, 1.000000000000000000, 0.9238795325112869605, 1.000000000000000000, 0.9238795325112869605, 1.000000000000000000, 0.9238795325112869605, 1.000000000000000000, 0.9238795325112869605, 1.000000000000000000, 0.9238795325112869605, 1.000000000000000000, 0.9238795325112869605, 1.000000000000000000, 0.9238795325112869605, 1.000000000000000000, 0.9238795325112869605, 1.000000000000000000, 0.9238795325112869605, 1.000000000000000000, 0.9238795325112869605, 1.000000000000000000, 0.9238795325112869605, 1.000000000000000000, 0.9238795325112869605, 1.000000000000000000, 0.9238795325112869605, 1.000000000000000000, 0.9238795325112869605, 1.000000000000000000, 0.9238795325112869605, 1.000000000000000000, 0.9238795325112869605, 1.000000000000000000, 0.9238795325112869605, 1.000000000000000000, 0.9238795325112869605, 1.000000000000000000, 0.9238795325112869605, 1.000000000000000000, 0.9238795325112869605, 1.000000000000000000, 0.9238795325112869605, 1.000000000000000000, 0.9238795325112869605, 1.000000000000000000, 0.9238795325112869605, 1.000000000000000000, 0.9238795325112869605, 1.000000000000000000, 0.9238795325112869605, 1.000000000000000000, 0.9238795325112869605, 1.000000000000000000, 0.9238795325112869605, 1.000000000000000000, 0.9238795325112869605, 1.000000000000000000, 0.9238795325112869605, 1.000000000000000000, 0.9238795325112869605, 1.000000000000000000, 0.9238795325112869605, 1.000000000000000000, 0.9238795325112869605, 1.000000000000000000, 0.9238795325112869605, 1.000000000000000000, 0.9238795325112869605, 1.000000000000000000, 0.9238795325112869605, 1.000000000000000000, 0.9238795325112869605, 1.000000000000000000, 0.9238795325112869605, 1.000000000000000000, 0.9238795325112869605, 1.000000000000000000, 0.9238795325112869605, 1.000000000000000000, 0.9238795325112869605, 1.000000000000000000, 0.9238795325112869605, 1.000000000000000000, 0.9238795325112869605, 1.000000000000000000, 0.9238795325112869605, 1.000000000000000000, 0.9238795325112869605, 1.000000000000000000, 0.9238795325112869605, 1.000000000000000000, 0.9238795325112869605, 1.000000000000000000, 0.9238795325112869605, 1.000000000000000000, 0.9238795325112869605, 1.000000000000000000, 0.9238795325112869605, 1.000000000000000000, 0.9238795325112869605, 1.000000000000000000, 0.9238795325112869605, 1.000000000000000000, 0.9238795325112869605, 1.000000000000000000, 0.9238795325112869605, 1.000000000000000000, 0.9238795325112869605, 1.000000000000000000, 0.9238795325112869605, 1.000000000000000000, 0.9238795325112869605, 1.000000000000000000, 0.9238795325112869605, 1.000000000000000000, 0.9238795325112869605, 1.000000000000000000, 0.9238795325112869605, 1.000000000000000000, 0.9238795325112869605, 1.000000000000000000, 0.9238795325112869605, 1.000000000000000000, 0.9238795325112869605, 1.000000000000000000, 0.9238795325112869605, 1.000000000000000000, 0.9238795325112869605, 1.000000000000000000, 0.9238795325112869605, 1.000000000000000000, 0.9238795325112869605, 1.000000000000000000, 0.9238795325112869605, 1.000000000000000000, 0.9238795325112869605, 1.000000000000000000, 0.9238795325112869605, 1.000000000000000000, 0.9238795325112869605, 1.000000000000000000, 0.9238795325112869605, 1.000000000000000000, 0.9238795325112869605, 1.000000000000000000, 0.9238795325112869605, 1.000000000000000000, 0.9238795325112869605, 1.000000000000000000, 0.9238795325112869605, 1.000000000000000000, 0.9238795325112869605, 1.000000000000000000, 0.9238795325112869605, 1.000000000000000000, 0.9238795325112869605, 1.000000000000000000, 0.9238795325112869605, 1.000000000000000000, 0.9238795325112869605, 1.000000000000000000, 0.9238795325112869605, 1.000000000000000000, 0.9238795325112869605, 1.000000000000000000, 0.9238795325112869605, 1.000000000000000000, 0.9238795325112869605, 1.000000000000000000, 0.9238795325112869605, 1.000000000000000000, 0.9281680673620109623, 0.9919061520067889992) ) ) 
 REPRESENTATION_ITEM ( '' )  SURFACE ( )  );
#3626 = CARTESIAN_POINT ( 'NONE',  ( -1.260191413587278042, -0.6722656239160620384, -6.860191413587279463 ) ) ;
#3627 = ORIENTED_EDGE ( 'NONE', *, *, #3035, .F. ) ;
#3628 = CARTESIAN_POINT ( 'NONE',  ( 6.365000000000000213, -4.700000000000000178, 6.700000000000000178 ) ) ;
#3629 = CARTESIAN_POINT ( 'NONE',  ( 1.260191413587278042, -7.319921873916060306, -6.860191413587279463 ) ) ;
#3630 = CARTESIAN_POINT ( 'NONE',  ( 1.260191413587278042, 0.6175781260839390274, -6.860191413587279463 ) ) ;
#3631 = VERTEX_POINT ( 'NONE', #1712 ) ;
#3632 = FACE_OUTER_BOUND ( 'NONE', #382, .T. ) ;
#3633 = ADVANCED_FACE ( 'NONE', ( #2952 ), #768, .F. ) ;
#3634 = CARTESIAN_POINT ( 'NONE',  ( -1.260191413587264053, -4.641015623916049826, -6.860191413587270581 ) ) ;
#3635 = CARTESIAN_POINT ( 'NONE',  ( -1.352550000000000141, -5.087500000000000355, -5.599999999999999645 ) ) ;
#3636 = LINE ( 'NONE', #3037, #2101 ) ;
#3637 = CARTESIAN_POINT ( 'NONE',  ( -4.165000000000000036, -3.399999999999999911, 12.69999999999999929 ) ) ;
#3638 = CARTESIAN_POINT ( 'NONE',  ( 0.7382030388933072951, -7.468749998916066168, -3.817820211718748968 ) ) ;
#3639 = PLANE ( 'NONE',  #3928 ) ;
#3640 = CARTESIAN_POINT ( 'NONE',  ( 0.9563972768938659996, -4.392968747832120435, -6.556397276893870085 ) ) ;
#3641 = CARTESIAN_POINT ( 'NONE',  ( -1.782179788281249566, -2.904687498916061372, -4.861796961106697346 ) ) ;
#3642 = ORIENTED_EDGE ( 'NONE', *, *, #648, .T. ) ;
#3643 = VERTEX_POINT ( 'NONE', #3015 ) ;
#3644 = CARTESIAN_POINT ( 'NONE',  ( 6.767287489215109808, 7.470609992384459552, 12.69999999999999929 ) ) ;
#3645 = CARTESIAN_POINT ( 'NONE',  ( 1.782179788281249566, -7.369531248916060484, -4.861796961106697346 ) ) ;
#3646 = ORIENTED_EDGE ( 'NONE', *, *, #1538, .F. ) ;
#3647 = CARTESIAN_POINT ( 'NONE',  ( 1.100085723429927942, -3.150000000000003908, -6.813215594794283625 ) ) ;
#3648 = CARTESIAN_POINT ( 'NONE',  ( 1.260191413587278042, -3.351171873916060306, -6.860191413587279463 ) ) ;
#3649 = CARTESIAN_POINT ( 'NONE',  ( 4.415000000000000036, -3.399999999999999911, -12.69999999999999929 ) ) ;
#3650 = CARTESIAN_POINT ( 'NONE',  ( 1.782179788281249566, -1.714062498916062882, -6.338203038893299279 ) ) ;
#3651 = ORIENTED_EDGE ( 'NONE', *, *, #1586, .T. ) ;
#3652 = LINE ( 'NONE', #3032, #3401 ) ;
#3653 =( BOUNDED_CURVE ( )  B_SPLINE_CURVE ( 2, ( #3855, #1934, #386, #1590, #1664, #1016, #3563, #2526, #2569 ),
 .UNSPECIFIED., .F., .T. ) 
 B_SPLINE_CURVE_WITH_KNOTS ( ( 3, 2, 2, 2, 3 ),
 ( 0.06421471497716810251, 0.06477388199135439284, 0.06583590117728209401, 0.06689792036320969804, 0.06795993954913739921 ),
 .UNSPECIFIED. ) 
 CURVE ( )  GEOMETRIC_REPRESENTATION_ITEM ( )  RATIONAL_B_SPLINE_CURVE ( ( 0.9620467831818539928, 0.9599215766644090264, 1.000000000000000000, 0.9238795325112869605, 1.000000000000000000, 0.9238795325112869605, 1.000000000000000000, 0.9238795325112979517, 0.9999999999999890088 ) ) 
 REPRESENTATION_ITEM ( '' )  );
#3654 = CARTESIAN_POINT ( 'NONE',  ( -0.7382030388933050746, -0.5234374989160613945, -3.817820211718748968 ) ) ;
#3655 = CARTESIAN_POINT ( 'NONE',  ( -1.352549999999999031, -5.137109375000001421, -6.160244553787730837 ) ) ;
#3656 = CARTESIAN_POINT ( 'NONE',  ( 0.5067911230550908863, -8.149999999999995026, -7.156250696414625523 ) ) ;
#3657 = ADVANCED_FACE ( 'NONE', ( #1732 ), #161, .T. ) ;
#3658 = CARTESIAN_POINT ( 'NONE',  ( 1.782179788281249566, -8.064062498916060306, -6.338203038893299279 ) ) ;
#3659 = CARTESIAN_POINT ( 'NONE',  ( -1.352550000000000141, -6.476562497832119902, -5.599999999999999645 ) ) ;
#3660 = CARTESIAN_POINT ( 'NONE',  ( 1.673719865343969864E-16, -2.358984373916060306, -7.382179788281249877 ) ) ;
#3661 = VERTEX_POINT ( 'NONE', #1465 ) ;
#3662 = CARTESIAN_POINT ( 'NONE',  ( -0.9563972768938648894, 0.7664062521678780548, -4.643602723106139862 ) ) ;
#3663 = CARTESIAN_POINT ( 'NONE',  ( -0.7382030388933050746, -4.492187498916058175, -3.817820211718748968 ) ) ;
#3664 = PLANE ( 'NONE',  #1882 ) ;
#3665 = VECTOR ( 'NONE', #3822, 1000.000000000000000 ) ;
#3666 = LINE ( 'NONE', #820, #3050 ) ;
#3667 = ORIENTED_EDGE ( 'NONE', *, *, #1643, .T. ) ;
#3668 = CARTESIAN_POINT ( 'NONE',  ( 5.165000000000000036, -4.700000000000000178, 12.69999999999999929 ) ) ;
#3669 = LINE ( 'NONE', #199, #2625 ) ;
#3670 = CARTESIAN_POINT ( 'NONE',  ( 0.7382030388933061849, -3.499999998916060839, -3.817820211718748968 ) ) ;
#3671 = ORIENTED_EDGE ( 'NONE', *, *, #887, .T. ) ;
#3672 = CARTESIAN_POINT ( 'NONE',  ( 0.000000000000000000, 0.000000000000000000, 0.000000000000000000 ) ) ;
#3673 = CARTESIAN_POINT ( 'NONE',  ( -1.782179788281250010, -3.053515623916060129, -5.599999999999999645 ) ) ;
#3674 = ORIENTED_EDGE ( 'NONE', *, *, #1709, .F. ) ;
#3675 = PLANE ( 'NONE',  #2738 ) ;
#3676 = CARTESIAN_POINT ( 'NONE',  ( 0.5602445537877306370, -4.839453125000003908, -4.247449999999998838 ) ) ;
#3677 =( BOUNDED_CURVE ( )  B_SPLINE_CURVE ( 2, ( #1148, #2399, #3678, #3353, #3699, #2792, #852, #3420, #2141 ),
 .UNSPECIFIED., .F., .F. ) 
 B_SPLINE_CURVE_WITH_KNOTS ( ( 3, 2, 2, 2, 3 ),
 ( 0.08495016839722870083, 0.08601217183767000118, 0.08707417527811130153, 0.08813617871855269903, 0.08919818215899399938 ),
 .UNSPECIFIED. ) 
 CURVE ( )  GEOMETRIC_REPRESENTATION_ITEM ( )  RATIONAL_B_SPLINE_CURVE ( ( 1.000000000000055955, 0.9238795325112298951, 1.000000000000000000, 0.9238795325112869605, 1.000000000000000000, 0.9238795325112869605, 1.000000000000000000, 0.9238795325101619715, 1.000000000001123990 ) ) 
 REPRESENTATION_ITEM ( '' )  );
#3678 = CARTESIAN_POINT ( 'NONE',  ( -0.9563972768939119629, -5.186718750000040679, -6.556397276893920711 ) ) ;
#3679 = CARTESIAN_POINT ( 'NONE',  ( 0.5602445537877294157, 1.808203124999996581, -6.952550000000002228 ) ) ;
#3680 = CARTESIAN_POINT ( 'NONE',  ( -1.782179788281250010, -7.716796873916059951, -5.599999999999999645 ) ) ;
#3681 =( NAMED_UNIT ( * ) PLANE_ANGLE_UNIT ( ) SI_UNIT ( $, .RADIAN. ) );
#3682 = CARTESIAN_POINT ( 'NONE',  ( 1.352550000000000141, -5.285937497832120080, -5.599999999999999645 ) ) ;
#3683 = CARTESIAN_POINT ( 'NONE',  ( 9.843250000966769505E-16, -6.278124997832120080, -4.247449999999999726 ) ) ;
#3684 = CARTESIAN_POINT ( 'NONE',  ( -0.5602445537877306370, 1.312109377167877122, -6.952550000000002228 ) ) ;
#3685 = CARTESIAN_POINT ( 'NONE',  ( 1.782179788281249566, -5.087499998916056754, -4.861796961106696457 ) ) ;
#3686 = FACE_OUTER_BOUND ( 'NONE', #159, .T. ) ;
#3687 = EDGE_CURVE ( 'NONE', #1650, #1010, #3677, .T. ) ;
#3688 = DIRECTION ( 'NONE',  ( 0.000000000000000000, 0.000000000000000000, 1.000000000000000000 ) ) ;
#3689 = CARTESIAN_POINT ( 'NONE',  ( -5.165000000000000036, -4.700000000000000178, -12.69999999999999929 ) ) ;
#3690 = CARTESIAN_POINT ( 'NONE',  ( -0.9563972768938640012, -3.400781250000000089, -4.643602723106139862 ) ) ;
#3691 = DIRECTION ( 'NONE',  ( 0.000000000000000000, 0.000000000000000000, -1.000000000000000000 ) ) ;
#3692 = CARTESIAN_POINT ( 'NONE',  ( 1.260191413587278042, -4.938671873916060662, -6.860191413587279463 ) ) ;
#3693 = AXIS2_PLACEMENT_3D ( 'NONE', #2096, #3347, #536 ) ;
#3694 = ORIENTED_EDGE ( 'NONE', *, *, #3500, .F. ) ;
#3695 = CARTESIAN_POINT ( 'NONE',  ( -6.767287489215109808, 7.470609992384450670, -12.69999999999999929 ) ) ;
#3696 = ORIENTED_EDGE ( 'NONE', *, *, #914, .F. ) ;
#3697 = CARTESIAN_POINT ( 'NONE',  ( -1.850000000000000089, 7.521408487456800351, -12.69999999999999929 ) ) ;
#3698 = CARTESIAN_POINT ( 'NONE',  ( 0.9563972768938659996, -8.560156249999998579, -6.556397276893870085 ) ) ;
#3699 = CARTESIAN_POINT ( 'NONE',  ( 5.367504603336459697E-16, -5.285937500000040146, -6.952550000000000452 ) ) ;
#3700 = CARTESIAN_POINT ( 'NONE',  ( -0.9563972768938648894, 2.750781250000000178, -6.556397276893870085 ) ) ;
#3701 = CARTESIAN_POINT ( 'NONE',  ( -1.782179788281249566, 2.453125001083939161, -6.338203038893299279 ) ) ;
#3702 = CARTESIAN_POINT ( 'NONE',  ( 1.352550000000000141, -7.071874999999749889, -5.600000000002809841 ) ) ;
#3703 = CARTESIAN_POINT ( 'NONE',  ( 0.5602445537877316362, -7.816015622832114929, -4.247449999999998838 ) ) ;
#3704 = CARTESIAN_POINT ( 'NONE',  ( -0.7382030388933050746, -3.599218748916061639, -3.817820211718748968 ) ) ;
#3705 = DIRECTION ( 'NONE',  ( 0.000000000000000000, 0.000000000000000000, -1.000000000000000000 ) ) ;
#3706 = CARTESIAN_POINT ( 'NONE',  ( 1.782179788281249566, -5.782031248916056576, -6.338203038893300167 ) ) ;
#3707 = LINE ( 'NONE', #3968, #3529 ) ;
#3708 = CARTESIAN_POINT ( 'NONE',  ( -1.260191413587276044, -7.816015623916060306, -6.860191413587279463 ) ) ;
#3709 = ORIENTED_EDGE ( 'NONE', *, *, #2432, .T. ) ;
#3710 = CARTESIAN_POINT ( 'NONE',  ( -0.5602445537877294157, -3.351171875000002576, -4.247449999999998838 ) ) ;
#3711 = EDGE_CURVE ( 'NONE', #295, #1650, #2736, .T. ) ;
#3712 = CARTESIAN_POINT ( 'NONE',  ( 6.620278083690350397E-16, -2.855078123916060306, -3.817820211718750301 ) ) ;
#3713 = EDGE_LOOP ( 'NONE', ( #796, #2033, #1463, #2546 ) ) ;
#3714 = EDGE_CURVE ( 'NONE', #281, #1068, #3774, .T. ) ;
#3715 = CARTESIAN_POINT ( 'NONE',  ( -0.7382030388933050746, -3.202343748916057997, -7.382179788281247212 ) ) ;
#3716 = ORIENTED_EDGE ( 'NONE', *, *, #1614, .F. ) ;
#3717 = CARTESIAN_POINT ( 'NONE',  ( 1.352550000000000141, -7.865624999999999645, -5.599999999999999645 ) ) ;
#3718 = CARTESIAN_POINT ( 'NONE',  ( 0.5602445537877283055, -4.839453124999992362, -4.247450000000004167 ) ) ;
#3719 = CARTESIAN_POINT ( 'NONE',  ( -1.352550000000001473, 2.006640624999998401, -6.160244553787730837 ) ) ;
#3720 = SURFACE_STYLE_FILL_AREA ( #2444 ) ;
#3721 = CARTESIAN_POINT ( 'NONE',  ( 0.5602445537877316362, -8.609765622832123100, -4.247449999999998838 ) ) ;
#3722 = ORIENTED_EDGE ( 'NONE', *, *, #3574, .T. ) ;
#3723 = CARTESIAN_POINT ( 'NONE',  ( 1.782179788281249566, -5.881249998916064925, -4.861796961106697346 ) ) ;
#3724 = CARTESIAN_POINT ( 'NONE',  ( -0.7382030388933039644, -6.377343748916063149, -7.382179788281247212 ) ) ;
#3725 = CARTESIAN_POINT ( 'NONE',  ( -1.352550000000000141, -4.095312497832120258, -5.599999999999999645 ) ) ;
#3726 = CARTESIAN_POINT ( 'NONE',  ( 1.260191413587280040, -9.006640623916061017, -4.339808586412725155 ) ) ;
#3727 = CARTESIAN_POINT ( 'NONE',  ( -3.747354264323059958, -3.149999999999999911, 12.69999999999999929 ) ) ;
#3728 = CARTESIAN_POINT ( 'NONE',  ( 1.352550000000000141, -2.309374999999999734, -5.599999999999999645 ) ) ;
#3729 = EDGE_CURVE ( 'NONE', #2294, #3752, #3094, .T. ) ;
#3730 = ORIENTED_EDGE ( 'NONE', *, *, #939, .F. ) ;
#3731 = CARTESIAN_POINT ( 'NONE',  ( -1.782179788281249566, -4.690624998916059774, -6.338203038893299279 ) ) ;
#3732 = ORIENTED_EDGE ( 'NONE', *, *, #3711, .F. ) ;
#3733 = FACE_OUTER_BOUND ( 'NONE', #2385, .T. ) ;
#3734 = EDGE_CURVE ( 'NONE', #278, #2583, #2424, .T. ) ;
#3735 = CARTESIAN_POINT ( 'NONE',  ( 0.5602445537877586146, -5.633203125000043165, -4.247449999999934001 ) ) ;
#3736 = VECTOR ( 'NONE', #4056, 1000.000000000000000 ) ;
#3737 = CARTESIAN_POINT ( 'NONE',  ( -1.352549999999999031, 0.4191406249999982125, -6.160244553787730837 ) ) ;
#3738 = CARTESIAN_POINT ( 'NONE',  ( 7.228229953412930112E-16, -6.873437500000000533, -6.952550000000000452 ) ) ;
#3739 = AXIS2_PLACEMENT_3D ( 'NONE', #950, #617, #3749 ) ;
#3740 = CARTESIAN_POINT ( 'NONE',  ( -0.5602445537877294157, -6.625390622832116883, -6.952550000000002228 ) ) ;
#3741 = CARTESIAN_POINT ( 'NONE',  ( 0.9563972768938659996, -9.155468747832120613, -6.556397276893870085 ) ) ;
#3742 = FACE_OUTER_BOUND ( 'NONE', #1140, .T. ) ;
#3743 = CARTESIAN_POINT ( 'NONE',  ( -2.861798175467434907E-16, 1.510546876083940004, -7.382179788281249877 ) ) ;
#3744 = LINE ( 'NONE', #3445, #2734 ) ;
#3745 = CARTESIAN_POINT ( 'NONE',  ( -1.782179788281250010, -7.716796873916059951, -5.599999999999999645 ) ) ;
#3746 = CARTESIAN_POINT ( 'NONE',  ( -0.8470363399125259152, -8.149999999999989697, -4.545523380359911769 ) ) ;
#3747 = LINE ( 'NONE', #1600, #438 ) ;
#3748 = ORIENTED_EDGE ( 'NONE', *, *, #2182, .F. ) ;
#3749 = DIRECTION ( 'NONE',  ( 1.000000000000000000, 0.000000000000000000, 0.000000000000000000 ) ) ;
#3750 = CARTESIAN_POINT ( 'NONE',  ( -0.7382030388933050746, -3.698437498916062882, -3.817820211718748968 ) ) ;
#3751 = CIRCLE ( 'NONE', #1515, 1.352550000000000141 ) ;
#3752 = VERTEX_POINT ( 'NONE', #583 ) ;
#3753 = CARTESIAN_POINT ( 'NONE',  ( -1.352550000000000141, -7.468750000000000000, -5.599999999999999645 ) ) ;
#3754 = CARTESIAN_POINT ( 'NONE',  ( -8.149999999999998579, -7.900000000000000355, 12.69999999999999929 ) ) ;
#3755 = CARTESIAN_POINT ( 'NONE',  ( -2.075396796969435027E-16, 1.064062499999997913, -6.952550000000000452 ) ) ;
#3756 = EDGE_CURVE ( 'NONE', #1118, #3929, #3396, .T. ) ;
#3757 = DIRECTION ( 'NONE',  ( 0.000000000000000000, -1.000000000000000000, 0.000000000000000000 ) ) ;
#3758 = CARTESIAN_POINT ( 'NONE',  ( -0.5602445537877294157, -7.121484372832126652, -4.247449999999998838 ) ) ;
#3759 = LINE ( 'NONE', #1304, #2852 ) ;
#3760 = CARTESIAN_POINT ( 'NONE',  ( -1.782179788281249566, -6.972656248916058175, -4.861796961106697346 ) ) ;
#3761 = CARTESIAN_POINT ( 'NONE',  ( 7.900000000000000355, -7.900000000000000355, 12.69999999999999929 ) ) ;
#3762 = DIRECTION ( 'NONE',  ( 0.000000000000000000, -1.000000000000000000, 0.000000000000000000 ) ) ;
#3763 = CARTESIAN_POINT ( 'NONE',  ( 1.782179788281249566, 0.5679687510839377396, -4.861796961106697346 ) ) ;
#3764 = ORIENTED_EDGE ( 'NONE', *, *, #2479, .F. ) ;
#3765 = CARTESIAN_POINT ( 'NONE',  ( 7.458591512543200075, 7.458591512543200075, 12.69999999999999929 ) ) ;
#3766 = DIRECTION ( 'NONE',  ( -3.247836733012930114E-15, -1.000000000000000000, 0.000000000000000000 ) ) ;
#3767 = CARTESIAN_POINT ( 'NONE',  ( 1.782179788281249566, -4.194531248916061550, -4.861796961106697346 ) ) ;
#3768 = ORIENTED_EDGE ( 'NONE', *, *, #317, .F. ) ;
#3769 = DIRECTION ( 'NONE',  ( 1.000000000000000000, 0.000000000000000000, 0.000000000000000000 ) ) ;
#3770 = CARTESIAN_POINT ( 'NONE',  ( -2.861798175467434907E-16, 1.510546876083940004, -7.382179788281249877 ) ) ;
#3771 = ORIENTED_EDGE ( 'NONE', *, *, #3807, .F. ) ;
#3772 = CARTESIAN_POINT ( 'NONE',  ( 1.782179788281233135, -4.988281248916051958, -4.861796961106700898 ) ) ;
#3773 = CARTESIAN_POINT ( 'NONE',  ( -1.352549999999999031, -6.724609375000003553, -6.160244553787730837 ) ) ;
#3774 = LINE ( 'NONE', #3998, #2630 ) ;
#3775 = CARTESIAN_POINT ( 'NONE',  ( 1.352550000000000141, 0.07187499999999859279, -5.599999999999999645 ) ) ;
#3776 = ORIENTED_EDGE ( 'NONE', *, *, #114, .T. ) ;
#3777 = CARTESIAN_POINT ( 'NONE',  ( 1.352549999998829966, -7.022265624999844746, -6.160244553788894351 ) ) ;
#3778 = DIRECTION ( 'NONE',  ( 1.000000000000000000, 0.000000000000000000, 0.000000000000000000 ) ) ;
#3779 = ADVANCED_FACE ( 'NONE', ( #279 ), #1570, .F. ) ;
#3780 = CARTESIAN_POINT ( 'NONE',  ( -0.9563972768938640012, -8.758593747832120968, -4.643602723106139862 ) ) ;
#3781 = CARTESIAN_POINT ( 'NONE',  ( -1.599999999999997646, -3.149999999999999467, -5.506048046920089867 ) ) ;
#3782 =( BOUNDED_CURVE ( )  B_SPLINE_CURVE ( 2, ( #2893, #3819, #2222, #369, #1043, #3565, #652, #3840, #1632 ),
 .UNSPECIFIED., .F., .F. ) 
 B_SPLINE_CURVE_WITH_KNOTS ( ( 3, 2, 2, 2, 3 ),
 ( 0.06795993954913739921, 0.06902195376631330148, 0.07008396798348930090, 0.07114598220066520318, 0.07220799641784120260 ),
 .UNSPECIFIED. ) 
 CURVE ( )  GEOMETRIC_REPRESENTATION_ITEM ( )  RATIONAL_B_SPLINE_CURVE ( ( 1.000000000000000000, 0.9238795325112759693, 1.000000000000000000, 0.9238795325112869605, 1.000000000000000000, 0.9238795325112869605, 1.000000000000000000, 0.9238795325112899581, 1.000000000000000000 ) ) 
 REPRESENTATION_ITEM ( '' )  );
#3783 = LINE ( 'NONE', #2449, #2855 ) ;
#3784 = CARTESIAN_POINT ( 'NONE',  ( 0.7382030388933039644, 2.353906251083938805, -7.382179788281247212 ) ) ;
#3785 = LINE ( 'NONE', #3432, #2280 ) ;
#3786 = UNCERTAINTY_MEASURE_WITH_UNIT (LENGTH_MEASURE( 1.000000000000000082E-05 ), #606, 'distance_accuracy_value', 'NONE');
#3787 = CARTESIAN_POINT ( 'NONE',  ( -6.336954265394150632, -3.149999999999999911, 12.69999999999999929 ) ) ;
#3788 = DIRECTION ( 'NONE',  ( -1.000000000000000000, -4.243104671853940479E-15, 0.000000000000000000 ) ) ;
#3789 = CARTESIAN_POINT ( 'NONE',  ( -1.782179788281249566, 0.9648437510839378284, -4.861796961106697346 ) ) ;
#3790 = VERTEX_POINT ( 'NONE', #263 ) ;
#3791 = CARTESIAN_POINT ( 'NONE',  ( 9.295070774425239147E-16, -5.137109373916049826, -3.817820211718764956 ) ) ;
#3792 = VECTOR ( 'NONE', #3466, 1000.000000000000000 ) ;
#3793 = CARTESIAN_POINT ( 'NONE',  ( 1.260191413587278042, 2.105859376083939694, -4.339808586412725155 ) ) ;
#3794 = VECTOR ( 'NONE', #1217, 1000.000000000000227 ) ;
#3795 = ORIENTED_EDGE ( 'NONE', *, *, #968, .F. ) ;
#3796 = DIRECTION ( 'NONE',  ( 1.000000000000000000, 0.000000000000000000, 0.000000000000000000 ) ) ;
#3797 = AXIS2_PLACEMENT_3D ( 'NONE', #3049, #3392, #262 ) ;
#3798 = PLANE ( 'NONE',  #1105 ) ;
#3799 = LINE ( 'NONE', #671, #3388 ) ;
#3800 = LINE ( 'NONE', #2225, #3175 ) ;
#3801 = DIRECTION ( 'NONE',  ( 0.000000000000000000, 0.000000000000000000, 1.000000000000000000 ) ) ;
#3802 = CARTESIAN_POINT ( 'NONE',  ( 1.260191413587278042, -0.2753906239160615055, -4.339808586412725155 ) ) ;
#3804 = CARTESIAN_POINT ( 'NONE',  ( 7.458591512543200075, 7.458591512543200075, -12.69999999999999929 ) ) ;
#3803 =( BOUNDED_CURVE ( )  B_SPLINE_CURVE ( 2, ( #2179, #1896, #3373, #3735, #1208, #889, #226, #4059, #603 ),
 .UNSPECIFIED., .F., .T. ) 
 B_SPLINE_CURVE_WITH_KNOTS ( ( 3, 2, 2, 2, 3 ),
 ( 0.08919818215899399938, 0.09025997218193240745, 0.09132176220487070450, 0.09238355222780909870, 0.09344534225074750677 ),
 .UNSPECIFIED. ) 
 CURVE ( )  GEOMETRIC_REPRESENTATION_ITEM ( )  RATIONAL_B_SPLINE_CURVE ( ( 0.9999999999988750110, 0.9238795325124119495, 1.000000000000000000, 0.9238795325112869605, 1.000000000000000000, 0.9238795325112869605, 1.000000000000000000, 0.9238795325107589385, 1.000000000000528022 ) ) 
 REPRESENTATION_ITEM ( '' )  );
#3805 = FACE_OUTER_BOUND ( 'NONE', #3130, .T. ) ;
#3806 = CARTESIAN_POINT ( 'NONE',  ( 0.7382030388933050746, -5.682812498916062438, -7.382179788281247212 ) ) ;
#3807 = EDGE_CURVE ( 'NONE', #1010, #1315, #3803, .T. ) ;
#3808 = ORIENTED_EDGE ( 'NONE', *, *, #3340, .T. ) ;
#3809 = CARTESIAN_POINT ( 'NONE',  ( -2.478591512543200093, 7.521408487456800351, 12.69999999999999929 ) ) ;
#3810 = DIRECTION ( 'NONE',  ( 0.000000000000000000, 0.000000000000000000, -1.000000000000000000 ) ) ;
#3811 = CARTESIAN_POINT ( 'NONE',  ( -1.782179788281249566, 1.758593751083938672, -4.861796961106697346 ) ) ;
#3812 = EDGE_LOOP ( 'NONE', ( #1461, #115, #1856, #76 ) ) ;
#3813 = CARTESIAN_POINT ( 'NONE',  ( 0.7382030388932985243, -5.583593748916046096, -7.382179788281236554 ) ) ;
#3814 = CARTESIAN_POINT ( 'NONE',  ( 0.7382030388933050746, 0.7664062510839383391, -7.382179788281247212 ) ) ;
#3815 = CARTESIAN_POINT ( 'NONE',  ( -1.782179788281250010, -3.748046873916060395, -5.599999999999999645 ) ) ;
#3816 = CARTESIAN_POINT ( 'NONE',  ( 1.352550000000000141, -3.698437497832119725, -5.599999999999999645 ) ) ;
#3817 = MECHANICAL_DESIGN_GEOMETRIC_PRESENTATION_REPRESENTATION (  '', ( #3546 ), #316 ) ;
#3818 = CARTESIAN_POINT ( 'NONE',  ( -1.352550000000000141, 1.262499999999999956, -5.599999999999999645 ) ) ;
#3819 = CARTESIAN_POINT ( 'NONE',  ( -1.352550000000952490, -3.549609375000506439, -6.160244553788041699 ) ) ;
#3820 = VECTOR ( 'NONE', #3452, 1000.000000000000000 ) ;
#3821 = CARTESIAN_POINT ( 'NONE',  ( -5.915000000000000036, -3.149999999999999911, 12.69999999999999929 ) ) ;
#3822 = DIRECTION ( 'NONE',  ( 0.000000000000000000, 0.000000000000000000, -1.000000000000000000 ) ) ;
#3823 = AXIS2_PLACEMENT_3D ( 'NONE', #3836, #1980, #1953 ) ;
#3824 = CARTESIAN_POINT ( 'NONE',  ( -0.7593844887936244126, -8.149999999999971934, -4.448760298454903506 ) ) ;
#3825 = CARTESIAN_POINT ( 'NONE',  ( 1.352550000000001473, -2.061328122832122300, -6.160244553787730837 ) ) ;
#3826 = CARTESIAN_POINT ( 'NONE',  ( -1.782179788281249566, 2.552343751083939960, -6.338203038893299279 ) ) ;
#3827 = CARTESIAN_POINT ( 'NONE',  ( -0.7382030388933039644, -9.254687498916059241, -3.817820211718748968 ) ) ;
#3828 = CARTESIAN_POINT ( 'NONE',  ( 1.260191413587280040, -6.724609373916059951, -4.339808586412725155 ) ) ;
#3829 = ADVANCED_FACE ( 'NONE', ( #1483 ), #4019, .T. ) ;
#3830 = ORIENTED_EDGE ( 'NONE', *, *, #3475, .T. ) ;
#3831 = CARTESIAN_POINT ( 'NONE',  ( -1.600000000000000089, -2.899999999999999911, -12.69999999999999929 ) ) ;
#3832 = CARTESIAN_POINT ( 'NONE',  ( -1.782179788281249566, -8.560156248916058530, -6.338203038893299279 ) ) ;
#3833 = CARTESIAN_POINT ( 'NONE',  ( 1.260191413587268050, -5.831640623916049648, -4.339808586412740254 ) ) ;
#3834 = CARTESIAN_POINT ( 'NONE',  ( 1.260191413587278042, 1.312109376083937962, -4.339808586412725155 ) ) ;
#3835 = EDGE_CURVE ( 'NONE', #3661, #3976, #1550, .T. ) ;
#3836 = CARTESIAN_POINT ( 'NONE',  ( -7.458591512543200075, 7.458591512543200075, 12.69999999999999929 ) ) ;
#3837 = CARTESIAN_POINT ( 'NONE',  ( 1.646053903183510240E-16, -2.110937499999999911, -6.952550000000000452 ) ) ;
#3838 = CARTESIAN_POINT ( 'NONE',  ( -0.7382030388933050746, 1.064062501083938628, -3.817820211718748968 ) ) ;
#3839 = VERTEX_POINT ( 'NONE', #2508 ) ;
#3840 = CARTESIAN_POINT ( 'NONE',  ( 1.352550000000875663, -3.847265625000513278, -6.160244553788122523 ) ) ;
#3841 = CARTESIAN_POINT ( 'NONE',  ( 1.260191413587265830, -3.251953123916050181, -6.860191413587270581 ) ) ;
#3842 = LINE ( 'NONE', #729, #2557 ) ;
#3843 = LINE ( 'NONE', #1939, #3986 ) ;
#3844 = CARTESIAN_POINT ( 'NONE',  ( 1.679796017846425293, -8.150000000000018119, -6.240145438739691741 ) ) ;
#3845 = CARTESIAN_POINT ( 'NONE',  ( 1.348755093089675894, -8.149999999999975486, -4.556975604219304365 ) ) ;
#3846 = CARTESIAN_POINT ( 'NONE',  ( -0.5602445537877306370, -0.7714843728321216787, -4.247449999999998838 ) ) ;
#3847 = CARTESIAN_POINT ( 'NONE',  ( 1.260191413587278042, -0.07695312391606169700, -6.860191413587279463 ) ) ;
#3848 = CARTESIAN_POINT ( 'NONE',  ( 1.782179788281249566, -6.674999998916060662, -4.861796961106697346 ) ) ;
#3849 = VERTEX_POINT ( 'NONE', #930 ) ;
#3850 = DIRECTION ( 'NONE',  ( -0.01738260385761315058, -0.9998489111276409602, 0.000000000000000000 ) ) ;
#3851 = CARTESIAN_POINT ( 'NONE',  ( 0.7382030388933050746, -0.1265624989160608893, -7.382179788281247212 ) ) ;
#3852 = CARTESIAN_POINT ( 'NONE',  ( -0.7382030388932976361, -7.865624998916048050, -7.382179788281236554 ) ) ;
#3853 = CARTESIAN_POINT ( 'NONE',  ( 1.782179788281250010, 2.205078126083940049, -5.599999999999999645 ) ) ;
#3854 = CARTESIAN_POINT ( 'NONE',  ( -1.260191413587276044, -4.442578123916060662, -4.339808586412725155 ) ) ;
#3855 = CARTESIAN_POINT ( 'NONE',  ( 1.260232849928653254, -3.149999999999999911, -5.108874082886366352 ) ) ;
#3856 = ORIENTED_EDGE ( 'NONE', *, *, #3579, .F. ) ;
#3857 = DIRECTION ( 'NONE',  ( -1.000000000000000000, 0.000000000000000000, 0.000000000000000000 ) ) ;
#3858 = EDGE_CURVE ( 'NONE', #2358, #3790, #245, .T. ) ;
#3859 = DIRECTION ( 'NONE',  ( 0.000000000000000000, 0.000000000000000000, 1.000000000000000000 ) ) ;
#3860 = FACE_OUTER_BOUND ( 'NONE', #1451, .T. ) ;
#3861 = CARTESIAN_POINT ( 'NONE',  ( 1.352549999999989483, -4.442578122832122389, -6.160244553787749489 ) ) ;
#3862 = CARTESIAN_POINT ( 'NONE',  ( 1.782179788281249566, -7.468749998916056398, -4.861796961106696457 ) ) ;
#3863 = DIRECTION ( 'NONE',  ( -1.000000000000000000, 0.000000000000000000, 0.000000000000000000 ) ) ;
#3864 = VECTOR ( 'NONE', #3382, 1000.000000000000000 ) ;
#3865 = CARTESIAN_POINT ( 'NONE',  ( 3.274188581959430126E-16, -3.499999997832119902, -6.952550000000000452 ) ) ;
#3866 = CARTESIAN_POINT ( 'NONE',  ( -1.782179788281250010, -0.5730468739160620162, -5.599999999999999645 ) ) ;
#3867 = VERTEX_POINT ( 'NONE', #3754 ) ;
#3868 = AXIS2_PLACEMENT_3D ( 'NONE', #1301, #2873, #39 ) ;
#3869 = CARTESIAN_POINT ( 'NONE',  ( -1.782179788281249566, -6.972656248916058175, -4.861796961106697346 ) ) ;
#3870 = AXIS2_PLACEMENT_3D ( 'NONE', #3804, #967, #2229 ) ;
#3871 = CARTESIAN_POINT ( 'NONE',  ( -1.782179788281249566, -6.079687498916065636, -4.861796961106697346 ) ) ;
#3872 = ORIENTED_EDGE ( 'NONE', *, *, #1995, .T. ) ;
#3873 = CARTESIAN_POINT ( 'NONE',  ( -3.982831157154784751, -3.149999999999999911, -12.69999999999999929 ) ) ;
#3874 = CARTESIAN_POINT ( 'NONE',  ( 3.829190058575634914E-16, -0.4738281239160609948, -3.817820211718750301 ) ) ;
#3875 = CARTESIAN_POINT ( 'NONE',  ( 1.260191413587268050, -6.625390623916049826, -4.339808586412740254 ) ) ;
#3876 = CARTESIAN_POINT ( 'NONE',  ( -0.7382030388933050746, -1.515624998916060617, -7.382179788281247212 ) ) ;
#3877 = CARTESIAN_POINT ( 'NONE',  ( -1.782179788281249566, -0.7218749989160617719, -6.338203038893299279 ) ) ;
#3878 = ORIENTED_EDGE ( 'NONE', *, *, #1094, .T. ) ;
#3879 = DIRECTION ( 'NONE',  ( 1.000000000000000000, 0.000000000000000000, 0.000000000000000000 ) ) ;
#3880 = CARTESIAN_POINT ( 'NONE',  ( -0.7382030388932985243, -4.392968748916056931, -3.817820211718765400 ) ) ;
#3881 = PRESENTATION_LAYER_ASSIGNMENT (  '', '', ( #3546 ) ) ;
#3882 = FACE_OUTER_BOUND ( 'NONE', #298, .T. ) ;
#3883 = EDGE_CURVE ( 'NONE', #2524, #739, #2197, .T. ) ;
#3884 = DIRECTION ( 'NONE',  ( 0.000000000000000000, 0.000000000000000000, -1.000000000000000000 ) ) ;
#3885 = CARTESIAN_POINT ( 'NONE',  ( 1.707728039888280369, -8.149999999920792604, -5.090265030101396526 ) ) ;
#3886 = VECTOR ( 'NONE', #3132, 1000.000000000000000 ) ;
#3887 = DIRECTION ( 'NONE',  ( 0.000000000000000000, 0.000000000000000000, -1.000000000000000000 ) ) ;
#3888 = AXIS2_PLACEMENT_3D ( 'NONE', #544, #1, #2122 ) ;
#3889 = CARTESIAN_POINT ( 'NONE',  ( 0.5602445537877306370, -0.6722656228321218785, -4.247449999999998838 ) ) ;
#3890 = EDGE_CURVE ( 'NONE', #3532, #1650, #1959, .T. ) ;
#3891 = CARTESIAN_POINT ( 'NONE',  ( 1.782179788281249566, -8.163281248916055333, -6.338203038893299279 ) ) ;
#3892 = CARTESIAN_POINT ( 'NONE',  ( 1.260191413587278042, -5.633203123916060484, -6.860191413587279463 ) ) ;
#3893 = ORIENTED_EDGE ( 'NONE', *, *, #2363, .T. ) ;
#3894 = CARTESIAN_POINT ( 'NONE',  ( -0.7382030388933050746, -0.8210937489160615721, -7.382179788281247212 ) ) ;
#3895 = CARTESIAN_POINT ( 'NONE',  ( 1.782179788281249566, -2.507812498916063948, -6.338203038893299279 ) ) ;
#3896 = ORIENTED_EDGE ( 'NONE', *, *, #2880, .F. ) ;
#3897 = CARTESIAN_POINT ( 'NONE',  ( 1.782179788281250010, -1.862890623916059862, -5.599999999999999645 ) ) ;
#3898 = ORIENTED_EDGE ( 'NONE', *, *, #2642, .F. ) ;
#3899 = CARTESIAN_POINT ( 'NONE',  ( 9.145477997229081129E-16, -5.682812500000000711, -4.247449999999999726 ) ) ;
#3900 = CARTESIAN_POINT ( 'NONE',  ( 1.352550000000000141, -4.690625000000060218, -5.599999999999369926 ) ) ;
#3901 = CARTESIAN_POINT ( 'NONE',  ( -3.340514801712094942E-16, 2.850000000000000089, -5.599999999999999645 ) ) ;
#3902 = CARTESIAN_POINT ( 'NONE',  ( 1.600000000000000089, -2.899999999999999911, 12.69999999999999929 ) ) ;
#3903 = CARTESIAN_POINT ( 'NONE',  ( 0.7382030388933050746, -5.583593748916054977, -7.382179788281247212 ) ) ;
#3904 = CARTESIAN_POINT ( 'NONE',  ( 0.6956651347372315719, -8.150000000000002132, -4.153498273339380376 ) ) ;
#3905 = EDGE_CURVE ( 'NONE', #1370, #2594, #2667, .T. ) ;
#3906 = CARTESIAN_POINT ( 'NONE',  ( 0.5602445537877306370, -3.053515622832120080, -4.247449999999998838 ) ) ;
#3907 = CARTESIAN_POINT ( 'NONE',  ( -0.7382030388933050746, -2.011718748916059063, -3.817820211718748968 ) ) ;
#3908 = ORIENTED_EDGE ( 'NONE', *, *, #3527, .T. ) ;
#3909 = CARTESIAN_POINT ( 'NONE',  ( -1.782179788281249566, -9.353906248916054267, -4.861796961106697346 ) ) ;
#3910 = ADVANCED_FACE ( 'NONE', ( #2613 ), #74, .T. ) ;
#3911 = CARTESIAN_POINT ( 'NONE',  ( 0.7382030388933072951, -6.674999998916060662, -3.817820211718748968 ) ) ;
#3912 = FACE_OUTER_BOUND ( 'NONE', #1689, .T. ) ;
#3913 = CARTESIAN_POINT ( 'NONE',  ( -0.9563972768938640012, -4.789843747832120080, -4.643602723106139862 ) ) ;
#3914 = CARTESIAN_POINT ( 'NONE',  ( 8.302553924991409768E-16, -8.014453123916061017, -7.382179788281249877 ) ) ;
#3915 = CARTESIAN_POINT ( 'NONE',  ( -1.782179788281249566, -2.210156248916061106, -4.861796961106697346 ) ) ;
#3916 = CARTESIAN_POINT ( 'NONE',  ( 7.433571903057319449E-17, -1.565234373916059907, -7.382179788281249877 ) ) ;
#3917 = ORIENTED_EDGE ( 'NONE', *, *, #4008, .T. ) ;
#3918 = CARTESIAN_POINT ( 'NONE',  ( 1.782179788281249566, -1.912499998916058708, -4.861796961106697346 ) ) ;
#3919 = VERTEX_POINT ( 'NONE', #93 ) ;
#3920 = CARTESIAN_POINT ( 'NONE',  ( 1.007584067226732028E-15, -6.476562500000000000, -4.247449999999999726 ) ) ;
#3921 = CARTESIAN_POINT ( 'NONE',  ( -0.6160041953250441349, -8.149999999999998579, -6.920979519867384688 ) ) ;
#3922 = CARTESIAN_POINT ( 'NONE',  ( 1.352550000000000141, -6.873437497832120435, -5.599999999999999645 ) ) ;
#3923 = CARTESIAN_POINT ( 'NONE',  ( -0.7382030388933039644, -7.865624998916059596, -7.382179788281247212 ) ) ;
#3924 = LINE ( 'NONE', #3295, #1886 ) ;
#3925 = CARTESIAN_POINT ( 'NONE',  ( 0.9563972768938659996, -4.591406247832120258, -4.643602723106139862 ) ) ;
#3926 = CARTESIAN_POINT ( 'NONE',  ( 0.9563972768938648894, 1.957031252167880098, -6.556397276893870085 ) ) ;
#3927 = DIRECTION ( 'NONE',  ( 1.000000000000000000, 0.000000000000000000, 0.000000000000000000 ) ) ;
#3928 = AXIS2_PLACEMENT_3D ( 'NONE', #793, #2741, #2343 ) ;
#3929 = VERTEX_POINT ( 'NONE', #2911 ) ;
#3930 = DIRECTION ( 'NONE',  ( 0.000000000000000000, 0.000000000000000000, -1.000000000000000000 ) ) ;
#3931 = CARTESIAN_POINT ( 'NONE',  ( 9.552700222439850891E-16, -8.149999999999998579, -5.599999999999999645 ) ) ;
#3932 = ADVANCED_FACE ( 'NONE', ( #1354 ), #2590, .F. ) ;
#3933 = CARTESIAN_POINT ( 'NONE',  ( 1.260191413587278042, -1.168359373916059818, -4.339808586412725155 ) ) ;
#3934 = AXIS2_PLACEMENT_3D ( 'NONE', #3809, #971, #662 ) ;
#3935 = CARTESIAN_POINT ( 'NONE',  ( 1.782179788281235133, -8.113671873916050714, -5.599999999999999645 ) ) ;
#3936 = CARTESIAN_POINT ( 'NONE',  ( -0.9563972768938648894, 0.5679687521678780104, -6.556397276893870085 ) ) ;
#3937 = CARTESIAN_POINT ( 'NONE',  ( 1.782179788281250010, -0.1761718739160615110, -5.599999999999999645 ) ) ;
#3938 = ORIENTED_EDGE ( 'NONE', *, *, #1765, .F. ) ;
#3939 = DIRECTION ( 'NONE',  ( 1.000000000000000000, 0.000000000000000000, 0.000000000000000000 ) ) ;
#3940 = CARTESIAN_POINT ( 'NONE',  ( 1.260191413587278042, -0.9699218739160608838, -6.860191413587279463 ) ) ;
#3941 = ORIENTED_EDGE ( 'NONE', *, *, #3208, .T. ) ;
#3942 = CARTESIAN_POINT ( 'NONE',  ( -1.352550000000000141, -5.087500000000000355, -5.599999999999999645 ) ) ;
#3943 = CARTESIAN_POINT ( 'NONE',  ( -1.352550000000000141, -5.881250000000000533, -5.599999999999999645 ) ) ;
#3944 = CARTESIAN_POINT ( 'NONE',  ( 0.1180451185586775947, -8.150000000000000355, -7.164042023817663640 ) ) ;
#3945 = CARTESIAN_POINT ( 'NONE',  ( 4.415000000000000036, -3.149999999999999911, -12.69999999999999929 ) ) ;
#3946 = CARTESIAN_POINT ( 'NONE',  ( 1.782179788281250010, -5.732421873916059951, -5.599999999999999645 ) ) ;
#3947 = VECTOR ( 'NONE', #1279, 1000.000000000000000 ) ;
#3948 = CARTESIAN_POINT ( 'NONE',  ( -1.352550000000000141, -4.095312497832120258, -5.599999999999999645 ) ) ;
#3949 = ORIENTED_EDGE ( 'NONE', *, *, #2306, .F. ) ;
#3950 = CARTESIAN_POINT ( 'NONE',  ( 1.352550000000001473, 1.014453127167877833, -5.039755446212264900 ) ) ;
#3951 = CIRCLE ( 'NONE', #703, 0.2500000000000002220 ) ;
#3952 = CARTESIAN_POINT ( 'NONE',  ( 0.7382030388933061849, -5.186718748916064214, -3.817820211718748968 ) ) ;
#3953 = ORIENTED_EDGE ( 'NONE', *, *, #3552, .F. ) ;
#3954 = DIRECTION ( 'NONE',  ( 0.000000000000000000, 0.000000000000000000, -1.000000000000000000 ) ) ;
#3955 = VECTOR ( 'NONE', #1507, 1000.000000000000000 ) ;
#3956 = CARTESIAN_POINT ( 'NONE',  ( -0.7382030388933039644, -7.071874998916062971, -7.382179788281247212 ) ) ;
#3957 = ORIENTED_EDGE ( 'NONE', *, *, #2880, .T. ) ;
#3958 = CARTESIAN_POINT ( 'NONE',  ( 1.782179788281249566, -3.400781248916060040, -6.338203038893299279 ) ) ;
#3959 = EDGE_CURVE ( 'NONE', #2006, #1186, #3653, .T. ) ;
#3960 = CARTESIAN_POINT ( 'NONE',  ( -1.260191413587276044, -2.061328123916060129, -4.339808586412725155 ) ) ;
#3961 = CARTESIAN_POINT ( 'NONE',  ( 1.782179788281249566, -1.118749998916059640, -4.861796961106697346 ) ) ;
#3962 = VERTEX_POINT ( 'NONE', #1275 ) ;
#3963 = CARTESIAN_POINT ( 'NONE',  ( 1.105747687093974418, -8.150000000000005684, -6.900989723472135573 ) ) ;
#3964 = CARTESIAN_POINT ( 'NONE',  ( 0.5602445537877294157, 2.601953124999997424, -6.952550000000002228 ) ) ;
#3965 = CARTESIAN_POINT ( 'NONE',  ( -1.782179788281249566, -7.667187498916057109, -4.861796961106697346 ) ) ;
#3966 = CARTESIAN_POINT ( 'NONE',  ( 6.065276607074140185E-16, -5.881249997832120435, -6.952550000000000452 ) ) ;
#3967 = CARTESIAN_POINT ( 'NONE',  ( 1.782179788281249566, -2.607031248916059418, -4.861796961106697346 ) ) ;
#3968 = CARTESIAN_POINT ( 'NONE',  ( 5.915000000000000036, -3.399999999999999911, 12.69999999999999929 ) ) ;
#3969 = PRODUCT ( 'Same_Sky_HSE19-361616P', 'Same_Sky_HSE19-361616P', '', ( #2395 ) ) ;
#3970 = CARTESIAN_POINT ( 'NONE',  ( 1.301652147457822139E-15, -8.312109373916058530, -3.817820211718750301 ) ) ;
#3971 = ORIENTED_EDGE ( 'NONE', *, *, #2953, .F. ) ;
#3972 = CARTESIAN_POINT ( 'NONE',  ( -0.5602445537877294157, -1.267578125000000222, -6.952550000000002228 ) ) ;
#3973 = DIRECTION ( 'NONE',  ( 0.000000000000000000, 0.000000000000000000, 1.000000000000000000 ) ) ;
#3974 = CARTESIAN_POINT ( 'NONE',  ( 0.7382030388933050746, -4.889062498916055155, -7.382179788281247212 ) ) ;
#3975 = CARTESIAN_POINT ( 'NONE',  ( 1.352550000000000141, -7.667187497832120613, -5.599999999999999645 ) ) ;
#3976 = VERTEX_POINT ( 'NONE', #1336 ) ;
#3977 = CARTESIAN_POINT ( 'NONE',  ( 1.782179788281249566, -2.706249998916060218, -4.861796961106697346 ) ) ;
#3978 = CARTESIAN_POINT ( 'NONE',  ( -0.9563972768938640012, -4.988281250000000000, -4.643602723106139862 ) ) ;
#3979 = CARTESIAN_POINT ( 'NONE',  ( 0.5602445537877306370, 2.304296875000000355, -4.247449999999998838 ) ) ;
#3980 = CARTESIAN_POINT ( 'NONE',  ( -1.260191413587276044, -6.228515623916059951, -6.860191413587279463 ) ) ;
#3981 = EDGE_CURVE ( 'NONE', #2040, #867, #2941, .T. ) ;
#3982 = CARTESIAN_POINT ( 'NONE',  ( 1.352550000000001473, -5.236328122832116350, -6.160244553787730837 ) ) ;
#3983 = DIRECTION ( 'NONE',  ( 0.000000000000000000, 0.000000000000000000, -1.000000000000000000 ) ) ;
#3984 = CARTESIAN_POINT ( 'NONE',  ( -1.782179788281250010, -4.641015623916060484, -5.599999999999999645 ) ) ;
#3985 = DIRECTION ( 'NONE',  ( 0.000000000000000000, 0.000000000000000000, 1.000000000000000000 ) ) ;
#3986 = VECTOR ( 'NONE', #3100, 1000.000000000000000 ) ;
#3987 = CARTESIAN_POINT ( 'NONE',  ( -0.7382030388933039644, -7.865624998916059596, -7.382179788281247212 ) ) ;
#3988 = VERTEX_POINT ( 'NONE', #3159 ) ;
#3989 = LINE ( 'NONE', #2965, #3192 ) ;
#3990 = VECTOR ( 'NONE', #1597, 1000.000000000000000 ) ;
#3991 = CARTESIAN_POINT ( 'NONE',  ( -1.782179788281249566, -3.797656248916063237, -4.861796961106697346 ) ) ;
#3992 = ORIENTED_EDGE ( 'NONE', *, *, #1936, .F. ) ;
#3993 = DIRECTION ( 'NONE',  ( 1.000000000000000000, 0.000000000000000000, 0.000000000000000000 ) ) ;
#3994 = CARTESIAN_POINT ( 'NONE',  ( 0.7382030388933061849, -3.599218748916061639, -3.817820211718748968 ) ) ;
#3995 = ORIENTED_EDGE ( 'NONE', *, *, #2260, .F. ) ;
#3996 = CARTESIAN_POINT ( 'NONE',  ( -5.915000000000000036, -3.763250300240245316, 12.69999999999999929 ) ) ;
#3997 = CARTESIAN_POINT ( 'NONE',  ( -1.352549999999999031, -8.212890624999998224, -5.039755446212264900 ) ) ;
#3998 = CARTESIAN_POINT ( 'NONE',  ( -3.747354264323059958, -3.149999999999999911, 12.69999999999999929 ) ) ;
#3999 = CARTESIAN_POINT ( 'NONE',  ( 1.782179788281249566, 2.056250001083941292, -4.861796961106697346 ) ) ;
#4000 = PRESENTATION_STYLE_ASSIGNMENT (( #3019 ) ) ;
#4001 = EDGE_CURVE ( 'NONE', #4035, #1313, #2092, .T. ) ;
#4002 = CARTESIAN_POINT ( 'NONE',  ( 5.134913932035909908E-16, -5.087499997832120258, -6.952550000000000452 ) ) ;
#4003 = CARTESIAN_POINT ( 'NONE',  ( 0.7382030388933050746, -3.202343748916063326, -7.382179788281247212 ) ) ;
#4004 = CARTESIAN_POINT ( 'NONE',  ( 1.352550000000000141, -6.079687497832120258, -5.599999999999999645 ) ) ;
#4005 = CARTESIAN_POINT ( 'NONE',  ( 0.9563972768938648894, 1.758593752167880053, -4.643602723106139862 ) ) ;
#4006 = CARTESIAN_POINT ( 'NONE',  ( 1.260191413587278042, -4.938671873916060662, -6.860191413587279463 ) ) ;
#4007 = CARTESIAN_POINT ( 'NONE',  ( -3.747354264323059958, -3.149999999999999911, -12.69999999999999929 ) ) ;
#4008 = EDGE_CURVE ( 'NONE', #2097, #3461, #2475, .T. ) ;
#4009 = CARTESIAN_POINT ( 'NONE',  ( 5.165000000000000036, -4.700000000000000178, 12.69999999999999929 ) ) ;
#4010 = CARTESIAN_POINT ( 'NONE',  ( 2.576416578221750131E-16, -2.904687500000000089, -6.952550000000000452 ) ) ;
#4011 = CARTESIAN_POINT ( 'NONE',  ( 2.720377874761984719E-16, -3.251953123916060395, -7.382179788281249877 ) ) ;
#4012 = AXIS2_PLACEMENT_3D ( 'NONE', #2657, #3332, #525 ) ;
#4013 = DIRECTION ( 'NONE',  ( 0.000000000000000000, 0.000000000000000000, -1.000000000000000000 ) ) ;
#4014 = ORIENTED_EDGE ( 'NONE', *, *, #1564, .T. ) ;
#4015 = VECTOR ( 'NONE', #1232, 1000.000000000000000 ) ;
#4016 = CARTESIAN_POINT ( 'NONE',  ( -1.782179788281249566, -3.797656248916063237, -4.861796961106697346 ) ) ;
#4017 = VERTEX_POINT ( 'NONE', #2548 ) ;
#4018 = CARTESIAN_POINT ( 'NONE',  ( 0.5602445537877306370, -6.923046875000005151, -6.952550000000002228 ) ) ;
#4019 = CYLINDRICAL_SURFACE ( 'NONE', #3281, 0.2500000000000002220 ) ;
#4020 = DIRECTION ( 'NONE',  ( 0.000000000000000000, 0.000000000000000000, -1.000000000000000000 ) ) ;
#4021 = DIRECTION ( 'NONE',  ( 0.000000000000000000, 0.000000000000000000, 1.000000000000000000 ) ) ;
#4022 =( NAMED_UNIT ( * ) SI_UNIT ( $, .STERADIAN. ) SOLID_ANGLE_UNIT ( ) );
#4023 = CARTESIAN_POINT ( 'NONE',  ( 0.5602445537877306370, -7.518359372832117415, -6.952550000000002228 ) ) ;
#4024 = CARTESIAN_POINT ( 'NONE',  ( 1.260191413587278042, -3.251953123916060395, -6.860191413587279463 ) ) ;
#4025 = EDGE_LOOP ( 'NONE', ( #3953, #131, #2629, #1874 ) ) ;
#4026 = LINE ( 'NONE', #3103, #2796 ) ;
#4027 = ADVANCED_FACE ( 'NONE', ( #2240 ), #1318, .T. ) ;
#4028 = CARTESIAN_POINT ( 'NONE',  ( -1.782179788281250010, -8.510546873916059241, -5.599999999999999645 ) ) ;
#4029 = FACE_OUTER_BOUND ( 'NONE', #2160, .T. ) ;
#4030 = CARTESIAN_POINT ( 'NONE',  ( 0.5602445537877306370, -4.045703125000002842, -4.247449999999998838 ) ) ;
#4031 = CARTESIAN_POINT ( 'NONE',  ( -8.149999999999998579, 7.458591512543200075, 12.69999999999999929 ) ) ;
#4032 = CARTESIAN_POINT ( 'NONE',  ( 1.782179788281249566, -4.194531248916061550, -6.338203038893299279 ) ) ;
#4033 = EDGE_CURVE ( 'NONE', #1502, #264, #903, .T. ) ;
#4034 = CARTESIAN_POINT ( 'NONE',  ( -0.7382030388933050746, -3.599218748916061639, -3.817820211718748968 ) ) ;
#4035 = VERTEX_POINT ( 'NONE', #805 ) ;
#4036 = CARTESIAN_POINT ( 'NONE',  ( 1.782179788281250010, -2.656640623916060484, -5.599999999999999645 ) ) ;
#4037 = CARTESIAN_POINT ( 'NONE',  ( 1.286692869738201999E-15, -8.857812499999999645, -4.247449999999999726 ) ) ;
#4038 = CARTESIAN_POINT ( 'NONE',  ( -1.352550000000000141, -5.087500000000000355, -5.599999999999999645 ) ) ;
#4039 = CYLINDRICAL_SURFACE ( 'NONE', #948, 0.2500000000000002220 ) ;
#4040 = SURFACE_SIDE_STYLE ('',( #3720 ) ) ;
#4041 = CARTESIAN_POINT ( 'NONE',  ( -0.9563972768938640012, -9.552343747832120258, -4.643602723106139862 ) ) ;
#4042 = ORIENTED_EDGE ( 'NONE', *, *, #1026, .F. ) ;
#4043 = CARTESIAN_POINT ( 'NONE',  ( 1.782179788281249566, -6.575781248916064747, -6.338203038893299279 ) ) ;
#4044 = CARTESIAN_POINT ( 'NONE',  ( -1.600000000000000089, -3.149999999999999911, 12.69999999999999929 ) ) ;
#4045 = CARTESIAN_POINT ( 'NONE',  ( 1.077361267600500077E-15, -7.071874997832120258, -4.247449999999999726 ) ) ;
#4046 = CARTESIAN_POINT ( 'NONE',  ( -0.7515576309732959759, -9.455118471928232182, -7.417374944267153047 ) ) ;
#4047 = EDGE_LOOP ( 'NONE', ( #254, #1166, #2500, #2821 ) ) ;
#4048 = CARTESIAN_POINT ( 'NONE',  ( 0.5602445537880671456, -8.014453125000462919, -4.247449999999187042 ) ) ;
#4049 = CARTESIAN_POINT ( 'NONE',  ( -1.352550000000000141, -2.706249999999999822, -5.599999999999999645 ) ) ;
#4050 = DIRECTION ( 'NONE',  ( 1.000000000000000000, 0.000000000000000000, 0.000000000000000000 ) ) ;
#4051 = CARTESIAN_POINT ( 'NONE',  ( 1.260191413587278042, -5.732421873916059951, -6.860191413587279463 ) ) ;
#4052 = ADVANCED_FACE ( 'NONE', ( #424 ), #3285, .T. ) ;
#4053 = EDGE_LOOP ( 'NONE', ( #2808, #112, #3651, #2840 ) ) ;
#4054 = CARTESIAN_POINT ( 'NONE',  ( 1.260191413587278042, -3.351171873916060306, -6.860191413587279463 ) ) ;
#4055 = ORIENTED_EDGE ( 'NONE', *, *, #714, .F. ) ;
#4056 = DIRECTION ( 'NONE',  ( 0.000000000000000000, -1.000000000000000000, 0.000000000000000000 ) ) ;
#4057 = VECTOR ( 'NONE', #3586, 1000.000000000000000 ) ;
#4058 = CARTESIAN_POINT ( 'NONE',  ( -0.5602445537877294157, -6.823828124999998579, -6.952550000000002228 ) ) ;
#4059 = CARTESIAN_POINT ( 'NONE',  ( -1.352550000003038155, -5.831640625000411582, -5.039755446215210988 ) ) ;
#4060 = CIRCLE ( 'NONE', #498, 0.2500000000000002220 ) ;
#4061 = CARTESIAN_POINT ( 'NONE',  ( -0.9563972768938648894, 1.163281250000000044, -6.556397276893870085 ) ) ;
#4062 = ORIENTED_EDGE ( 'NONE', *, *, #2285, .T. ) ;
#4063 = VECTOR ( 'NONE', #2520, 1000.000000000000000 ) ;
#4064 = CARTESIAN_POINT ( 'NONE',  ( -0.9563972768938640012, -7.964843747832119902, -4.643602723106139862 ) ) ;
#4065 = DIRECTION ( 'NONE',  ( 1.000000000000000000, 0.000000000000000000, 0.000000000000000000 ) ) ;
#4066 = CARTESIAN_POINT ( 'NONE',  ( -1.260191413587276044, -6.923046873916060662, -4.339808586412725155 ) ) ;
#4067 = DIRECTION ( 'NONE',  ( 1.000000000000000000, 0.000000000000000000, 0.000000000000000000 ) ) ;
#4068 = CARTESIAN_POINT ( 'NONE',  ( 0.5602445537877316362, -7.022265622832119192, -4.247449999999998838 ) ) ;
#4069 = CARTESIAN_POINT ( 'NONE',  ( 1.782179788281250010, 0.6175781260839379172, -5.599999999999999645 ) ) ;
#4070 = UNCERTAINTY_MEASURE_WITH_UNIT (LENGTH_MEASURE( 1.000000000000000082E-05 ), #2125, 'distance_accuracy_value', 'NONE');
#4071 = CARTESIAN_POINT ( 'NONE',  ( -1.782179788281249566, -6.278124998916055688, -6.338203038893299279 ) ) ;
#4072 = PRODUCT_DEFINITION_SHAPE ( 'NONE', 'NONE',  #1677 ) ;
#4073 = CIRCLE ( 'NONE', #2812, 1.199999999999999734 ) ;
#4074 = EDGE_LOOP ( 'NONE', ( #232, #2362, #828, #1957 ) ) ;
#4075 = CARTESIAN_POINT ( 'NONE',  ( 1.352550000000000141, -6.278124999998609290, -5.600000000015699975 ) ) ;
#4076 = CARTESIAN_POINT ( 'NONE',  ( -8.149999999999998579, -7.900000000000000355, 12.69999999999999929 ) ) ;
#4077 = AXIS2_PLACEMENT_3D ( 'NONE', #1002, #3548, #1921 ) ;
#4078 = CARTESIAN_POINT ( 'NONE',  ( -1.260191413587276044, -8.609765623916059596, -6.860191413587279463 ) ) ;
#4079 = ORIENTED_EDGE ( 'NONE', *, *, #3030, .F. ) ;
#4080 = EDGE_CURVE ( 'NONE', #221, #1160, #3553, .T. ) ;
ENDSEC;
END-ISO-10303-21;
